"quantity","value"
"n_births","31480"
"n_deaths","1487"
"n_person_period","209390"
"n_clusters","1148"
"n_districts","75"
"u5mr_first","63.8885436563674"
"u5mr_last","31.1877215815704"
"pct_decline","51.1841720022333"
"moran_pooled","0.281921716722176"
"moran_pooled_p","0.0001"
"scan_rr","1.63"
"scan_p","0.001"
"scan_districts","Achham, Bajhang, Bajura, Dailekh, Darchula, Humla, Jajarkot, Jumla, Kalikot, Mugu"
"best_inla","Type II"
"best_auc","0.814367479522981"
"best_model","Stacked ensemble"
"top_shap","Preceding birth interval (months); Maternal years of schooling; Household wealth index score; Maternal age at birth (years); Birth order"
