"Characteristic","Category","Births","Wt %","Deaths","U5MR"
"Sex of child","Female","15,094","48.1",682,"45.3"
"Sex of child","Male","16,386","51.9",805,"49.2"
"Type of birth","Multiple","   412","1.3",95,"211.2"
"Type of birth","Singleton","31,068","98.7",1392,"45.1"
"Birth order","1","11,272","36.5",563,"49.7"
"Birth order","2-3","14,017","44.8",535,"38.1"
"Birth order","4-5"," 4,360","13.1",234,"55.0"
"Birth order","6+"," 1,831","5.5",155,"85.7"
"Preceding birth interval","24-35 months"," 5,692","17.6",251,"45.4"
"Preceding birth interval","<24 months"," 4,585","14.5",387,"82.7"
"Preceding birth interval",">=36 months"," 9,877","31.2",280,"28.7"
"Preceding birth interval","First birth","11,326","36.7",569,"49.8"
"Maternal age at birth (years)","20-24","12,122","38.4",506,"42.0"
"Maternal age at birth (years)","25-29"," 7,438","24.1",302,"41.3"
"Maternal age at birth (years)","30-34"," 3,356","10.5",150,"44.8"
"Maternal age at birth (years)","35+"," 1,711","5.3",104,"61.8"
"Maternal age at birth (years)","<20"," 6,853","21.7",425,"61.0"
"Maternal education","None","12,839","40.9",783,"60.9"
"Maternal education","Primary"," 8,026","25.5",363,"46.0"
"Maternal education","Secondary or higher","10,615","33.5",341,"31.0"
"Caste/ethnicity","Brahmin/Chhetri","10,795","28.0",492,"41.0"
"Caste/ethnicity","Dalit"," 5,669","16.9",309,"60.2"
"Caste/ethnicity","Janajati"," 8,778","29.2",398,"44.4"
"Caste/ethnicity","Muslim"," 1,593","6.6",72,"50.3"
"Caste/ethnicity","Newar","   665","2.6",24,"38.3"
"Caste/ethnicity","Other","    59","0.2",3,"42.8"
"Caste/ethnicity","Terai/Madhesi other caste"," 3,921","16.4",189,"50.2"
"Maternal employment","Employed","19,723","57.9",929,"45.2"
"Maternal employment","Not employed","11,757","42.1",558,"50.0"
"Maternal exposure to mass media","No"," 6,570","22.0",346,"52.2"
"Maternal exposure to mass media","Yes","24,910","78.0",1141,"45.9"
"Household wealth quintile","Middle"," 5,962","21.0",251,"44.8"
"Household wealth quintile","Poorer"," 6,602","21.6",340,"56.0"
"Household wealth quintile","Poorest"," 9,901","24.5",598,"60.8"
"Household wealth quintile","Richer"," 5,153","18.6",206,"40.4"
"Household wealth quintile","Richest"," 3,862","14.4",92,"23.6"
"Place of residence","Rural","17,979","57.1",1004,"57.3"
"Place of residence","Urban","13,501","42.9",483,"34.1"
"Province","Bagmati"," 3,609","15.1",129,"31.3"
"Province","Gandaki"," 2,792","8.7",100,"40.9"
"Province","Karnali"," 4,482","7.1",241,"57.5"
"Province","Koshi"," 5,033","17.7",213,"41.0"
"Province","Lumbini"," 4,975","16.6",223,"45.8"
"Province","Madhesh"," 5,505","24.7",265,"53.5"
"Province","Sudurpashchim"," 5,084","10.1",316,"67.8"
"Drinking-water source","Improved","27,348","88.1",1257,"46.2"
"Drinking-water source","Not recorded"," 1,627","5.7",81,"55.9"
"Drinking-water source","Unimproved"," 2,505","6.3",149,"54.5"
"Sanitation facility","Improved","21,584","65.4",893,"39.1"
"Sanitation facility","Not recorded"," 1,627","5.7",81,"55.9"
"Sanitation facility","Unimproved"," 8,269","29.0",513,"64.4"
"Household electricity","No"," 5,375","15.6",346,"67.5"
"Household electricity","Not recorded"," 1,627","5.7",81,"55.9"
"Household electricity","Yes","24,478","78.7",1060,"42.7"
"Cooking fuel","Clean"," 6,472","23.4",173,"26.6"
"Cooking fuel","Not recorded"," 1,627","5.7",81,"55.9"
"Cooking fuel","Polluting","23,381","70.9",1233,"53.5"
"Sex of household head","Female"," 9,953","30.7",440,"43.8"
"Sex of household head","Male","21,527","69.3",1047,"48.9"
