"District","Province","Sampled births","Observed deaths","Raw U5MR","Posterior U5MR (95% CrI)","Relative risk","P(RR > 1.2)"
"Humla","Karnali",63,4,"63.2","68.2 (42.5-104.0)","2.19","0.99"
"Jajarkot","Karnali",107,7,"64.0","61.0 (41.1-87.5)","1.96","0.99"
"Bajhang","Sudurpashchim",92,4,"47.5","55.5 (35.9-80.9)","1.78","0.96"
"Dadeldhura","Sudurpashchim",34,4,"127.1","48.3 (29.6-74.7)","1.55","0.83"
"Darchula","Sudurpashchim",55,0,"0.0","47.7 (29.0-73.4)","1.53","0.82"
"Achham","Sudurpashchim",109,9,"77.5","46.5 (30.3-69.2)","1.49","0.82"
"Kailali","Sudurpashchim",177,9,"46.2","46.4 (32.0-65.3)","1.49","0.86"
"Mugu","Karnali",14,0,"0.0","43.5 (25.5-69.2)","1.39","0.68"
"Sarlahi","Madhesh",232,12,"55.1","42.8 (29.5-60.5)","1.37","0.74"
"Kalikot","Karnali",98,5,"48.9","41.1 (26.2-61.6)","1.32","0.62"
"Kapilbastu","Lumbini",113,5,"47.2","41.0 (26.7-60.2)","1.31","0.63"
"Panchthar","Koshi",45,4,"88.0","40.9 (24.2-65.2)","1.31","0.59"
"Dolpa","Karnali",16,0,"0.0","40.4 (23.3-64.9)","1.30","0.57"
"Rautahat","Madhesh",128,6,"54.2","40.2 (26.2-59.3)","1.29","0.59"
"Bara","Madhesh",172,11,"59.0","39.3 (26.1-57.3)","1.26","0.55"
