"Predictor","Block","Mean |SHAP|","Share of total (%)"
"Age segment","Baseline hazard","1.1635","50.2"
"Preceding birth interval (months)","Child and birth","0.2372","10.2"
"Maternal years of schooling","Maternal","0.1738","7.5"
"Household wealth index score","Household","0.1047","4.5"
"Maternal age at birth (years)","Maternal","0.0813","3.5"
"Birth order","Child and birth","0.0807","3.5"
"Province","Geographic context","0.0793","3.4"
"Place of residence","Household","0.0704","3.0"
"Birth period","Geographic context","0.0621","2.7"
"Altitude (km)","Geographic context","0.0508","2.2"
"Multiple birth","Child and birth","0.0358","1.5"
"Caste/ethnicity","Maternal","0.0324","1.4"
"Survey round","Geographic context","0.0302","1.3"
"Improved sanitation","Household","0.0256","1.1"
"Maternal employment","Maternal","0.0247","1.1"
"Sex of child","Child and birth","0.0131","0.6"
"Household electricity","Household","0.0120","0.5"
"Clean cooking fuel","Household","0.0107","0.5"
"Improved drinking water","Household","0.0097","0.4"
"Sex of household head","Household","0.0089","0.4"
"Maternal media exposure","Maternal","0.0087","0.4"
