"Term","Adjusted OR (95% CrI)","Posterior P(OR > 1)"
"Age segment: 1-2","0.19 (0.16-0.23)","0.000"
"Age segment: 3-5","0.14 (0.12-0.17)","0.000"
"Age segment: 6-11","0.15 (0.12-0.18)","0.000"
"Age segment: 12-23","0.10 (0.08-0.13)","0.000"
"Age segment: 24-35","0.06 (0.04-0.08)","0.000"
"Age segment: 36-47","0.04 (0.03-0.06)","0.000"
"Age segment: 48-59","0.03 (0.01-0.04)","0.000"
"Sex: Male","1.12 (1.01-1.24)","0.981"
"Birth type: Multiple","7.46 (5.91-9.42)","1.000"
"Birth order: 2-3","0.45 (0.37-0.53)","0.000"
"Birth order: 4-5","0.51 (0.40-0.65)","0.000"
"Birth order: 6+","0.64 (0.47-0.88)","0.003"
"Preceding birth interval: 24-35 months","1.44 (1.20-1.71)","1.000"
"Preceding birth interval: <24 months","2.78 (2.36-3.29)","1.000"
"Maternal age at birth: <20","1.27 (1.10-1.46)","0.999"
"Maternal age at birth: 25-29","1.06 (0.90-1.24)","0.763"
"Maternal age at birth: 30-34","0.98 (0.78-1.24)","0.443"
"Maternal age at birth: 35+","1.17 (0.88-1.56)","0.862"
"Maternal education: Primary","1.24 (1.05-1.46)","0.995"
"Maternal education: None","1.45 (1.23-1.72)","1.000"
"Wealth quintile: Richer","1.36 (1.04-1.78)","0.988"
"Wealth quintile: Middle","1.25 (0.93-1.67)","0.933"
"Wealth quintile: Poorer","1.49 (1.10-2.01)","0.995"
"Wealth quintile: Poorest","1.65 (1.19-2.29)","0.999"
"Caste/ethnicity: Terai/Madhesi other caste","1.14 (0.91-1.43)","0.869"
"Caste/ethnicity: Dalit","1.08 (0.92-1.27)","0.824"
"Caste/ethnicity: Newar","1.12 (0.73-1.72)","0.693"
"Caste/ethnicity: Janajati","1.05 (0.90-1.23)","0.730"
"Caste/ethnicity: Muslim","0.93 (0.69-1.27)","0.334"
"Caste/ethnicity: Other","1.35 (0.42-4.31)","0.692"
"Residence: Rural","1.25 (1.09-1.42)","0.999"
"Birth period: 2007-2011","0.89 (0.77-1.02)","0.048"
"Birth period: 2012-2016","0.74 (0.63-0.88)","0.000"
"Birth period: 2017-2022","0.58 (0.47-0.72)","0.000"
"Drinking water: Unimproved","0.96 (0.79-1.16)","0.333"
"Sanitation: Unimproved","1.03 (0.90-1.18)","0.657"
"Electricity: No","0.94 (0.80-1.10)","0.207"
"Cooking fuel: Polluting","1.21 (0.98-1.49)","0.961"
"Household environment: Not recorded","1.33 (0.99-1.79)","0.973"
"Media exposure: Yes","1.03 (0.90-1.18)","0.653"
"Maternal employment: Employed","0.86 (0.76-0.97)","0.006"
"Household head: Female","0.95 (0.85-1.07)","0.212"
"Altitude (per SD)","1.01 (0.93-1.10)","0.582"
