"Term","Main model","Births in the 5 years before interview","Adding children ever born and household size"
"Sex: Male","1.12 (1.01-1.24)","1.04 (0.88-1.22)","1.22 (1.10-1.36)"
"Birth type: Multiple","7.46 (5.91-9.42)","4.96 (3.31-7.43)","5.64 (4.43-7.17)"
"Birth order: 2-3","0.45 (0.37-0.53)","0.46 (0.35-0.60)","0.28 (0.24-0.34)"
"Birth order: 4-5","0.51 (0.40-0.65)","0.43 (0.29-0.64)","0.14 (0.11-0.19)"
"Birth order: 6+","0.64 (0.47-0.88)","0.60 (0.35-1.02)","0.04 (0.03-0.07)"
"Preceding birth interval: 24-35 months","1.44 (1.20-1.71)","1.55 (1.17-2.06)","1.36 (1.13-1.62)"
"Preceding birth interval: <24 months","2.78 (2.36-3.29)","2.70 (2.05-3.55)","2.49 (2.10-2.95)"
"Maternal age at birth: <20","1.27 (1.10-1.46)","1.28 (1.03-1.59)","1.29 (1.11-1.49)"
"Maternal age at birth: 25-29","1.06 (0.90-1.24)","0.95 (0.74-1.22)","1.00 (0.85-1.17)"
"Maternal age at birth: 30-34","0.98 (0.78-1.24)","0.97 (0.67-1.40)","0.89 (0.71-1.13)"
"Maternal age at birth: 35+","1.17 (0.88-1.56)","1.06 (0.65-1.75)","0.73 (0.54-1.00)"
"Maternal education: Primary","1.24 (1.05-1.46)","1.15 (0.91-1.46)","1.09 (0.93-1.29)"
"Maternal education: None","1.45 (1.23-1.72)","1.41 (1.10-1.81)","1.15 (0.97-1.37)"
"Wealth quintile: Richer","1.36 (1.04-1.78)","1.51 (0.99-2.31)","1.18 (0.90-1.55)"
"Wealth quintile: Middle","1.25 (0.93-1.67)","1.59 (1.01-2.50)","0.96 (0.71-1.28)"
"Wealth quintile: Poorer","1.49 (1.10-2.01)","2.10 (1.31-3.36)","0.99 (0.73-1.35)"
"Wealth quintile: Poorest","1.65 (1.19-2.29)","2.32 (1.39-3.85)","0.97 (0.70-1.35)"
"Caste/ethnicity: Terai/Madhesi other caste","1.14 (0.91-1.43)","1.24 (0.88-1.74)","1.12 (0.90-1.41)"
"Caste/ethnicity: Dalit","1.08 (0.92-1.27)","1.05 (0.81-1.35)","1.09 (0.92-1.28)"
"Caste/ethnicity: Newar","1.12 (0.73-1.72)","1.41 (0.77-2.58)","1.25 (0.81-1.92)"
"Caste/ethnicity: Janajati","1.05 (0.90-1.23)","0.96 (0.75-1.22)","1.15 (0.98-1.35)"
"Caste/ethnicity: Muslim","0.93 (0.69-1.27)","1.21 (0.78-1.88)","0.92 (0.67-1.25)"
"Caste/ethnicity: Other","1.35 (0.42-4.31)","2.88 (0.86-9.73)","1.47 (0.46-4.73)"
"Residence: Rural","1.25 (1.09-1.42)","1.09 (0.89-1.34)","1.30 (1.14-1.48)"
"Birth period: 2007-2011","0.89 (0.77-1.02)","1.12 (0.79-1.59)","1.14 (0.99-1.32)"
"Birth period: 2012-2016","0.74 (0.63-0.88)","0.76 (0.52-1.12)","1.06 (0.89-1.25)"
"Birth period: 2017-2022","0.58 (0.47-0.72)","0.68 (0.46-1.01)","1.10 (0.89-1.37)"
"Drinking water: Unimproved","0.96 (0.79-1.16)","0.99 (0.73-1.34)","1.01 (0.83-1.22)"
"Sanitation: Unimproved","1.03 (0.90-1.18)","0.97 (0.77-1.21)","1.06 (0.92-1.22)"
"Electricity: No","0.94 (0.80-1.10)","0.81 (0.63-1.04)","0.92 (0.79-1.08)"
"Cooking fuel: Polluting","1.21 (0.98-1.49)","1.16 (0.83-1.62)","1.53 (1.24-1.90)"
"Household environment: Not recorded","1.33 (0.99-1.79)","1.20 (0.78-1.83)","2.57 (1.91-3.46)"
"Media exposure: Yes","1.03 (0.90-1.18)","1.10 (0.88-1.36)","1.15 (1.01-1.32)"
"Maternal employment: Employed","0.86 (0.76-0.97)","0.91 (0.76-1.10)","0.88 (0.78-0.99)"
"Household head: Female","0.95 (0.85-1.07)","0.94 (0.78-1.14)","0.74 (0.65-0.84)"
"Altitude (per SD)","1.01 (0.93-1.10)","0.97 (0.86-1.10)","0.95 (0.88-1.04)"
"Children ever born (per SD)","-","-","2.85 (2.61-3.12)"
"Household size (per SD)","-","-","0.57 (0.53-0.62)"
