"dcode","district_code","district","belt"
10000,1,"Taplejung","Mountain"
20000,9,"Sankhuwasabha","Mountain"
30000,11,"Solukhumbu","Mountain"
40000,12,"Okhaldhunga","Hill"
50000,13,"Khotang","Hill"
60000,10,"Bhojpur","Hill"
70000,7,"Dhankuta","Hill"
80000,8,"Terhathum","Hill"
90000,2,"Panchthar","Hill"
100000,3,"Ilam","Hill"
110000,4,"Jhapa","Terai"
120000,5,"Morang","Terai"
130000,6,"Sunsari","Terai"
140000,14,"Udayapur","Hill"
150000,15,"Saptari","Terai"
160000,16,"Siraha","Terai"
170000,17,"Dhanusa","Terai"
180000,18,"Mahottari","Terai"
190000,19,"Sarlahi","Terai"
200000,32,"Rautahat","Terai"
210000,33,"Bara","Terai"
220000,34,"Parsa","Terai"
230000,22,"Dolakha","Mountain"
240000,23,"Sindhupalchok","Mountain"
250000,29,"Rasuwa","Mountain"
260000,30,"Dhading","Hill"
270000,28,"Nuwakot","Hill"
280000,27,"Kathmandu","Hill"
290000,26,"Bhaktapur","Hill"
300000,25,"Lalitpur","Hill"
310000,24,"Kavrepalanchok","Hill"
320000,21,"Ramechhap","Hill"
330000,20,"Sindhuli","Hill"
340000,31,"Makwanpur","Hill"
350000,35,"Chitawan","Terai"
360000,36,"Gorkha","Hill"
370000,41,"Manang","Mountain"
380000,42,"Mustang","Mountain"
390000,43,"Myagdi","Hill"
400000,40,"Kaski","Hill"
410000,37,"Lamjung","Hill"
420000,38,"Tanahu","Hill"
430000,76,"Nawalparasi (Bardaghat Susta East)","Terai"
440000,39,"Syangja","Hill"
450000,44,"Parbat","Hill"
460000,45,"Baglung","Hill"
470000,77,"Rukum (East)","Hill"
480000,53,"Rolpa","Hill"
490000,52,"Pyuthan","Hill"
500000,46,"Gulmi","Hill"
510000,51,"Arghakhanchi","Hill"
520000,47,"Palpa","Hill"
530000,48,"Nawalparasi (Bardaghat Susta West)","Terai"
540000,49,"Rupandehi","Terai"
550000,50,"Kapilbastu","Terai"
560000,56,"Dang","Terai"
570000,57,"Banke","Terai"
580000,58,"Bardiya","Terai"
590000,62,"Dolpa","Mountain"
600000,65,"Mugu","Mountain"
610000,66,"Humla","Mountain"
620000,63,"Jumla","Mountain"
630000,64,"Kalikot","Mountain"
640000,60,"Dailekh","Hill"
650000,61,"Jajarkot","Hill"
660000,54,"Rukum (West)","Hill"
670000,55,"Salyan","Hill"
680000,59,"Surkhet","Hill"
690000,67,"Bajura","Mountain"
700000,68,"Bajhang","Mountain"
710000,75,"Darchula","Mountain"
720000,74,"Baitadi","Hill"
730000,73,"Dadeldhura","Hill"
740000,70,"Doti","Hill"
750000,69,"Achham","Hill"
760000,71,"Kailali","Terai"
770000,72,"Kanchanpur","Terai"
910000,78,"Rukum","Hill"
920000,79,"Nawalparasi","Terai"
