"dcode","district","province","births","deaths","expected","crude","u5mr_eb","smr"
10000,"Taplejung","Koshi",263,11,14.0250960724766,41.8250950570342,44.5081963805573,0.784308352909383
20000,"Sankhuwasabha","Koshi",398,21,20.3417076023935,52.7638190954774,50.7365947352641,1.03236170780122
30000,"Solukhumbu","Koshi",202,12,10.0861012971532,59.4059405940594,52.859553789913,1.18975604611338
40000,"Okhaldhunga","Koshi",119,6,5.24300192304619,50.4201680672269,48.4027039065013,1.14438256709889
50000,"Khotang","Koshi",259,15,11.4552764209889,57.9150579150579,52.8336598369149,1.30944024820879
60000,"Bhojpur","Koshi",201,6,9.6129725735295,29.8507462686567,39.4602002235221,0.62415657114447
70000,"Dhankuta","Koshi",137,4,6.0614512337655,29.1970802919708,40.8435610364846,0.659907973476365
80000,"Terhathum","Koshi",125,4,5.96992293818997,32,42.1760033496951,0.670025399224461
90000,"Panchthar","Koshi",222,18,10.4269117224554,81.0810810810811,63.4929580855179,1.72630213807557
100000,"Ilam","Koshi",269,18,12.5461070487293,66.9144981412639,57.6626566395478,1.43470798791113
110000,"Jhapa","Koshi",656,26,28.3224566791329,39.6341463414634,41.7360377060869,0.917999462213177
120000,"Morang","Koshi",908,27,40.6159175823051,29.7356828193833,33.4659921924654,0.66476400404562
130000,"Sunsari","Koshi",846,29,37.2246401517825,34.2789598108747,37.2084148764628,0.779053870816569
140000,"Udayapur","Koshi",401,16,19.0374902163159,39.9002493765586,42.7342542640961,0.840446919115808
150000,"Saptari","Madhesh",583,18,25.0998116974026,30.8747855917667,35.738166365734,0.717136854132762
160000,"Siraha","Madhesh",663,27,26.6158985035956,40.7239819004525,42.5174664422177,1.01443128047518
170000,"Dhanusha","Madhesh",735,34,31.1591013327376,46.2585034013605,46.5454782088756,1.09117396027971
180000,"Mahottari","Madhesh",661,35,27.751045108688,52.9500756429652,51.4626935322181,1.2612137619654
190000,"Sarlahi","Madhesh",892,49,36.371539260869,54.932735426009,53.3238561386068,1.34720721189597
200000,"Rautahat","Madhesh",563,31,23.3355709029564,55.0621669626998,52.7574254065431,1.32844403631336
210000,"Bara","Madhesh",750,37,30.8275523249693,49.3333333333333,48.8639008977504,1.20022503278768
220000,"Parsa","Madhesh",638,34,29.2897939495774,53.2915360501567,51.6711790652006,1.16081390188443
230000,"Dolakha","Bagmati",232,11,11.0859020235969,47.4137931034483,47.4139336788459,0.992251237345048
240000,"Sindhupalchok","Bagmati",401,18,19.9729624826704,44.8877805486284,45.8406264058902,0.901218335317944
250000,"Rasuwa","Bagmati",102,7,4.85382125099476,68.6274509803922,53.6887996763481,1.44216270810661
260000,"Dhading","Bagmati",300,17,12.8485589806071,56.6666666666667,52.52752781337,1.32310557360237
270000,"Nuwakot","Bagmati",170,5,6.6187523498638,29.4117647058824,40.0010086793168,0.755429382412667
280000,"Kathmandu","Bagmati",636,15,28.9764336879568,23.5849056603774,30.1693088710346,0.517662047770713
290000,"Bhaktapur","Bagmati",139,2,6.75796866265433,14.3884892086331,35.3918043451179,0.295946918347274
300000,"Lalitpur","Bagmati",107,2,4.39303978128299,18.6915887850467,38.6291261457048,0.455265624618564
310000,"Kabhrepalanchok","Bagmati",218,4,9.06015578790274,18.348623853211,33.6646186948503,0.441493512213207
320000,"Ramechhap","Bagmati",205,12,10.0100108654104,58.5365853658537,52.5054554104831,1.19879989755716
330000,"Sindhuli","Bagmati",321,17,13.7083387252863,52.9595015576324,50.5711531933183,1.24012109276538
340000,"Makawanpur","Bagmati",402,11,18.5733340842458,27.363184079602,34.9140958223015,0.592246925086561
350000,"Chitawan","Bagmati",365,8,17.045192838591,21.9178082191781,32.1038423651364,0.469340539338909
360000,"Gorkha","Gandaki",245,11,10.7707130155173,44.8979591836735,46.1504377816096,1.02128800425305
370000,"Manang","Gandaki",0,0,0,0,47.4140679803584,0
380000,"Mustang","Gandaki",12,1,0.443420396338409,83.3333333333333,49.1054617942682,2.25519621618132
390000,"Myagdi","Gandaki",138,6,6.32412542757342,43.4782608695652,45.9878931308328,0.948747786348415
400000,"Kaski","Gandaki",491,10,22.3113677911811,20.3665987780041,29.3170085937738,0.448202014936649
410000,"Lamjung","Gandaki",192,9,8.37096308669257,46.875,47.1760458089995,1.07514510657769
420000,"Tanahu","Gandaki",368,10,15.9678904915657,27.1739130434783,35.2203624593808,0.626256799874852
430000,"Nawalparasi_e","Gandaki",491,20,22.2159742974677,40.7331975560081,42.9439969389976,0.900253112116703
440000,"Syangja","Gandaki",289,5,12.7237923696857,17.3010380622837,31.0506868459268,0.392964601647576
450000,"Parbat","Gandaki",154,6,6.47457773380191,38.961038961039,44.1337195260271,0.926701361337547
460000,"Baglung","Gandaki",401,22,17.788723503823,54.8628428927681,52.0533706894785,1.23673854367751
470000,"Rukum_e","Lumbini",0,0,0,0,47.4140679803584,0
480000,"Rolpa","Lumbini",344,24,15.6962806103875,69.7674418604651,60.5174498609789,1.52902465212792
490000,"Pyuthan","Lumbini",298,10,13.7970719104523,33.5570469798658,39.7788919983761,0.724791467704408
500000,"Gulmi","Lumbini",209,7,8.23954562392917,33.4928229665072,40.9747222566645,0.849561410239747
510000,"Arghakhanchi","Lumbini",223,8,9.996038956973,35.8744394618834,41.8899632078611,0.800317009010793
520000,"Palpa","Lumbini",139,2,5.83008835766687,14.3884892086331,35.3918043451179,0.343047974113445
530000,"Nawalparasi_w","Lumbini",365,12,16.5113288600628,32.8767123287671,38.6845446322529,0.726773726191436
540000,"Rupandehi","Lumbini",814,34,36.376297610878,41.7690417690418,43.0661433848058,0.934674560993051
550000,"Kapilbastu","Lumbini",659,41,28.4713802547753,62.2154779969651,58.2299026289105,1.44004258427631
560000,"Dang","Lumbini",746,30,35.6057037569548,40.2144772117962,41.982545870558,0.842561635764331
570000,"Banke","Lumbini",697,33,32.065192457895,47.3457675753228,47.3634152196986,1.02915334262635
580000,"Bardiya","Lumbini",468,22,21.6715641154945,47.008547008547,47.147081899831,1.01515515367304
590000,"Dolpa","Karnali",128,11,5.87982367497861,85.9375,60.7109823376293,1.87080439959622
600000,"Mugu","Karnali",192,13,9.11154217569763,67.7083333333333,56.3748767863978,1.42676176538739
610000,"Humla","Karnali",221,25,9.1323169421482,113.122171945701,78.7213245658557,2.73753091995942
620000,"Jumla","Karnali",353,19,15.3745263874344,53.8243626062323,51.211802473631,1.23581042571358
630000,"Kalikot","Karnali",420,23,18.6375203866553,54.7619047619048,52.0699448134399,1.23406974333712
640000,"Dailekh","Karnali",754,45,33.3022123518812,59.6816976127321,56.6932026224958,1.3512615775948
650000,"Jajarkot","Karnali",521,48,21.1907913772808,92.1305182341651,77.9143504683504,2.26513484774627
660000,"Rukum_w","Karnali",363,11,14.7743674648329,30.3030303030303,37.1616439226797,0.744532720347119
670000,"Salyan","Karnali",465,14,19.2327062633566,30.1075268817204,36.0448801523915,0.727926679079672
680000,"Surkhet","Karnali",1050,32,47.0902748508635,30.4761904761905,33.657686074469,0.679545831943964
690000,"Bajura","Sudurpashchim",262,14,11.7604979183052,53.4351145038168,50.5388617136094,1.19042578785793
700000,"Bajhang","Sudurpashchim",514,50,22.8759589997402,97.2762645914397,81.2775548999636,2.18570071753354
710000,"Darchula","Sudurpashchim",326,24,14.088099515434,73.6196319018405,62.4324315618276,1.70356547905608
720000,"Baitadi","Sudurpashchim",455,16,20.5699848899869,35.1648351648352,39.4273976801182,0.777832365243424
730000,"Dadeldhura","Sudurpashchim",356,28,17.3371962394921,78.6516853932584,65.9843563585558,1.61502469102929
740000,"Doti","Sudurpashchim",541,29,24.9446550155386,53.6044362292052,51.686621505408,1.16257370494542
750000,"Achham","Sudurpashchim",612,36,28.0726735010376,58.8235294117647,55.5823893686307,1.28238587602529
760000,"Kailali","Sudurpashchim",1187,77,54.2071094643834,64.8694187026116,61.9048727423975,1.42047788123793
770000,"Kanchanpur","Sudurpashchim",810,42,36.8502320186903,51.8518518518519,50.8282735896312,1.1397485904213
