"dcode","district","province","period","births","deaths","expected","expected_crude","pmonths","u5mr","imr","nnmr","smr","crude_rate","period_num","dist_id"
10000,"Taplejung","Koshi","2002-2006",121,7,7.66792586533454,5.64699357411387,6848,56.3949915485337,40.2821368203813,32.225709456305,0.912893541608934,57.8512396694215,1,1
10000,"Taplejung","Koshi","2007-2011",108,4,5.15524402190857,4.64512373722401,3167,33.8030940619761,22.196424948706,7.18158758730469,0.77590895464908,37.037037037037,2,1
10000,"Taplejung","Koshi","2012-2016",22,0,0.839187795151359,1.00485523083461,991,0,0,0,0,0,3,1
10000,"Taplejung","Koshi","2017-2022",12,0,0.362738390082153,0.532273436941396,416,0,0,0,0,0,4,1
20000,"Sankhuwasabha","Koshi","2002-2006",168,7,10.687143376567,7.86968803636388,9586.5,35.777756167729,35.777756167729,25.5236347372603,0.654992616207286,41.6666666666667,1,2
20000,"Sankhuwasabha","Koshi","2007-2011",147,7,6.86304871061495,6.17163077862205,4232,56.3937446210175,56.3937446210175,31.2053089450914,1.0199548764929,47.6190476190476,2,2
20000,"Sankhuwasabha","Koshi","2012-2016",57,6,2.04930020724749,2.45942763794427,2234.5,118.490033213281,86.192327479688,51.8305133240025,2.92782871869167,105.263157894737,3,2
20000,"Sankhuwasabha","Koshi","2017-2022",26,1,0.742215307964035,1.08002528296208,714.5,41.4908152775161,41.4908152775161,41.4908152775161,1.34731794031989,38.4615384615385,4,2
30000,"Solukhumbu","Koshi","2002-2006",78,5,4.93315675558552,3.63422053974062,4369.5,64.1025641025641,51.2820512820513,25.6410256410257,1.01354979128502,64.1025641025641,1,3
30000,"Solukhumbu","Koshi","2007-2011",74,3,3.50187262445991,3.15731108189584,2330,25.0609479162902,25.0609479162902,16.5401083888952,0.856684500471425,40.5405405405405,2,3
30000,"Solukhumbu","Koshi","2012-2016",28,2,1.02995598123925,1.2313691290567,1175,52.0247243874938,52.0247243874938,52.0247243874938,1.94183056016976,71.4285714285714,3,3
30000,"Solukhumbu","Koshi","2017-2022",22,2,0.621115935868533,0.910199988237995,679,90.7632275898858,90.7632275898858,90.7632275898858,3.22001076530634,90.9090909090909,4,3
40000,"Okhaldhunga","Koshi","2002-2006",27,2,1.70298464655361,1.25404381867928,1491,72.4361532956704,36.2180766478352,36.2180766478352,1.17440870887913,74.0740740740741,1,4
40000,"Okhaldhunga","Koshi","2007-2011",35,1,1.68759281708546,1.52602792254434,1339.5,24.8713368783214,24.8713368783214,24.8713368783214,0.592560000182413,28.5714285714286,2,4
40000,"Okhaldhunga","Koshi","2012-2016",30,3,1.0547753050768,1.26571276551573,1133.5,95.1740901443924,95.1740901443924,95.1740901443924,2.84420765784005,100,3,4
40000,"Okhaldhunga","Koshi","2017-2022",27,0,0.79764915433033,1.16247778126056,796,0,0,0,0,0,4,4
50000,"Khotang","Koshi","2002-2006",53,6,3.1946146267771,2.35652381375163,2808.5,112.203379499757,112.203379499757,93.5028162497977,1.87816081154462,113.207547169811,1,5
50000,"Khotang","Koshi","2007-2011",83,4,4.04766497346212,3.67684984876755,3538,48.4063851538902,48.4063851538902,37.1587268885448,0.988224081346992,48.1927710843374,2,5
50000,"Khotang","Koshi","2012-2016",80,2,2.94802253883853,3.53406589158665,3131,22.6661385507847,22.6661385507847,14.2884237982969,0.67842086471563,25,3,5
50000,"Khotang","Koshi","2017-2022",43,3,1.26497428191117,1.85093308071095,1352,97.3520460278796,97.3520460278796,20.2118835358702,2.3715897175929,69.7674418604651,4,5
60000,"Bhojpur","Koshi","2002-2006",58,3,3.71191788425034,2.7336653317934,3316.5,52.2720989158941,34.8480659439294,17.4240329719647,0.808207534096859,51.7241379310345,1,6
60000,"Bhojpur","Koshi","2007-2011",68,2,3.27876937130907,2.97053896441505,2546,23.8056716090409,23.8056716090409,23.8056716090409,0.609984958838836,29.4117647058824,2,6
60000,"Bhojpur","Koshi","2012-2016",49,0,1.88132178620436,2.2511423393293,2251,0,0,0,0,0,3,6
60000,"Bhojpur","Koshi","2017-2022",26,1,0.740963531765718,1.07690974157258,677.5,54.6238020366594,54.6238020366594,54.6238020366594,1.34959408544304,38.4615384615385,4,6
70000,"Dhankuta","Koshi","2002-2006",24,1,1.51920069003877,1.11826165625884,1376.5,57.5120607889227,57.5120607889227,57.5120607889227,0.658240880587329,41.6666666666667,1,7
70000,"Dhankuta","Koshi","2007-2011",41,0,2.00339661046055,1.81299953835481,1574,0,0,0,0,0,2,7
70000,"Dhankuta","Koshi","2012-2016",48,2,1.83297154473794,2.19415563393784,2187.5,33.4694235838879,33.4694235838879,0,1.0911244125647,41.6666666666667,3,7
70000,"Dhankuta","Koshi","2017-2022",24,1,0.705882388528242,1.03096278008711,699.5,44.455607907177,0,0,1.41666659524541,41.6666666666667,4,7
80000,"Terhathum","Koshi","2002-2006",36,1,2.30276901975395,1.69455094310491,2096.5,27.6610362115375,27.6610362115375,27.6610362115375,0.434259793935759,27.7777777777778,1,8
80000,"Terhathum","Koshi","2007-2011",48,1,2.30420839722796,2.08216753887562,1564.5,20.25627408201,20.25627408201,20.25627408201,0.433988523435222,20.8333333333333,2,8
80000,"Terhathum","Koshi","2012-2016",22,1,0.81260269271547,0.972498583492694,877.5,29.1524222133233,29.1524222133233,29.1524222133233,1.23061369223169,45.4545454545455,3,8
80000,"Terhathum","Koshi","2017-2022",19,1,0.550342828492591,0.809426545418663,630.5,35.4559007201268,35.4559007201268,35.4559007201268,1.81704920683537,52.6315789473684,4,8
90000,"Panchthar","Koshi","2002-2006",84,7,5.2658515375067,3.8807494960224,4600.5,82.2395176019461,58.7425125728187,35.2455075436913,1.32931966466233,83.3333333333333,1,9
90000,"Panchthar","Koshi","2007-2011",49,6,2.19033260505807,1.96668941697837,1267.5,136.159179269236,136.159179269236,116.848768679313,2.73930999618249,122.448979591837,2,9
90000,"Panchthar","Koshi","2012-2016",44,1,1.66877724698063,1.99778240121554,2085.5,14.7095367079938,14.7095367079938,14.7095367079938,0.599241152052697,22.7272727272727,3,9
90000,"Panchthar","Koshi","2017-2022",45,4,1.30195033290999,1.8915478523736,1194.5,87.9653248468063,87.9653248468063,16.7977362766968,3.07231381942167,88.8888888888889,4,9
100000,"Ilam","Koshi","2002-2006",62,8,3.7759820934346,2.78825391452053,3235,128.408518024343,128.408518024343,64.2042590121717,2.11865411488836,129.032258064516,1,10
100000,"Ilam","Koshi","2007-2011",113,6,5.55270004150443,5.04643683508044,4677,51.2065998546356,51.2065998546356,23.6179767918712,1.08055539740165,53.0973451327434,2,10
100000,"Ilam","Koshi","2012-2016",69,3,2.48953835370205,2.98420363141777,2510.5,44.8102203374634,44.8102203374634,44.8102203374634,1.20504269216775,43.4782608695652,3,10
100000,"Ilam","Koshi","2017-2022",25,1,0.727886560088165,1.0620770961961,726.5,34.5153495314824,34.5153495314824,34.5153495314824,1.37384045101599,40,4,10
110000,"Jhapa","Koshi","2002-2006",102,8,6.35476270050567,4.68374696125397,5551.5,59.9532139535197,59.9532139535197,25.8591639828529,1.25889830620479,78.4313725490196,1,11
110000,"Jhapa","Koshi","2007-2011",195,11,9.49728379792227,8.61599249429641,8120.5,43.1329988265878,40.9953668514224,16.8434550320956,1.15822589216577,56.4102564102564,2,11
110000,"Jhapa","Koshi","2012-2016",232,4,8.75191361889435,10.4752052971344,9958.5,11.6271674991784,11.6271674991784,8.23537861213919,0.45704290217907,17.2413793103448,3,11
110000,"Jhapa","Koshi","2017-2022",127,3,3.7184965618106,5.42824330553632,3786.5,25.339672571175,25.339672571175,25.339672571175,0.806777672140498,23.6220472440945,4,11
120000,"Morang","Koshi","2002-2006",181,3,11.6608619129732,8.57804294461917,10520.5,6.8561355731549,6.8561355731549,6.8561355731549,0.257270862341862,16.5745856353591,1,12
120000,"Morang","Koshi","2007-2011",246,11,12.0508252659202,10.9507964670104,10459,50.5890049010461,38.6627393707026,36.6084981194824,0.912800555751818,44.7154471544715,2,12
120000,"Morang","Koshi","2012-2016",315,9,11.9934874605511,14.3526643196251,14794.5,26.5759923950101,22.2102494289999,19.3772291319139,0.750407254737434,28.5714285714286,3,12
120000,"Morang","Koshi","2017-2022",166,4,4.91074294286054,7.17634639026925,5109,17.1981077056299,6.62409051197466,6.62409051197466,0.814540701181556,24.0963855421687,4,12
130000,"Sunsari","Koshi","2002-2006",151,7,9.6190568622351,7.08523763788377,8595,53.0730699652985,53.0730699652985,20.652849632546,0.727722072990581,46.3576158940397,1,13
130000,"Sunsari","Koshi","2007-2011",244,7,12.2297529653024,11.1333003495081,11151.5,31.3168018236465,23.5088718751262,6.61115064198226,0.572374603138759,28.6885245901639,2,13
130000,"Sunsari","Koshi","2012-2016",263,7,9.99358983170312,11.9619252128325,11473.5,31.6555731690511,11.0668843754962,3.60462278850049,0.70044899959708,26.615969581749,3,13
130000,"Sunsari","Koshi","2017-2022",188,8,5.38224049254187,7.82658909358577,5127,42.7432076593453,42.7432076593453,31.3707434750112,1.4863698511959,42.5531914893617,4,13
140000,"Udayapur","Koshi","2002-2006",119,4,7.57379791948153,5.57370944475567,6835,42.1080911309698,42.1080911309698,42.1080911309698,0.52813661554279,33.6134453781513,1,14
140000,"Udayapur","Koshi","2007-2011",125,6,5.99963191358385,5.42900408476749,4355.5,49.7346570604725,49.7346570604725,40.1995691819677,1.0000613514998,48,2,14
140000,"Udayapur","Koshi","2012-2016",99,2,3.77759686580034,4.52064627330368,4775,25.3015367993042,25.3015367993042,25.3015367993042,0.529437118636605,20.2020202020202,3,14
140000,"Udayapur","Koshi","2017-2022",58,4,1.68646351745014,2.48380474374767,2003,47.8767561750503,47.8767561750503,47.8767561750503,2.37182717480176,68.9655172413793,4,14
150000,"Saptari","Madhesh","2002-2006",70,2,4.4712389760754,3.29007770658544,4034,27.0295684574111,27.0295684574111,27.0295684574111,0.447303311386744,28.5714285714286,1,15
150000,"Saptari","Madhesh","2007-2011",175,7,8.75908817823833,7.98976739943461,8573,37.4506483057917,29.8607301723517,21.002158492938,0.799169942984622,40,2,15
150000,"Saptari","Madhesh","2012-2016",223,6,8.4381410094855,10.0984780454526,9942.5,35.4251036789652,24.5715840039948,13.6891231003055,0.711057091041175,26.9058295964126,3,15
150000,"Saptari","Madhesh","2017-2022",115,3,3.43134353360338,5.02442892327599,3681.5,21.0088195695638,21.0088195695638,14.9378300721159,0.874293107239423,26.0869565217391,4,15
160000,"Siraha","Madhesh","2002-2006",29,1,1.84340789912473,1.35655082927545,1652.5,13.4515740067097,13.4515740067097,13.4515740067097,0.542473535279311,34.4827586206897,1,16
160000,"Siraha","Madhesh","2007-2011",196,13,9.66678853554331,8.81530270645748,9575,75.7967039429532,63.6713155215082,59.3533343434109,1.34481063201093,66.3265306122449,2,16
160000,"Siraha","Madhesh","2012-2016",277,9,10.3228811886295,12.3652240363233,11879.5,31.8705467846108,29.1029415985738,25.4569632477332,0.87184961596898,32.4909747292419,3,16
160000,"Siraha","Madhesh","2017-2022",161,4,4.78282088029809,7.01338121580836,5257,22.8516160096516,22.8516160096516,14.2681709036165,0.83632653200065,24.8447204968944,4,16
170000,"Dhanusha","Madhesh","2002-2006",97,9,5.98493587871963,4.41247881964164,5209.5,86.4416676556775,83.0507574858476,66.948357791653,1.50377550944212,92.7835051546392,1,17
170000,"Dhanusha","Madhesh","2007-2011",219,12,10.6767139016233,9.71653552087516,10050,64.7886635141218,64.7886635141218,64.7886635141218,1.12394132788137,54.7945205479452,2,17
170000,"Dhanusha","Madhesh","2012-2016",271,8,10.1456647156457,12.1515176700154,11809.5,28.0945255636329,23.2377914358972,15.2797428623687,0.788514131327754,29.520295202952,3,17
170000,"Dhanusha","Madhesh","2017-2022",148,5,4.35178683674903,6.36400089528281,4666,30.7786669828908,30.7786669828908,17.0537528112493,1.14895333516271,33.7837837837838,4,17
180000,"Mahottari","Madhesh","2002-2006",79,8,4.89171371343739,3.60654096279941,4240,123.134400416803,90.2891730533236,57.4439456898438,1.63541868323656,101.26582278481,1,18
180000,"Mahottari","Madhesh","2007-2011",197,8,9.67674209964368,8.79824740049232,8748,49.7006465129852,49.7006465129852,44.9605983441255,0.826724523359424,40.6091370558376,2,18
180000,"Mahottari","Madhesh","2012-2016",252,15,9.30552479323056,11.151587092785,10482,61.7134029541955,51.4946293075609,29.6127066816034,1.61194562728069,59.5238095238095,3,18
180000,"Mahottari","Madhesh","2017-2022",133,4,3.87706450237639,5.6511016309645,3767,26.6353645146973,26.6353645146973,26.6353645146973,1.03170839627462,30.0751879699248,4,18
190000,"Sarlahi","Madhesh","2002-2006",73,6,4.57699141255877,3.37339394478695,4029,82.1917808219176,68.4931506849313,41.0958904109588,1.31090479731656,82.1917808219178,1,19
190000,"Sarlahi","Madhesh","2007-2011",248,14,12.3096903252357,11.2237248743225,12106.5,68.8342678696692,51.8420556151937,40.9897547967714,1.13731536944508,56.4516129032258,2,19
190000,"Sarlahi","Madhesh","2012-2016",339,17,12.6904929039498,15.1957884723443,14924,52.2121753727791,48.0377563226101,24.1845947584932,1.3395854777799,50.1474926253687,3,19
190000,"Sarlahi","Madhesh","2017-2022",232,12,6.79436461912467,9.94269156824833,7226.5,55.1332796746334,38.5728708189643,33.1636996876412,1.76616956443912,51.7241379310345,4,19
200000,"Rautahat","Madhesh","2002-2006",45,1,2.88873557081881,2.12539438586252,2618.5,24.5390616412774,24.5390616412774,24.5390616412774,0.346172218081059,22.2222222222222,1,20
200000,"Rautahat","Madhesh","2007-2011",178,12,8.90826741463474,8.12241514061939,8752,60.6914029608033,49.8456240747958,23.6207668835885,1.34706328868014,67.4157303370787,2,20
200000,"Rautahat","Madhesh","2012-2016",212,12,7.81107743389819,9.35602068153789,8397.5,68.8783244049186,59.9087927916406,31.6811710694028,1.53627973881335,56.6037735849057,3,20
200000,"Rautahat","Madhesh","2017-2022",128,6,3.72749048360463,5.45923113296806,4095.5,54.1733091065485,54.1733091065485,43.4865239369845,1.6096620571913,46.875,4,20
210000,"Bara","Madhesh","2002-2006",68,5,4.24042964581689,3.12297627592045,3773.5,80.2062655642068,64.2749602118831,64.2749602118831,1.17912580036139,73.5294117647059,1,21
210000,"Bara","Madhesh","2007-2011",209,11,10.3395495256576,9.43039345687899,10133,66.0734893453425,54.8551269370328,50.80435431852,1.06387613625753,52.6315789473684,2,21
210000,"Bara","Madhesh","2012-2016",301,10,11.2795846795185,13.5068551016531,12998,29.2008585881619,29.2008585881619,20.6909584792855,0.886557465024228,33.2225913621262,3,21
210000,"Bara","Madhesh","2017-2022",172,11,4.96798847397632,7.24265776493815,4958.5,59.015282138672,51.6646997211593,42.0120086472364,2.214175829437,63.953488372093,4,21
220000,"Parsa","Madhesh","2002-2006",146,11,9.30136889500176,6.85073695638146,8179,74.1367608640022,42.566102314174,17.1766162781547,1.1826216252869,75.3424657534247,1,22
220000,"Parsa","Madhesh","2007-2011",206,12,10.0200154919549,9.08960315737965,8364,43.4244590635358,43.4244590635358,25.1125234059217,1.19760293880132,58.252427184466,2,22
220000,"Parsa","Madhesh","2012-2016",190,6,7.18154613226159,8.59535013711835,8434,33.4550031370091,33.4550031370091,18.8101759535383,0.835474686021476,31.5789473684211,3,22
220000,"Parsa","Madhesh","2017-2022",96,5,2.78686343035911,4.06048652338383,2730,58.4734718357918,58.4734718357918,51.9205880561328,1.79413169139606,52.0833333333333,4,22
230000,"Dolakha","Bagmati","2002-2006",75,3,4.77234010962256,3.51382686198829,4306.5,49.3101961629662,49.3101961629662,32.8734641086441,0.628622422352306,40,1,23
230000,"Dolakha","Bagmati","2007-2011",68,4,3.26766981094452,2.95560433975154,2298,71.0796893981411,71.0796893981411,47.5328370512653,1.22411388892558,58.8235294117647,2,23
230000,"Dolakha","Bagmati","2012-2016",55,3,2.04925482612219,2.45179902104688,2473.5,56.3088876587376,56.3088876587376,56.3088876587376,1.46394677799877,54.5454545454545,3,23
230000,"Dolakha","Bagmati","2017-2022",34,1,0.996637276907647,1.46577934720172,1152.5,56.1737932349912,56.1737932349912,56.1737932349912,1.00337406915261,29.4117647058824,4,23
240000,"Sindhupalchok","Bagmati","2002-2006",149,8,9.43452610786835,6.94770772180786,8447.5,53.035631074163,46.4061771898926,33.1472694213518,0.847949320244929,53.6912751677852,1,24
240000,"Sindhupalchok","Bagmati","2007-2011",137,4,6.57688111017935,5.94542302926152,4637,29.3564216222955,29.3564216222955,29.3564216222955,0.608191015314084,29.1970802919708,2,24
240000,"Sindhupalchok","Bagmati","2012-2016",74,5,2.77270725589671,3.31990498255304,3312.5,63.2454926725983,54.6647482902611,18.3393346754758,1.80329170682066,67.5675675675676,3,24
240000,"Sindhupalchok","Bagmati","2017-2022",41,1,1.18884800872603,1.72021438512108,1022.5,19.8881197445776,19.8881197445776,0,0.841150418438773,24.390243902439,4,24
250000,"Rasuwa","Bagmati","2002-2006",33,3,2.01015015043123,1.48115802533835,1780.5,88.1990795765382,88.1990795765382,88.1990795765382,1.49242582667589,90.9090909090909,1,25
250000,"Rasuwa","Bagmati","2007-2011",39,4,1.78668379230527,1.60452779922593,1049.5,113.919918374737,113.919918374737,44.3618698535914,2.23878451085012,102.564102564103,2,25
250000,"Rasuwa","Bagmati","2012-2016",21,0,0.77801894799274,0.932988664585604,822,0,0,0,0,0,3,25
250000,"Rasuwa","Bagmati","2017-2022",9,0,0.278968360265514,0.412410728250227,356,0,0,0,0,0,4,25
260000,"Dhading","Bagmati","2002-2006",58,5,3.61225789037625,2.66189740224441,3213.5,86.2068965517241,68.9655172413793,51.7241379310345,1.38417581239727,86.2068965517241,1,26
260000,"Dhading","Bagmati","2007-2011",70,6,3.33084037464968,3.01547505112776,2587,76.3251065057983,49.6608307511585,49.6608307511585,1.80134720524728,85.7142857142857,2,26
260000,"Dhading","Bagmati","2012-2016",100,5,3.77172979919911,4.5156021522119,4594.5,51.301034299102,37.9643900722121,27.3995398076362,1.32565169463139,50,3,26
260000,"Dhading","Bagmati","2017-2022",72,1,2.13373091638205,3.11629576190003,2209.5,6.83629407718056,6.83629407718056,6.83629407718056,0.468662656721307,13.8888888888889,4,26
270000,"Nuwakot","Bagmati","2002-2006",2,0,0.130594721619196,0.0960482144743441,120,0,0,0,0,0,1,27
270000,"Nuwakot","Bagmati","2007-2011",35,1,1.79543456258522,1.64675575626389,2039.5,29.1754719284079,29.1754719284079,29.1754719284079,0.556968224205349,28.5714285714286,2,27
270000,"Nuwakot","Bagmati","2012-2016",83,4,3.16800554706253,3.79339842704708,3928.5,43.9629378820285,33.4297859185455,15.2296931463741,1.26262405181358,48.1927710843374,3,27
270000,"Nuwakot","Bagmati","2017-2022",50,0,1.52471751859685,2.24774822025224,1850,0,0,0,0,0,4,27
280000,"Kathmandu","Bagmati","2002-2006",137,2,8.87855042975009,6.53088184981477,8009.5,14.671395644736,8.53354747552093,8.53354747552093,0.225261996969509,14.5985401459854,1,28
280000,"Kathmandu","Bagmati","2007-2011",200,5,9.79712416522729,8.88352343532259,7834.5,20.9403133082098,20.9403133082098,13.4411032616801,0.510353846258924,25,2,28
280000,"Kathmandu","Bagmati","2012-2016",182,7,6.80267360592139,8.14865279047199,8241,36.9964045264102,36.9964045264102,34.1578845151745,1.02900718239765,38.4615384615385,3,28
280000,"Kathmandu","Bagmati","2017-2022",117,1,3.49808548705804,5.12338753084242,3791.5,6.39614116410503,6.39614116410503,6.39614116410503,0.285870658021288,8.54700854700855,4,28
290000,"Bhaktapur","Bagmati","2002-2006",37,0,2.41400770436335,1.77528952500227,2199,0,0,0,0,0,1,29
290000,"Bhaktapur","Bagmati","2007-2011",54,2,2.60899098156843,2.36471240704889,2179,25.0418784087454,25.0418784087454,25.0418784087454,0.76657988246386,37.037037037037,2,29
290000,"Bhaktapur","Bagmati","2012-2016",37,0,1.40078122008379,1.67452523502167,1497,0,0,0,0,0,3,29
290000,"Bhaktapur","Bagmati","2017-2022",11,0,0.334188756638757,0.489957597124335,352,0,0,0,0,0,4,29
300000,"Lalitpur","Bagmati","2002-2006",10,0,0.652498692478891,0.479859538378126,595,0,0,0,0,0,1,30
300000,"Lalitpur","Bagmati","2007-2011",23,1,1.15801218797933,1.06047661371596,1225.5,23.9710942394743,23.9710942394743,23.9710942394743,0.863548769503842,43.4782608695652,2,30
300000,"Lalitpur","Bagmati","2012-2016",42,1,1.61799637699388,1.93478738401005,1927,60.0594118592422,60.0594118592422,0,0.618048355496275,23.8095238095238,3,30
300000,"Lalitpur","Bagmati","2017-2022",32,0,0.964532523830892,1.41823493962149,1132,0,0,0,0,0,4,30
310000,"Kabhrepalanchok","Bagmati","2002-2006",23,3,1.43244865940601,1.05605837420913,1218.5,137.091071148793,91.3940474325287,45.6970237162643,2.09431589767692,130.434782608696,1,31
310000,"Kabhrepalanchok","Bagmati","2007-2011",51,0,2.61886767250131,2.39402506603383,2695,0,0,0,0,0,2,31
310000,"Kabhrepalanchok","Bagmati","2012-2016",94,1,3.51563080574646,4.21085304128611,3955.5,13.293528798092,13.293528798092,13.293528798092,0.284443974710159,10.6382978723404,3,31
310000,"Kabhrepalanchok","Bagmati","2017-2022",50,0,1.49320865024897,2.18559489642552,1580,0,0,0,0,0,4,31
320000,"Ramechhap","Bagmati","2002-2006",61,6,3.86326171726275,2.84823622229264,3343,45.7484517334962,38.1237097779135,7.62474195558271,1.55309177558159,98.3606557377049,1,32
320000,"Ramechhap","Bagmati","2007-2011",76,5,3.71553496941547,3.38813336823254,3372.5,72.5718733959602,72.5718733959602,57.6788425705369,1.34570123579986,65.7894736842105,2,32
320000,"Ramechhap","Bagmati","2012-2016",52,0,1.96358622983686,2.34818624103552,2054,0,0,0,0,0,3,32
320000,"Ramechhap","Bagmati","2017-2022",16,1,0.46762794889528,0.692142120611387,613.5,55.6246716690133,55.6246716690133,55.6246716690133,2.13845216557819,62.5,4,32
330000,"Sindhuli","Bagmati","2002-2006",49,1,3.18717760438609,2.3446621749342,2871.5,22.7474585332118,0,0,0.3137572247696,20.4081632653061,1,33
330000,"Sindhuli","Bagmati","2007-2011",83,6,4.06769852182169,3.70419561528447,3774,72.2506576206366,59.3631360057962,48.6198856505893,1.47503556810128,72.289156626506,2,33
330000,"Sindhuli","Bagmati","2012-2016",117,9,4.33242191692731,5.1891005315856,5122.5,64.3785570506881,64.3785570506881,34.181769267134,2.07736000153537,76.9230769230769,3,33
330000,"Sindhuli","Bagmati","2017-2022",72,1,2.1210406821512,3.08386776059494,1989.5,8.18586912467067,8.18586912467067,8.18586912467067,0.47146667596483,13.8888888888889,4,33
340000,"Makawanpur","Bagmati","2002-2006",108,1,6.99923987562727,5.14831871064792,6364.5,9.93666613871147,9.93666613871147,9.93666613871147,0.142872657284143,9.25925925925926,1,34
340000,"Makawanpur","Bagmati","2007-2011",99,5,4.80414514475222,4.36305288824773,3840,43.2535326928523,43.2535326928523,32.5645572725348,1.04076788884318,50.5050505050505,2,34
340000,"Makawanpur","Bagmati","2012-2016",120,3,4.54141029831941,5.4396694085726,5604.5,15.7772121728338,15.7772121728338,11.1857054764164,0.660587747623283,25,3,34
340000,"Makawanpur","Bagmati","2017-2022",75,2,2.22853876554691,3.25718513402003,2304,44.0645990578687,10.0809208928107,10.0809208928107,0.897449050884773,26.6666666666667,4,34
350000,"Chitawan","Bagmati","2002-2006",92,4,5.91039130342936,4.35166889294365,5251.5,53.6986576249747,37.2607600178728,4.38496480366901,0.676774141447978,43.4782608695652,1,35
350000,"Chitawan","Bagmati","2007-2011",111,1,5.50893307042763,4.99894716887987,4652.5,15.3943077786804,15.3943077786804,0,0.18152335256496,9.00900900900901,2,35
350000,"Chitawan","Bagmati","2012-2016",105,2,3.96937363141694,4.75106340756924,4599,11.2146813997009,11.2146813997009,5.58407663628957,0.50385783393388,19.047619047619,3,35
350000,"Chitawan","Bagmati","2017-2022",57,1,1.65649483331704,2.42026875771671,1750.5,21.4083335191187,21.4083335191187,21.4083335191187,0.603684345937592,17.5438596491228,4,35
360000,"Gorkha","Gandaki","2002-2006",45,5,2.77437830588488,2.04445013766729,2406,143.008463909109,97.4523912392453,58.0449529655807,1.80220555696901,111.111111111111,1,36
360000,"Gorkha","Gandaki","2007-2011",64,3,3.14945356350698,2.87066558300247,3056.5,65.3600780820157,65.3600780820157,65.3600780820157,0.952546192381207,46.875,2,36
360000,"Gorkha","Gandaki","2012-2016",94,3,3.58303980028795,4.2897210200821,4330.5,45.3562962648175,7.73834358376768,0,0.837277888947509,31.9148936170213,3,36
360000,"Gorkha","Gandaki","2017-2022",42,0,1.26384134583749,1.84254687928212,1264,0,0,0,0,0,4,36
370000,"Manang","Gandaki","2002-2006",0,0,NA,NA,NA,NA,NA,NA,NA,NA,1,37
370000,"Manang","Gandaki","2007-2011",0,0,NA,NA,NA,NA,NA,NA,NA,NA,2,37
370000,"Manang","Gandaki","2012-2016",0,0,NA,NA,NA,NA,NA,NA,NA,NA,3,37
370000,"Manang","Gandaki","2017-2022",0,0,NA,NA,NA,NA,NA,NA,NA,NA,4,37
380000,"Mustang","Gandaki","2002-2006",0,0,NA,NA,NA,NA,NA,NA,NA,NA,1,38
380000,"Mustang","Gandaki","2007-2011",0,0,NA,NA,NA,NA,NA,NA,NA,NA,2,38
380000,"Mustang","Gandaki","2012-2016",9,1,0.34912442843486,0.418546039402937,484,111.111111111111,111.111111111111,0,2.86430830544584,111.111111111111,3,38
380000,"Mustang","Gandaki","2017-2022",3,0,0.0942959679035488,0.142005248476853,154,0,0,0,0,0,4,38
390000,"Myagdi","Gandaki","2002-2006",35,2,2.21507171152088,1.6319981404946,1953.5,57.1428571428572,57.1428571428572,28.5714285714286,0.902905305321601,57.1428571428571,1,39
390000,"Myagdi","Gandaki","2007-2011",42,3,2.0313880103113,1.84627861461768,1785,83.3529110623974,83.3529110623974,45.6632762848332,1.47682273636156,71.4285714285714,2,39
390000,"Myagdi","Gandaki","2012-2016",38,1,1.4092377141993,1.68919527215663,1485,26.2991554772627,26.2991554772627,0,0.709603489832928,26.3157894736842,3,39
390000,"Myagdi","Gandaki","2017-2022",23,0,0.66842799154194,0.971748996377544,624,0,0,0,0,0,4,39
400000,"Kaski","Gandaki","2002-2006",88,3,5.60169496120596,4.12263653698025,5082.5,26.7756628883731,26.7756628883731,26.7756628883731,0.535552189252759,34.0909090909091,1,40
400000,"Kaski","Gandaki","2007-2011",168,4,8.31453134279859,7.56021486045831,7380,18.6244496462005,18.6244496462005,18.6244496462005,0.481085443675006,23.8095238095238,2,40
400000,"Kaski","Gandaki","2012-2016",159,3,6.09697035196508,7.29082139424986,7459.5,17.6605546165851,17.6605546165851,9.34053149400704,0.492047660857181,18.8679245283019,3,40
400000,"Kaski","Gandaki","2017-2022",76,0,2.29817113521144,3.38315044541292,2738,0,0,0,0,0,4,40
410000,"Lamjung","Gandaki","2002-2006",27,1,1.73251398269374,1.27615894748982,1538.5,38.1422892762575,38.1422892762575,0,0.577195918756848,37.037037037037,1,41
410000,"Lamjung","Gandaki","2007-2011",68,5,3.2569152510837,2.95602466559225,2865,68.42489783403,68.42489783403,66.954559142074,1.53519499727121,73.5294117647059,2,41
410000,"Lamjung","Gandaki","2012-2016",73,3,2.67554051075994,3.20821401620665,2592,60.8197101869492,24.4183641922421,16.9014325270829,1.12126876342751,41.0958904109589,3,41
410000,"Lamjung","Gandaki","2017-2022",24,0,0.705993342155183,1.02746322505178,667,0,0,0,0,0,4,41
420000,"Tanahu","Gandaki","2002-2006",52,2,3.29664634648998,2.42625423070609,2962,45.5723230050139,45.5723230050139,45.5723230050139,0.606677146952523,38.4615384615385,1,42
420000,"Tanahu","Gandaki","2007-2011",107,5,5.20368969480096,4.71353090072859,4347.5,47.309824856079,47.309824856079,20.2515967856418,0.960856679251173,46.7289719626168,2,42
420000,"Tanahu","Gandaki","2012-2016",152,3,5.73095299618314,6.86445781220877,6589,18.465013621931,18.465013621931,6.67049747759485,0.523473146961426,19.7368421052632,3,42
420000,"Tanahu","Gandaki","2017-2022",57,0,1.7366014540916,2.55097092485011,1950,0,0,0,0,0,4,42
430000,"Nawalparasi_e","Gandaki","2002-2006",105,9,6.50774120369054,4.79612505703648,5705,85.7142857142856,76.1904761904761,57.1428571428572,1.38296833237562,85.7142857142857,1,43
430000,"Nawalparasi_e","Gandaki","2007-2011",165,4,7.99725705810283,7.23539359776506,6351.5,24.587513449689,24.587513449689,18.7273451632276,0.500171492667876,24.2424242424242,2,43
430000,"Nawalparasi_e","Gandaki","2012-2016",151,5,5.59867019911165,6.71180002338253,6369.5,26.5618740137478,26.5618740137478,15.954004384366,0.893069215042057,33.112582781457,3,43
430000,"Nawalparasi_e","Gandaki","2017-2022",70,2,2.1123058365627,3.10535976476189,2414,37.6257114431283,11.5537477157166,0,0.946832587109899,28.5714285714286,4,43
440000,"Syangja","Gandaki","2002-2006",34,2,2.12433331186659,1.564262117996,1914,52.0666847319028,52.0666847319028,52.0666847319028,0.941471843814687,58.8235294117647,1,44
440000,"Syangja","Gandaki","2007-2011",99,2,4.96512264311126,4.52888049443702,4738,25.4049507358536,25.4049507358536,25.4049507358536,0.402809788147902,20.2020202020202,2,44
440000,"Syangja","Gandaki","2012-2016",115,1,4.39498581920418,5.25666047978591,5096.5,9.33053073241852,9.33053073241852,0,0.227532019700822,8.69565217391304,3,44
440000,"Syangja","Gandaki","2017-2022",41,0,1.23935059550364,1.82884340182929,1503,0,0,0,0,0,4,44
450000,"Parbat","Gandaki","2002-2006",17,0,1.10901031940557,0.815570448246018,1009,0,0,0,0,0,1,45
450000,"Parbat","Gandaki","2007-2011",35,1,1.80269484457862,1.64936398216296,1863,29.6620549460302,29.6620549460302,0,0.554725056771187,28.5714285714286,2,45
450000,"Parbat","Gandaki","2012-2016",73,5,2.70614982442271,3.24049041310361,3088,53.9755632818272,53.9755632818272,28.5804322984882,1.84764345080806,68.4931506849315,3,45
450000,"Parbat","Gandaki","2017-2022",29,0,0.856722745395011,1.25100982977122,904,0,0,0,0,0,4,45
460000,"Baglung","Gandaki","2002-2006",88,8,5.47208400292297,4.0352157624979,4794.5,90.7303200954739,74.8389718110252,63.5653931377944,1.46196586085424,90.9090909090909,1,46
460000,"Baglung","Gandaki","2007-2011",115,6,5.58220525650939,5.05986782394456,4451,68.5329318392757,49.4086801468541,43.7475502553345,1.07484403104014,52.1739130434783,2,46
460000,"Baglung","Gandaki","2012-2016",128,6,4.67570346930752,5.60278814906072,5141,31.2712370301156,31.2712370301156,31.2712370301156,1.28322936631578,46.875,3,46
460000,"Baglung","Gandaki","2017-2022",70,2,2.05873077508315,3.0091302261507,2138,29.7643947404211,12.4167634999823,0,0.971472338299905,28.5714285714286,4,46
470000,"Rukum_e","Lumbini","2002-2006",0,0,NA,NA,NA,NA,NA,NA,NA,NA,1,47
470000,"Rukum_e","Lumbini","2007-2011",0,0,NA,NA,NA,NA,NA,NA,NA,NA,2,47
470000,"Rukum_e","Lumbini","2012-2016",0,0,NA,NA,NA,NA,NA,NA,NA,NA,3,47
470000,"Rukum_e","Lumbini","2017-2022",0,0,NA,NA,NA,NA,NA,NA,NA,NA,4,47
480000,"Rolpa","Lumbini","2002-2006",90,13,5.43877434066723,4.01594676719976,4638.5,142.44120447887,131.484188749726,76.6991101040068,2.39024441642952,144.444444444444,1,48
480000,"Rolpa","Lumbini","2007-2011",118,7,5.67604631462994,5.13964106795804,4437,65.7561948025212,54.2698683958887,39.8155306798976,1.23325279815945,59.3220338983051,2,48
480000,"Rolpa","Lumbini","2012-2016",89,4,3.17712727764515,3.81891915853181,3237.5,44.4973515152299,44.4973515152299,22.1666275943107,1.25899897940656,44.9438202247191,3,48
480000,"Rolpa","Lumbini","2017-2022",47,0,1.4043326774452,2.05345209399708,1440,0,0,0,0,0,4,48
490000,"Pyuthan","Lumbini","2002-2006",70,3,4.49827672676345,3.31475099395401,4002.5,42.5168449834386,42.5168449834386,0,0.666922064209803,42.8571428571429,1,49
490000,"Pyuthan","Lumbini","2007-2011",94,2,4.63256995948502,4.21238570609875,3805,20.7159522676648,20.7159522676648,20.7159522676648,0.431725806084174,21.2765957446809,2,49
490000,"Pyuthan","Lumbini","2012-2016",87,4,3.28026373657213,3.93086226587191,4044,50.4787836449849,50.4787836449849,12.9321648018167,1.21941414508944,45.9770114942529,3,49
490000,"Pyuthan","Lumbini","2017-2022",47,1,1.38596148763172,2.0247952223855,1431.5,23.5357535805267,23.5357535805267,23.5357535805267,0.721520770182989,21.2765957446809,4,49
500000,"Gulmi","Lumbini","2002-2006",1,0,0.0652973608095981,0.0480241072371721,60,0,0,0,0,0,1,50
500000,"Gulmi","Lumbini","2007-2011",53,0,2.77278930744854,2.54504876317396,3177,0,0,0,0,0,2,50
500000,"Gulmi","Lumbini","2012-2016",105,5,3.92703460404583,4.69962120651743,4622,44.7700760852848,44.7700760852848,33.4727783637172,1.27322534791233,47.6190476190476,3,50
500000,"Gulmi","Lumbini","2017-2022",50,2,1.4744243516252,2.16406869164284,1649,40.1101883926508,40.1101883926508,40.1101883926508,1.35646158976924,40,4,50
510000,"Arghakhanchi","Lumbini","2002-2006",41,3,2.59319585840935,1.91159834910101,2269.5,73.1707317073171,73.1707317073171,24.390243902439,1.15687366624138,73.1707317073171,1,51
510000,"Arghakhanchi","Lumbini","2007-2011",69,2,3.41443058542914,3.10146382198798,2953.5,23.7540651978134,23.7540651978134,11.6544667427179,0.585749204723877,28.9855072463768,2,51
510000,"Arghakhanchi","Lumbini","2012-2016",79,3,2.95326209826154,3.53284852523652,3328.5,30.3536666463456,30.3536666463456,20.0834774234862,1.01582585635253,37.9746835443038,3,51
510000,"Arghakhanchi","Lumbini","2017-2022",34,0,1.03515041487298,1.52386872264908,1203,0,0,0,0,0,4,51
520000,"Palpa","Lumbini","2002-2006",16,0,1.04390292484281,0.767698954606283,951,0,0,0,0,0,1,52
520000,"Palpa","Lumbini","2007-2011",27,2,1.37912168568878,1.25819285885509,1343,93.1034275761078,32.6600856841928,0,1.45019835505025,74.0740740740741,2,52
520000,"Palpa","Lumbini","2012-2016",64,0,2.47279999536699,2.95792936697459,3054,0,0,0,0,0,3,52
520000,"Palpa","Lumbini","2017-2022",32,0,0.934263751768296,1.35752151936733,884,0,0,0,0,0,4,52
530000,"Nawalparasi_w","Lumbini","2002-2006",86,3,5.49929653006053,4.04799515246737,4944.5,34.8837209302325,34.8837209302325,23.2558139534884,0.545524319992794,34.8837209302326,1,53
530000,"Nawalparasi_w","Lumbini","2007-2011",107,3,5.15311045901875,4.65809238274403,4018.5,36.8108760923255,18.6463073845818,18.6463073845818,0.582172655497716,28.0373831775701,2,53
530000,"Nawalparasi_w","Lumbini","2012-2016",106,4,3.92391382964448,4.70208758566035,4385.5,41.0056282514592,30.5066342265801,30.5066342265801,1.01939037747993,37.7358490566038,3,53
530000,"Nawalparasi_w","Lumbini","2017-2022",66,2,1.935008041339,2.82918476607252,2008,25.9336789366135,25.9336789366135,25.9336789366135,1.03358743595506,30.3030303030303,4,53
540000,"Rupandehi","Lumbini","2002-2006",148,5,9.43396214696851,6.94355109595955,8462.5,32.9103507058186,32.9103507058186,29.6321162650551,0.530000006583309,33.7837837837838,1,54
540000,"Rupandehi","Lumbini","2007-2011",267,15,13.0686456994143,11.8812090662227,11852.5,55.734547097819,55.734547097819,35.740021622945,1.14778534402171,56.1797752808989,2,54
540000,"Rupandehi","Lumbini","2012-2016",266,10,9.91997110326716,11.8869718026721,11061.5,38.7712322615044,34.2432029857458,12.479644242716,1.00806745260644,37.593984962406,3,54
540000,"Rupandehi","Lumbini","2017-2022",133,4,3.95371866122809,5.78981786320666,4240.5,30.644313464973,30.644313464973,16.2600946459155,1.01170577442087,30.0751879699248,4,54
550000,"Kapilbastu","Lumbini","2002-2006",105,8,6.46437661501437,4.76128092214952,5704,75.259145418233,75.259145418233,75.259145418233,1.23755165833298,76.1904761904762,1,55
550000,"Kapilbastu","Lumbini","2007-2011",210,15,10.15614467991,9.23121844144342,9350.5,73.3506404003362,73.3506404003362,63.4430707436526,1.47693839274186,71.4285714285714,2,55
550000,"Kapilbastu","Lumbini","2012-2016",231,13,8.55260603603067,10.2403260597273,9509,59.307790724978,55.1540517477215,37.9259420239357,1.52000453957931,56.2770562770563,3,55
550000,"Kapilbastu","Lumbini","2017-2022",113,5,3.29825292382029,4.8230802876406,3431,47.2486934249842,47.2486934249842,28.9520710953313,1.51595408705304,44.2477876106195,4,55
560000,"Dang","Lumbini","2002-2006",217,13,13.7411532362724,10.1197825121845,12212,62.8932791026655,54.8500631900007,43.0085816328094,0.94606324348993,59.9078341013825,1,56
560000,"Dang","Lumbini","2007-2011",244,5,11.9706487007464,10.8470777606928,9289.5,20.3904485542808,20.3904485542808,7.32092786830041,0.417688307876602,20.4918032786885,2,56
560000,"Dang","Lumbini","2012-2016",184,8,6.92463500895777,8.28633614695177,8487.5,41.5483637462103,35.3527985765095,35.3527985765095,1.15529554837925,43.4782608695652,3,56
560000,"Dang","Lumbini","2017-2022",101,4,2.96926681097823,4.33221491386175,2929.5,46.3167297401114,46.3167297401114,21.0175389985636,1.34713390700049,39.6039603960396,4,56
570000,"Banke","Lumbini","2002-2006",166,11,10.4349210931911,7.6854050063366,9224.5,78.3081043952147,63.281770837766,48.2554372803172,1.05415267655236,66.2650602409639,1,57
570000,"Banke","Lumbini","2007-2011",242,11,11.6273340735348,10.5357753043523,9255,53.6044102491626,53.6044102491626,49.0934139659067,0.94604661141003,45.4545454545455,2,57
570000,"Banke","Lumbini","2012-2016",184,8,6.91359079378795,8.27618812361509,7641.5,51.7899732513761,24.8989721853893,13.4343139597207,1.15714109188936,43.4782608695652,3,57
570000,"Banke","Lumbini","2017-2022",105,3,3.08934649738115,4.52718484916495,3335.5,27.5133797693401,27.5133797693401,27.5133797693401,0.971079159473731,28.5714285714286,4,57
580000,"Bardiya","Lumbini","2002-2006",119,10,7.46428162886414,5.50077918191269,6508,78.9883627465645,61.3250326031941,28.5787557583262,1.3397136519247,84.0336134453782,1,58
580000,"Bardiya","Lumbini","2007-2011",156,8,7.48888609566924,6.75977864614536,5522.5,40.9450627530913,40.9450627530913,12.4010500310698,1.06824965659797,51.2820512820513,2,58
580000,"Bardiya","Lumbini","2012-2016",128,4,4.79254374421729,5.7352567257675,5357,36.9840903460029,36.9840903460029,28.2307877421212,0.834629836154636,31.25,3,58
580000,"Bardiya","Lumbini","2017-2022",65,0,1.9258526467438,2.81149337932297,1965,0,0,0,0,0,4,58
590000,"Dolpa","Karnali","2002-2006",26,4,1.62116930445122,1.19548009818347,1366,153.846153846154,76.923076923077,38.4615384615384,2.46735488330384,153.846153846154,1,59
590000,"Dolpa","Karnali","2007-2011",53,6,2.51927136309944,2.27913098583719,1995,124.552057403579,124.552057403579,62.0863578636828,2.38164101251016,113.207547169811,2,59
590000,"Dolpa","Karnali","2012-2016",33,1,1.25401654270638,1.49950555584131,1548.5,35.0609246620327,35.0609246620327,35.0609246620327,0.797437646110978,30.3030303030303,3,59
590000,"Dolpa","Karnali","2017-2022",16,0,0.485366464721578,0.711277130610904,521,0,0,0,0,0,4,59
600000,"Mugu","Karnali","2002-2006",53,6,3.22542741564887,2.37928287949489,2804.5,109.367240125796,109.367240125796,72.9114934171975,1.86021857782001,113.207547169811,1,60
600000,"Mugu","Karnali","2007-2011",76,3,3.7110506659952,3.37006304433929,3111.5,37.1819212626869,37.1819212626869,24.6825059832402,0.808396400375064,39.4736842105263,2,60
600000,"Mugu","Karnali","2012-2016",49,4,1.75542800576223,2.10343626034774,1982,85.7855158363238,85.7855158363238,85.7855158363238,2.27864656760056,81.6326530612245,3,60
600000,"Mugu","Karnali","2017-2022",14,0,0.419636088291337,0.614692720371888,441,0,0,0,0,0,4,60
610000,"Humla","Karnali","2002-2006",31,4,1.92398705730338,1.42032229976498,1638.5,129.032258064516,96.774193548387,32.258064516129,2.07901606448762,129.032258064516,1,61
610000,"Humla","Karnali","2007-2011",57,5,2.80501190844682,2.54725756906758,2490,83.8305441845509,66.2575344375187,15.6665698291387,1.78252362670666,87.719298245614,2,61
610000,"Humla","Karnali","2012-2016",70,12,2.56460843616355,3.0777191382526,2922,168.37499695959,95.1437776264242,26.5183098909016,4.6790768644398,171.428571428571,3,61
610000,"Humla","Karnali","2017-2022",63,4,1.83870954023445,2.67924541543454,1786.5,63.2444788190973,63.2444788190973,28.9837832754138,2.17543875879927,63.4920634920635,4,61
620000,"Jumla","Karnali","2002-2006",59,3,3.79280964712378,2.79467800918005,3360,49.9798867134497,33.3199244756331,0,0.790970356836919,50.8474576271186,1,62
620000,"Jumla","Karnali","2007-2011",96,7,4.70693169771281,4.26726796243814,3901,76.9680546743402,76.9680546743402,9.65401580342251,1.48716838262205,72.9166666666667,2,62
620000,"Jumla","Karnali","2012-2016",126,8,4.71430230291154,5.64445272762666,5585.5,63.876961264393,63.876961264393,33.6408210921648,1.69696372569473,63.4920634920635,3,62
620000,"Jumla","Karnali","2017-2022",72,1,2.16048273968631,3.17725842310158,2475.5,12.1169313004942,12.1169313004942,12.1169313004942,0.462859518213598,13.8888888888889,4,62
630000,"Kalikot","Karnali","2002-2006",89,5,5.66194391552591,4.17082254152082,5013.5,56.1056187199122,56.1056187199122,22.4422474879649,0.883088931045262,56.1797752808989,1,63
630000,"Kalikot","Karnali","2007-2011",119,9,5.73942828482389,5.18783631508963,4283.5,89.3422422871223,59.494199281212,24.6206062842997,1.56810043672776,75.6302521008403,2,63
630000,"Kalikot","Karnali","2012-2016",114,4,4.36335553905982,5.21834764643866,5709,37.5942764372229,37.5942764372229,37.5942764372229,0.916725663126201,35.0877192982456,3,63
630000,"Kalikot","Karnali","2017-2022",98,5,2.8727926472457,4.21189047312165,3173,48.8765279321639,36.6624428732946,36.6624428732946,1.74046672139521,51.0204081632653,4,63
640000,"Dailekh","Karnali","2002-2006",136,18,8.22830874372437,6.06883106803794,7102.5,155.859429447512,129.157171531219,103.325737224975,2.18756983489814,132.352941176471,1,64
640000,"Dailekh","Karnali","2007-2011",260,16,12.7823999476079,11.6366987130361,11607,49.3095585534843,32.3347991563597,26.489476379287,1.25172112166575,61.5384615384615,2,64
640000,"Dailekh","Karnali","2012-2016",224,7,8.35673041345713,10.010943470862,9575.5,37.4220575510431,19.7403909776536,19.7403909776536,0.83764817741729,31.25,3,64
640000,"Dailekh","Karnali","2017-2022",134,4,3.93477324709182,5.73830836536366,3903.5,30.9484607057435,23.4392017165187,5.02095693156401,1.01657700426737,29.8507462686567,4,64
650000,"Jajarkot","Karnali","2002-2006",53,3,3.38757322501474,2.49461889709528,3016,48.811650532313,28.6866344381945,8.56161834407621,0.88558971296833,56.6037735849057,1,65
650000,"Jajarkot","Karnali","2007-2011",133,15,6.47141697472539,5.89249991153842,6209,100.262271224739,95.2406254006194,58.7191217772397,2.31788494831714,112.781954887218,2,65
650000,"Jajarkot","Karnali","2012-2016",228,23,8.25926861129027,9.90027312432727,9722,96.8722333631502,85.6593667535016,62.0175247757417,2.78475021003184,100.877192982456,3,65
650000,"Jajarkot","Karnali","2017-2022",107,7,3.07253256625039,4.48225750521638,3104,64.0292238848094,53.9392513865755,53.9392513865755,2.27825087255057,65.4205607476636,4,65
660000,"Rukum_w","Karnali","2002-2006",29,3,1.75010050467386,1.28997727797429,1552.5,73.3519853913984,73.3519853913984,73.3519853913984,1.71418726638164,103.448275862069,1,66
660000,"Rukum_w","Karnali","2007-2011",100,3,5.01044655172931,4.57424239792766,5017.5,32.8305416169584,32.8305416169584,32.8305416169584,0.598749027462348,30,2,66
660000,"Rukum_w","Karnali","2012-2016",139,4,5.20758660143372,6.23770670778763,5751.5,22.3161374542787,22.3161374542787,9.69311275482188,0.768110125888016,28.7769784172662,3,66
660000,"Rukum_w","Karnali","2017-2022",95,1,2.80623380699602,4.09416519747276,2809.5,8.29705743185583,8.29705743185583,8.29705743185583,0.356349495008924,10.5263157894737,4,66
670000,"Salyan","Karnali","2002-2006",27,0,1.76207891062497,1.29588782741646,1610,0,0,0,0,0,1,67
670000,"Salyan","Karnali","2007-2011",143,3,7.28861902366101,6.66357220247633,7615.5,12.9716996810263,12.9716996810263,4.8168762720241,0.411600605033836,20.979020979021,2,67
670000,"Salyan","Karnali","2012-2016",184,9,6.86429374461496,8.21487378282601,7942,50.4400369300241,45.5190729486011,39.0512994676975,1.31113270131548,48.9130434782609,3,67
670000,"Salyan","Karnali","2017-2022",111,2,3.3177145844557,4.87076530080492,3674,18.1197176197488,18.1197176197488,18.1197176197488,0.602824609859597,18.018018018018,4,67
680000,"Surkhet","Karnali","2002-2006",156,5,10.0069840218543,7.3642356150537,9034.5,37.9337910221323,29.9882667959487,22.4912000969615,0.499651042619882,32.0512820512821,1,68
680000,"Surkhet","Karnali","2007-2011",381,13,19.0906416459386,17.3950691189616,18335,34.7521299636142,33.044415033139,22.0085204496711,0.680961920563087,34.1207349081365,2,68
680000,"Surkhet","Karnali","2012-2016",359,12,13.4661817099624,16.1141774130037,14803.5,38.9041325975117,23.4307945925259,15.4102561463985,0.891121199643573,33.4261838440111,3,68
680000,"Surkhet","Karnali","2017-2022",154,2,4.5264674731083,6.5831207150874,4303.5,12.7738804986023,4.86407607593364,4.86407607593364,0.441845658205207,12.987012987013,4,68
690000,"Bajura","Sudurpashchim","2002-2006",50,7,3.00982176871522,2.22286982479504,2578,152.140928396875,152.140928396875,94.9501440270331,2.32571910827399,140,1,69
690000,"Bajura","Sudurpashchim","2007-2011",89,4,4.35255153210315,3.94550625138247,3705.5,47.6357354475178,32.8127710403257,18.8850662512277,0.919001181375377,44.9438202247191,2,69
690000,"Bajura","Sudurpashchim","2012-2016",89,3,3.38364007646028,4.04832677894488,4039.5,28.0554548628696,20.2962490367448,13.5650541361674,0.886619123845579,33.7078651685393,3,69
690000,"Bajura","Sudurpashchim","2017-2022",34,0,1.01448454102659,1.47978634978267,983,0,0,0,0,0,4,69
700000,"Bajhang","Sudurpashchim","2002-2006",126,18,7.60420948603097,5.61266916221205,6528,141.250734620164,117.708945516804,86.3198933789894,2.36710995838111,142.857142857143,1,70
700000,"Bajhang","Sudurpashchim","2007-2011",171,20,7.92179156640203,7.15477673071693,5948.5,124.613014145049,100.980966990055,72.5306969815084,2.5246814224227,116.959064327485,2,70
700000,"Bajhang","Sudurpashchim","2012-2016",125,8,4.66187200298287,5.5820724969765,5427,59.0302272136421,52.1851935672304,30.545291768881,1.71604883078756,64,3,70
700000,"Bajhang","Sudurpashchim","2017-2022",92,4,2.68808594432434,3.92400489013402,2737,47.5240768338375,47.5240768338375,23.8914157707667,1.48804766024898,43.4782608695652,4,70
710000,"Darchula","Sudurpashchim","2002-2006",57,7,3.42002489866507,2.52224543310749,2986,120.964024480302,120.964024480302,103.683449554544,2.04676872461727,122.80701754386,1,71
710000,"Darchula","Sudurpashchim","2007-2011",105,7,5.06624685177691,4.60098471029716,4515.5,71.8885786662311,71.8885786662311,60.6066153258127,1.38169343200181,66.6666666666667,2,71
710000,"Darchula","Sudurpashchim","2012-2016",109,10,3.94010776396559,4.71827702798092,4529.5,86.7915232913672,86.7915232913672,78.7094395160238,2.53800164844611,91.743119266055,3,71
710000,"Darchula","Sudurpashchim","2017-2022",55,0,1.66172000102638,2.4316745715964,1784,0,0,0,0,0,4,71
720000,"Baitadi","Sudurpashchim","2002-2006",90,0,5.86859392424988,4.31560726665566,5314,0,0,0,0,0,1,72
720000,"Baitadi","Sudurpashchim","2007-2011",144,10,7.04405658563492,6.40002775364793,6123.5,77.3683287160503,56.4681717448403,38.6714278918888,1.41963652313543,69.4444444444444,2,72
720000,"Baitadi","Sudurpashchim","2012-2016",140,5,5.25916734921361,6.29178144399767,6122.5,29.737406141247,29.737406141247,21.5802822673654,0.95072084001047,35.7142857142857,3,72
720000,"Baitadi","Sudurpashchim","2017-2022",81,1,2.39816703088849,3.50896131727531,2577,12.7628029710851,12.7628029710851,0,0.416985133695843,12.3456790123457,4,72
730000,"Dadeldhura","Sudurpashchim","2002-2006",118,12,7.30845606118846,5.3907994544461,6354,106.020639910378,93.2966137763289,55.9779682657973,1.64193365870064,101.694915254237,1,73
730000,"Dadeldhura","Sudurpashchim","2007-2011",134,9,6.36550995473624,5.75247738655722,4569.5,66.1386377437034,66.1386377437034,36.1075865490774,1.41386944078276,67.1641791044776,2,73
730000,"Dadeldhura","Sudurpashchim","2012-2016",70,3,2.71052292327109,3.24123400129078,3552,43.0527397530178,12.9716749647077,12.9716749647077,1.10679750178226,42.8571428571429,3,73
730000,"Dadeldhura","Sudurpashchim","2017-2022",34,4,0.952707300296352,1.38983562294807,966.5,127.081098245651,127.081098245651,93.3541662965714,4.19856129868612,117.647058823529,4,73
740000,"Doti","Sudurpashchim","2002-2006",126,10,7.92809558648674,5.84416839938209,6965.5,86.2745465121285,77.6470918609157,34.5098186048515,1.26133696181019,79.3650793650794,1,74
740000,"Doti","Sudurpashchim","2007-2011",204,14,9.70789763129367,8.7984342755163,7941,70.2265122993935,70.2265122993935,65.1396052378734,1.44212480721579,68.6274509803922,2,74
740000,"Doti","Sudurpashchim","2012-2016",128,3,4.82787194318472,5.78709169690174,5838.5,21.3890545228077,13.9970321274236,7.84544337523285,0.62139179234755,23.4375,3,74
740000,"Doti","Sudurpashchim","2017-2022",83,2,2.48078985457345,3.63568568878669,2697,35.3647062912676,35.3647062912676,8.77788482498632,0.806194848109728,24.0963855421687,4,74
750000,"Achham","Sudurpashchim","2002-2006",145,8,9.23863584286363,6.80391575196184,8207,55.6174628889132,41.2891154527878,20.6445577263938,0.865928708098132,55.1724137931034,1,75
750000,"Achham","Sudurpashchim","2007-2011",209,13,10.081860658797,9.13126007907853,7999.5,66.5176545425565,66.5176545425565,41.3973017409627,1.28944452219311,62.200956937799,2,75
750000,"Achham","Sudurpashchim","2012-2016",149,6,5.60989289386766,6.71446999368776,6790.5,38.6802484575146,32.97133581414,27.4619206224566,1.06953913622108,40.2684563758389,3,75
750000,"Achham","Sudurpashchim","2017-2022",109,9,3.14228410550933,4.60202809204354,3423.5,77.5076847505967,77.5076847505967,49.3526799499465,2.8641585858581,82.5688073394495,4,75
760000,"Kailali","Sudurpashchim","2002-2006",287,20,18.1163741308141,13.3525853104777,15938.5,82.7639597029776,71.0450362137708,32.2261114836629,1.10397366799696,69.6864111498258,1,76
760000,"Kailali","Sudurpashchim","2007-2011",370,28,17.9847613739432,16.3276725515271,15387.5,91.2587894477536,62.5965444678669,37.1786224761436,1.55687358969172,75.6756756756757,2,76
760000,"Kailali","Sudurpashchim","2012-2016",353,20,13.0086732728619,15.5858603098013,14771,65.0071117095967,53.5480420654816,43.0201517738269,1.53743579998454,56.657223796034,3,76
760000,"Kailali","Sudurpashchim","2017-2022",177,9,5.09730068676417,7.39547948072705,4724.5,46.1927218246905,46.1927218246905,19.8802978109109,1.76564039539,50.8474576271186,4,76
770000,"Kanchanpur","Sudurpashchim","2002-2006",192,14,12.0839472579651,8.90206494540529,10589,89.8521739094744,58.8679157594392,48.0248752240121,1.15856182596063,72.9166666666667,1,77
770000,"Kanchanpur","Sudurpashchim","2007-2011",243,16,11.8511762854369,10.7709761131959,10536.5,61.6285655197446,45.6648580729322,33.4661525994065,1.3500769556235,65.843621399177,2,77
770000,"Kanchanpur","Sudurpashchim","2012-2016",244,10,9.13098222329339,10.9307272538965,10683.5,48.4414926598198,34.4248120940667,30.6774166910442,1.09517243112025,40.9836065573771,3,77
770000,"Kanchanpur","Sudurpashchim","2017-2022",131,2,3.78412625199498,5.47955977021385,3263,18.4178588642926,18.4178588642926,18.4178588642926,0.528523592188713,15.2671755725191,4,77
