"dcode","district","province","stratum","value","gi_star","p_two","p_fdr","hotspot","hotspot_fdr"
10000,"Taplejung","Koshi","2002-2022 (pooled)",44.5081963805573,0.536879868970632,0.591350597360006,0.827890836304009,"Not significant","Not significant"
20000,"Sankhuwasabha","Koshi","2002-2022 (pooled)",50.7365947352641,-0.553096972531343,0.580197009634666,0.827317958182765,"Not significant","Not significant"
30000,"Solukhumbu","Koshi","2002-2022 (pooled)",52.859553789913,0.452378689603922,0.650996196353803,0.864253571021428,"Not significant","Not significant"
40000,"Okhaldhunga","Koshi","2002-2022 (pooled)",48.4027039065013,0.608736553957125,0.542699073697293,0.803612089897915,"Not significant","Not significant"
50000,"Khotang","Koshi","2002-2022 (pooled)",52.8336598369149,-0.0357339672095933,0.971494485922756,0.979098194778164,"Not significant","Not significant"
60000,"Bhojpur","Koshi","2002-2022 (pooled)",39.4602002235221,-0.201103211939212,0.840617870538092,0.967164353528091,"Not significant","Not significant"
70000,"Dhankuta","Koshi","2002-2022 (pooled)",40.8435610364846,-1.01893059211958,0.308235918921519,0.593354143923924,"Not significant","Not significant"
80000,"Terhathum","Koshi","2002-2022 (pooled)",42.1760033496951,0.199900252029994,0.841558593329637,0.967164353528091,"Not significant","Not significant"
90000,"Panchthar","Koshi","2002-2022 (pooled)",63.4929580855179,-0.0948541086606121,0.924430708079848,0.979098194778164,"Not significant","Not significant"
100000,"Ilam","Koshi","2002-2022 (pooled)",57.6626566395478,0.318834053877581,0.749852353603041,0.946534938154658,"Not significant","Not significant"
110000,"Jhapa","Koshi","2002-2022 (pooled)",41.7360377060869,-0.516319639149152,0.605631181845215,0.832742875037171,"Not significant","Not significant"
120000,"Morang","Koshi","2002-2022 (pooled)",33.4659921924654,-0.401521184036139,0.688036444696272,0.882980104026882,"Not significant","Not significant"
130000,"Sunsari","Koshi","2002-2022 (pooled)",37.2084148764628,-2.0313397880296,0.0422205378465143,0.184221169444241,"Cold spot","Not significant"
140000,"Udayapur","Koshi","2002-2022 (pooled)",42.7342542640961,-1.18111272123753,0.237557946983968,0.537998879934281,"Not significant","Not significant"
150000,"Saptari","Madhesh","2002-2022 (pooled)",35.738166365734,-1.50739243363393,0.131710097070699,0.375617684238659,"Not significant","Not significant"
160000,"Siraha","Madhesh","2002-2022 (pooled)",42.5174664422177,-1.0605400725122,0.288898969463475,0.573977091491307,"Not significant","Not significant"
170000,"Dhanusha","Madhesh","2002-2022 (pooled)",46.5454782088756,-0.141734999853201,0.887289328124843,0.979098194778164,"Not significant","Not significant"
180000,"Mahottari","Madhesh","2002-2022 (pooled)",51.4626935322181,0.584231852722861,0.559064333988578,0.812225541832462,"Not significant","Not significant"
190000,"Sarlahi","Madhesh","2002-2022 (pooled)",53.3238561386068,0.881522678929977,0.378034984550133,0.676946367682797,"Not significant","Not significant"
200000,"Rautahat","Madhesh","2002-2022 (pooled)",52.7574254065431,0.142709438723813,0.886519661999961,0.979098194778164,"Not significant","Not significant"
210000,"Bara","Madhesh","2002-2022 (pooled)",48.8639008977504,-0.0712578704720818,0.943192524446995,0.979098194778164,"Not significant","Not significant"
220000,"Parsa","Madhesh","2002-2022 (pooled)",51.6711790652006,-1.05969524302777,0.289283267635263,0.573977091491307,"Not significant","Not significant"
230000,"Dolakha","Bagmati","2002-2022 (pooled)",47.4139336788459,0.427085046689026,0.669317383964598,0.873515907886,"Not significant","Not significant"
240000,"Sindhupalchok","Bagmati","2002-2022 (pooled)",45.8406264058902,-1.05968949880458,0.289285881760106,0.573977091491307,"Not significant","Not significant"
250000,"Rasuwa","Bagmati","2002-2022 (pooled)",53.6887996763481,0.113060246082856,0.909982791879297,0.979098194778164,"Not significant","Not significant"
260000,"Dhading","Bagmati","2002-2022 (pooled)",52.52752781337,-1.56688747852094,0.117140994968096,0.360794264501735,"Not significant","Not significant"
270000,"Nuwakot","Bagmati","2002-2022 (pooled)",40.0010086793168,-0.64187685052436,0.520953146081008,0.803612089897915,"Not significant","Not significant"
280000,"Kathmandu","Bagmati","2002-2022 (pooled)",30.1693088710346,-2.37573090920546,0.0175142301364269,0.103738132346529,"Cold spot","Not significant"
290000,"Bhaktapur","Bagmati","2002-2022 (pooled)",35.3918043451179,-2.48098719386678,0.0131019080092064,0.0917133560644448,"Cold spot","Not significant"
300000,"Lalitpur","Bagmati","2002-2022 (pooled)",38.6291261457048,-2.77361210009291,0.00554377367296026,0.0734889023526029,"Cold spot","Not significant"
310000,"Kabhrepalanchok","Bagmati","2002-2022 (pooled)",33.6646186948503,-2.00857651573496,0.0445820639230926,0.184221169444241,"Cold spot","Not significant"
320000,"Ramechhap","Bagmati","2002-2022 (pooled)",52.5054554104831,-0.0261995249629873,0.979098194778164,0.979098194778164,"Not significant","Not significant"
330000,"Sindhuli","Bagmati","2002-2022 (pooled)",50.5711531933183,-0.232443003392799,0.816193951532984,0.967164353528091,"Not significant","Not significant"
340000,"Makawanpur","Bagmati","2002-2022 (pooled)",34.9140958223015,-1.52810836164666,0.126485635756586,0.374592075125273,"Not significant","Not significant"
350000,"Chitawan","Bagmati","2002-2022 (pooled)",32.1038423651364,-1.34609293399483,0.178272547159703,0.415969276705975,"Not significant","Not significant"
360000,"Gorkha","Gandaki","2002-2022 (pooled)",46.1504377816096,-0.948996707491285,0.34262228665289,0.643461367616402,"Not significant","Not significant"
370000,"Manang","Gandaki","2002-2022 (pooled)",47.4140679803584,-0.768372977373186,0.442265629829106,0.728049828418788,"Not significant","Not significant"
380000,"Mustang","Gandaki","2002-2022 (pooled)",49.1054617942682,0.647175736134245,0.517518213054174,0.803612089897915,"Not significant","Not significant"
390000,"Myagdi","Gandaki","2002-2022 (pooled)",45.9878931308328,-0.113282552356021,0.909806549394302,0.979098194778164,"Not significant","Not significant"
400000,"Kaski","Gandaki","2002-2022 (pooled)",29.3170085937738,-1.90881547902044,0.0562858993278496,0.216700712412221,"Not significant","Not significant"
410000,"Lamjung","Gandaki","2002-2022 (pooled)",47.1760458089995,-1.37242180470388,0.169932166051114,0.408899274560493,"Not significant","Not significant"
420000,"Tanahu","Gandaki","2002-2022 (pooled)",35.2203624593808,-2.785902761266,0.00533788815011357,0.0734889023526029,"Cold spot","Not significant"
430000,"Nawalparasi_e","Gandaki","2002-2022 (pooled)",42.9439969389976,-2.27468473905088,0.0229248486195679,0.126086667407623,"Cold spot","Not significant"
440000,"Syangja","Gandaki","2002-2022 (pooled)",31.0506868459268,-2.71234959028206,0.00668080930478208,0.0734889023526029,"Cold spot","Not significant"
450000,"Parbat","Gandaki","2002-2022 (pooled)",44.1337195260271,-1.62554393610413,0.104046710021839,0.338855270326849,"Not significant","Not significant"
460000,"Baglung","Gandaki","2002-2022 (pooled)",52.0533706894785,-0.0409007465622334,0.967375022276414,0.979098194778164,"Not significant","Not significant"
470000,"Rukum_e","Lumbini","2002-2022 (pooled)",47.4140679803584,0.76479428552458,0.444394051112766,0.728049828418788,"Not significant","Not significant"
480000,"Rolpa","Lumbini","2002-2022 (pooled)",60.5174498609789,-0.628583104286457,0.529622024422407,0.803612089897915,"Not significant","Not significant"
490000,"Pyuthan","Lumbini","2002-2022 (pooled)",39.7788919983761,-0.291080844998445,0.770989489418994,0.957519204601009,"Not significant","Not significant"
500000,"Gulmi","Lumbini","2002-2022 (pooled)",40.9747222566645,-1.72507776722029,0.0845134586244815,0.309882681623099,"Not significant","Not significant"
510000,"Arghakhanchi","Lumbini","2002-2022 (pooled)",41.8899632078611,-1.13246150704412,0.257440458747846,0.566369009245262,"Not significant","Not significant"
520000,"Palpa","Lumbini","2002-2022 (pooled)",35.3918043451179,-2.44241877569219,0.0145892121612287,0.0936141113678845,"Cold spot","Not significant"
530000,"Nawalparasi_w","Lumbini","2002-2022 (pooled)",38.6845446322529,-1.41702772829355,0.156474820716817,0.404534617954785,"Not significant","Not significant"
540000,"Rupandehi","Lumbini","2002-2022 (pooled)",43.0661433848058,-0.855872819258576,0.392068130960063,0.68611922918011,"Not significant","Not significant"
550000,"Kapilbastu","Lumbini","2002-2022 (pooled)",58.2299026289105,-0.216652415255466,0.828479234264902,0.967164353528091,"Not significant","Not significant"
560000,"Dang","Lumbini","2002-2022 (pooled)",41.982545870558,-0.227582620710117,0.819970732098102,0.967164353528091,"Not significant","Not significant"
570000,"Banke","Lumbini","2002-2022 (pooled)",47.3634152196986,-0.821128095480383,0.411573308205149,0.704247660706588,"Not significant","Not significant"
580000,"Bardiya","Lumbini","2002-2022 (pooled)",47.147081899831,-0.474182772533547,0.635369577222149,0.858306270984306,"Not significant","Not significant"
590000,"Dolpa","Karnali","2002-2022 (pooled)",60.7109823376293,1.61821056342856,0.105617227114862,0.338855270326849,"Not significant","Not significant"
600000,"Mugu","Karnali","2002-2022 (pooled)",56.3748767863978,2.57880057962847,0.00991440033540489,0.0848232028695752,"Hot spot","Not significant"
610000,"Humla","Karnali","2002-2022 (pooled)",78.7213245658557,3.69544780323501,0.000219499573080263,0.0169014671271802,"Hot spot","Hot spot"
620000,"Jumla","Karnali","2002-2022 (pooled)",51.211802473631,2.63620582210084,0.00838388608523185,0.0806949035703565,"Hot spot","Not significant"
630000,"Kalikot","Karnali","2002-2022 (pooled)",52.0699448134399,2.52766146903785,0.0114825010064538,0.0884152577496946,"Hot spot","Not significant"
640000,"Dailekh","Karnali","2002-2022 (pooled)",56.6932026224958,1.67226392000052,0.0944722909513375,0.330653018329681,"Not significant","Not significant"
650000,"Jajarkot","Karnali","2002-2022 (pooled)",77.9143504683504,0.907555651206301,0.364113034356346,0.667540562986634,"Not significant","Not significant"
660000,"Rukum_w","Karnali","2002-2022 (pooled)",37.1616439226797,1.39550175328232,0.162864586449329,0.404534617954785,"Not significant","Not significant"
670000,"Salyan","Karnali","2002-2022 (pooled)",36.0448801523915,0.0834674671224928,0.933479844575892,0.979098194778164,"Not significant","Not significant"
680000,"Surkhet","Karnali","2002-2022 (pooled)",33.657686074469,1.43547021385741,0.151153150308608,0.404534617954785,"Not significant","Not significant"
690000,"Bajura","Sudurpashchim","2002-2022 (pooled)",50.5388617136094,3.48326743578049,0.000495333277795075,0.0190703311951104,"Hot spot","Hot spot"
700000,"Bajhang","Sudurpashchim","2002-2022 (pooled)",81.2775548999636,3.15159728598448,0.0016238005887381,0.041677548444278,"Hot spot","Hot spot"
710000,"Darchula","Sudurpashchim","2002-2022 (pooled)",62.4324315618276,2.24299281281581,0.0248972779767197,0.127806026947161,"Hot spot","Not significant"
720000,"Baitadi","Sudurpashchim","2002-2022 (pooled)",39.4273976801182,2.7450980595976,0.00604928192236654,0.0734889023526029,"Hot spot","Not significant"
730000,"Dadeldhura","Sudurpashchim","2002-2022 (pooled)",65.9843563585558,1.40994504038147,0.158555911847311,0.404534617954785,"Not significant","Not significant"
740000,"Doti","Sudurpashchim","2002-2022 (pooled)",51.686621505408,2.11173751221075,0.0347089696251903,0.167036916321228,"Hot spot","Not significant"
750000,"Achham","Sudurpashchim","2002-2022 (pooled)",55.5823893686307,0.621492010957196,0.534275949342396,0.803612089897915,"Not significant","Not significant"
760000,"Kailali","Sudurpashchim","2002-2022 (pooled)",61.9048727423975,1.05655293550592,0.290715669716376,0.573977091491307,"Not significant","Not significant"
770000,"Kanchanpur","Sudurpashchim","2002-2022 (pooled)",50.8282735896312,2.00039922810383,0.0454571716810465,0.184221169444241,"Hot spot","Not significant"
10000,"Taplejung","Koshi","2002-2006",61.6574124293134,-0.722826407700426,0.469786541017176,0.837957305153625,"Not significant","Not significant"
20000,"Sankhuwasabha","Koshi","2002-2006",52.3569508135425,-1.10559369895889,0.268902418323658,0.769622706203614,"Not significant","Not significant"
30000,"Solukhumbu","Koshi","2002-2006",64.5965296704948,-0.075779400933188,0.939594604667781,0.951957691571304,"Not significant","Not significant"
40000,"Okhaldhunga","Koshi","2002-2006",66.3224751261083,-0.0952452314328305,0.924120043773842,0.948763244941145,"Not significant","Not significant"
50000,"Khotang","Koshi","2002-2006",77.8981200513392,-0.186548261196142,0.85201483605201,0.934027985218277,"Not significant","Not significant"
60000,"Bhojpur","Koshi","2002-2006",61.0840456079703,-0.7770924953707,0.437104201284029,0.837957305153625,"Not significant","Not significant"
70000,"Dhankuta","Koshi","2002-2006",61.5426597904598,-2.20849069030066,0.0272100860737742,0.372365126541939,"Cold spot","Not significant"
80000,"Terhathum","Koshi","2002-2006",57.4303692070587,-0.785144888810942,0.432368623432525,0.837957305153625,"Not significant","Not significant"
90000,"Panchthar","Koshi","2002-2006",71.6813995774835,-0.560078624071695,0.575425810061643,0.899404770940212,"Not significant","Not significant"
100000,"Ilam","Koshi","2002-2006",84.2162238712364,0.161768413580244,0.871488227683895,0.934027985218277,"Not significant","Not significant"
110000,"Jhapa","Koshi","2002-2006",70.4994731297041,-0.128646608451652,0.897637284495487,0.934027985218277,"Not significant","Not significant"
120000,"Morang","Koshi","2002-2006",37.9366338746793,-0.325594750211131,0.744730984671012,0.934027985218277,"Not significant","Not significant"
130000,"Sunsari","Koshi","2002-2006",55.3783660210949,-2.51838427346797,0.0117894618712027,0.33400675883482,"Cold spot","Not significant"
140000,"Udayapur","Koshi","2002-2006",50.7022222110512,-0.98596660789417,0.324149499174429,0.77998473238847,"Not significant","Not significant"
150000,"Saptari","Madhesh","2002-2006",52.9701973111993,-1.73706134289618,0.0823763437916383,0.553507577263923,"Not significant","Not significant"
160000,"Siraha","Madhesh","2002-2006",59.7597087508222,-0.871854891079935,0.383287544946781,0.837957305153625,"Not significant","Not significant"
170000,"Dhanusha","Madhesh","2002-2006",76.1211406157771,-0.287314770484236,0.77387131402093,0.934027985218277,"Not significant","Not significant"
180000,"Mahottari","Madhesh","2002-2006",77.7842267105536,0.738642812722445,0.460123919901454,0.837957305153625,"Not significant","Not significant"
190000,"Sarlahi","Madhesh","2002-2006",70.7048632095676,-0.155293180772226,0.876590191355413,0.934027985218277,"Not significant","Not significant"
200000,"Rautahat","Madhesh","2002-2006",54.6895935252435,-1.42663504744205,0.153685116575153,0.751440537972065,"Not significant","Not significant"
210000,"Bara","Madhesh","2002-2006",67.6494903441294,-1.12513101309441,0.260533521134917,0.769622706203614,"Not significant","Not significant"
220000,"Parsa","Madhesh","2002-2006",70.1473268318441,-1.04907111504343,0.294145389148598,0.769622706203614,"Not significant","Not significant"
230000,"Dolakha","Bagmati","2002-2006",56.3333920965323,-0.229360087592205,0.81858905480138,0.934027985218277,"Not significant","Not significant"
240000,"Sindhupalchok","Bagmati","2002-2006",59.174702116033,-0.563217134698274,0.573287036504013,0.899404770940212,"Not significant","Not significant"
250000,"Rasuwa","Bagmati","2002-2006",69.7319379799583,0.143083264446548,0.886224421976365,0.934027985218277,"Not significant","Not significant"
260000,"Dhading","Bagmati","2002-2006",71.0053443671971,-1.20285096227503,0.22903399955708,0.769622706203614,"Not significant","Not significant"
270000,"Nuwakot","Bagmati","2002-2006",63.9737814192223,-0.802475719235824,0.422277828251991,0.837957305153625,"Not significant","Not significant"
280000,"Kathmandu","Bagmati","2002-2006",40.3216804275307,-1.79918763264609,0.0719890051041994,0.553507577263923,"Not significant","Not significant"
290000,"Bhaktapur","Bagmati","2002-2006",51.5748356779269,-1.41816194853512,0.15614348840978,0.751440537972065,"Not significant","Not significant"
300000,"Lalitpur","Bagmati","2002-2006",60.6415209979634,-2.18327635950496,0.0290154644058653,0.372365126541939,"Cold spot","Not significant"
310000,"Kabhrepalanchok","Bagmati","2002-2006",73.9178674182432,-1.99860523648354,0.0456510833678111,0.446580340179974,"Cold spot","Not significant"
320000,"Ramechhap","Bagmati","2002-2006",74.8520494291205,-0.226885838338548,0.820512514287845,0.934027985218277,"Not significant","Not significant"
330000,"Sindhuli","Bagmati","2002-2006",53.553696866997,-0.316550838292462,0.751584443999332,0.934027985218277,"Not significant","Not significant"
340000,"Makawanpur","Bagmati","2002-2006",40.9947241921764,-1.69911233798712,0.0892980191243602,0.553507577263923,"Not significant","Not significant"
350000,"Chitawan","Bagmati","2002-2006",56.5130812230689,-0.312977491165519,0.754297763125981,0.934027985218277,"Not significant","Not significant"
360000,"Gorkha","Gandaki","2002-2006",75.9000182895246,-0.141393828480922,0.887558829450684,0.934027985218277,"Not significant","Not significant"
370000,"Manang","Gandaki","2002-2006",64.8648648648649,-0.278699704876468,0.780475289016263,0.934027985218277,"Not significant","Not significant"
380000,"Mustang","Gandaki","2002-2006",64.8648648648649,0.464359454764217,0.642390233823993,0.906744915470325,"Not significant","Not significant"
390000,"Myagdi","Gandaki","2002-2006",63.3514791730802,0.0446801721138047,0.964362238273589,0.964362238273589,"Not significant","Not significant"
400000,"Kaski","Gandaki","2002-2006",53.17114359355,-1.10758236211729,0.26804222422322,0.769622706203614,"Not significant","Not significant"
410000,"Lamjung","Gandaki","2002-2006",60.4603469015423,-0.500671071050012,0.616602635055464,0.906744915470325,"Not significant","Not significant"
420000,"Tanahu","Gandaki","2002-2006",57.8450915329156,-0.645574239617434,0.518555124766223,0.887305435711093,"Not significant","Not significant"
430000,"Nawalparasi_e","Gandaki","2002-2006",73.6714134651072,-0.959574329251607,0.337269493976145,0.786962152611006,"Not significant","Not significant"
440000,"Syangja","Gandaki","2002-2006",63.7082150471557,-1.21498034767016,0.224373586890443,0.769622706203614,"Not significant","Not significant"
450000,"Parbat","Gandaki","2002-2006",57.9981442614513,-0.458485719676,0.646603519743085,0.906744915470325,"Not significant","Not significant"
460000,"Baglung","Gandaki","2002-2006",74.7613475375944,0.733299606589224,0.463375714940838,0.837957305153625,"Not significant","Not significant"
470000,"Rukum_e","Lumbini","2002-2006",64.8648648648649,1.99175489460551,0.046397957421296,0.446580340179974,"Hot spot","Not significant"
480000,"Rolpa","Lumbini","2002-2006",95.5265761769443,0.79970067517866,0.423884241674421,0.837957305153625,"Not significant","Not significant"
490000,"Pyuthan","Lumbini","2002-2006",57.6521409227485,1.04514129924403,0.295957668855402,0.769622706203614,"Not significant","Not significant"
500000,"Gulmi","Lumbini","2002-2006",64.4162416531813,-0.392496553822169,0.694691357155228,0.934027985218277,"Not significant","Not significant"
510000,"Arghakhanchi","Lumbini","2002-2006",66.7097479983472,-0.902797332358432,0.366633467222172,0.830316969885506,"Not significant","Not significant"
520000,"Palpa","Lumbini","2002-2006",58.3615718716644,-1.0155408118867,0.309848102497559,0.769622706203614,"Not significant","Not significant"
530000,"Nawalparasi_w","Lumbini","2002-2006",53.6343340780089,-1.07193730546997,0.283748192757072,0.769622706203614,"Not significant","Not significant"
540000,"Rupandehi","Lumbini","2002-2006",49.0891007990046,-1.05657189070628,0.290707014822732,0.769622706203614,"Not significant","Not significant"
550000,"Kapilbastu","Lumbini","2002-2006",69.6486690427743,-0.547509024731368,0.584029072039099,0.899404770940212,"Not significant","Not significant"
560000,"Dang","Lumbini","2002-2006",61.8817369793212,0.509899118810105,0.610122139336108,0.906744915470325,"Not significant","Not significant"
570000,"Banke","Lumbini","2002-2006",65.6156483269486,-0.200547423484687,0.841052472670871,0.934027985218277,"Not significant","Not significant"
580000,"Bardiya","Lumbini","2002-2006",73.551834632175,-0.599053329948167,0.549137322122357,0.899404770940212,"Not significant","Not significant"
590000,"Dolpa","Karnali","2002-2006",78.5069493790197,0.708181189694163,0.478832745802072,0.837957305153625,"Not significant","Not significant"
600000,"Mugu","Karnali","2002-2006",77.8981200513392,1.67747655026621,0.0934493312263767,0.553507577263923,"Not significant","Not significant"
610000,"Humla","Karnali","2002-2006",76.2585812492148,3.30725365696066,0.000942155371263219,0.0725459635872679,"Hot spot","Not significant"
620000,"Jumla","Karnali","2002-2006",60.7825248139606,0.593444415202168,0.552883772008031,0.899404770940212,"Not significant","Not significant"
630000,"Kalikot","Karnali","2002-2006",61.5414865221611,1.57847047131101,0.11445756668298,0.629516616756388,"Not significant","Not significant"
640000,"Dailekh","Karnali","2002-2006",97.6932668874974,0.153128721024428,0.878296766869593,0.934027985218277,"Not significant","Not significant"
650000,"Jajarkot","Karnali","2002-2006",62.6376630292015,0.423979561997263,0.671580718651341,0.923423488145593,"Not significant","Not significant"
660000,"Rukum_w","Karnali","2002-2006",71.3480999299375,1.27080268932192,0.203798851768897,0.769622706203614,"Not significant","Not significant"
670000,"Salyan","Karnali","2002-2006",54.5982186769762,0.364869702449055,0.715208671382241,0.934027985218277,"Not significant","Not significant"
680000,"Surkhet","Karnali","2002-2006",47.7782513709905,0.456994582242525,0.647674939621661,0.906744915470325,"Not significant","Not significant"
690000,"Bajura","Sudurpashchim","2002-2006",84.270952304577,2.48340646875422,0.0130132503442138,0.33400675883482,"Hot spot","Not significant"
700000,"Bajhang","Sudurpashchim","2002-2006",101.317085697218,2.21042335679712,0.027075794277744,0.372365126541939,"Hot spot","Not significant"
710000,"Darchula","Sudurpashchim","2002-2006",81.3300932028144,1.30013905469922,0.193553314262775,0.769622706203614,"Not significant","Not significant"
720000,"Baitadi","Sudurpashchim","2002-2006",39.8726775312454,1.88096796236349,0.059976277088315,0.513130370644473,"Not significant","Not significant"
730000,"Dadeldhura","Sudurpashchim","2002-2006",81.4786647575999,0.186860179180083,0.851770261619068,0.934027985218277,"Not significant","Not significant"
740000,"Doti","Sudurpashchim","2002-2006",71.642010432156,1.01696975464377,0.309167817809912,0.769622706203614,"Not significant","Not significant"
750000,"Achham","Sudurpashchim","2002-2006",59.9949026436485,1.11327845143386,0.265588858189762,0.769622706203614,"Not significant","Not significant"
760000,"Kailali","Sudurpashchim","2002-2006",68.0785832441131,0.736174866938061,0.461624285440947,0.837957305153625,"Not significant","Not significant"
770000,"Kanchanpur","Sudurpashchim","2002-2006",69.4715635728007,1.13313644072419,0.257156960390368,0.769622706203614,"Not significant","Not significant"
10000,"Taplejung","Koshi","2007-2011",48.5591712885098,0.0304676349867233,0.975694104931089,0.975694104931089,"Not significant","Not significant"
20000,"Sankhuwasabha","Koshi","2007-2011",50.5961993962195,-1.33884049600749,0.180622604320208,0.466227888526101,"Not significant","Not significant"
30000,"Solukhumbu","Koshi","2007-2011",49.9441783356173,-0.367951861608167,0.712909128741867,0.831727316865512,"Not significant","Not significant"
40000,"Okhaldhunga","Koshi","2007-2011",49.8231297717298,0.0685196154287474,0.945372005916094,0.970581926073856,"Not significant","Not significant"
50000,"Khotang","Koshi","2007-2011",51.0933512927576,-0.695209774096882,0.486923847890098,0.756205346569138,"Not significant","Not significant"
60000,"Bhojpur","Koshi","2007-2011",48.4349732248698,-0.95270692575223,0.340738583297451,0.687238130806369,"Not significant","Not significant"
70000,"Dhankuta","Koshi","2007-2011",46.8510171462337,-1.14817784266628,0.250895154298146,0.568203731792861,"Not significant","Not significant"
80000,"Terhathum","Koshi","2007-2011",48.3644832303909,-0.378881635674113,0.704775761922024,0.831727316865512,"Not significant","Not significant"
90000,"Panchthar","Koshi","2007-2011",59.4906977773555,-0.443741261728388,0.657229659938289,0.816236835729811,"Not significant","Not significant"
100000,"Ilam","Koshi","2007-2011",52.0111522502427,0.664190152650819,0.506568615261963,0.756205346569138,"Not significant","Not significant"
110000,"Jhapa","Koshi","2007-2011",53.2548628646046,-0.0776247550486011,0.938126550111081,0.970581926073856,"Not significant","Not significant"
120000,"Morang","Koshi","2007-2011",49.0246147446457,-0.50112844933907,0.616280725967417,0.777928129499855,"Not significant","Not significant"
130000,"Sunsari","Koshi","2007-2011",42.9282190895363,-1.73848232251783,0.0821258622746915,0.371981846773603,"Not significant","Not significant"
140000,"Udayapur","Koshi","2007-2011",50.8132957784833,-0.867476139780075,0.385681179610915,0.687238130806369,"Not significant","Not significant"
150000,"Saptari","Madhesh","2007-2011",48.1153083731235,-0.775463837663816,0.438065625909552,0.733283765109467,"Not significant","Not significant"
160000,"Siraha","Madhesh","2007-2011",56.543049051855,0.148752674601381,0.88174879524825,0.942981350473823,"Not significant","Not significant"
170000,"Dhanusha","Madhesh","2007-2011",52.802671636533,0.428864890534133,0.668021552060815,0.816470785852107,"Not significant","Not significant"
180000,"Mahottari","Madhesh","2007-2011",48.0166024469328,0.274523432010818,0.783682398907502,0.887405069351142,"Not significant","Not significant"
190000,"Sarlahi","Madhesh","2007-2011",53.5304538978742,0.627508711684233,0.530325827464071,0.756205346569138,"Not significant","Not significant"
200000,"Rautahat","Madhesh","2007-2011",56.5740134678757,0.885192607113004,0.376052758948745,0.687238130806369,"Not significant","Not significant"
210000,"Bara","Madhesh","2007-2011",52.0226049777457,0.684796320250479,0.493472457716378,0.756205346569138,"Not significant","Not significant"
220000,"Parsa","Madhesh","2007-2011",53.9428486511717,-0.64603855171985,0.518254388811658,0.756205346569138,"Not significant","Not significant"
230000,"Dolakha","Bagmati","2007-2011",52.7449256380017,-0.384600650094121,0.700533312401984,0.831727316865512,"Not significant","Not significant"
240000,"Sindhupalchok","Bagmati","2007-2011",45.9173244617841,-1.0432071906867,0.296852343869802,0.638182839147276,"Not significant","Not significant"
250000,"Rasuwa","Bagmati","2007-2011",56.2609125470612,0.199020810126135,0.842246466084022,0.926471112692424,"Not significant","Not significant"
260000,"Dhading","Bagmati","2007-2011",56.8100295272823,-0.810384176415967,0.417719409393957,0.71476432274077,"Not significant","Not significant"
270000,"Nuwakot","Bagmati","2007-2011",49.8231297717298,-0.573471798198838,0.566325288849603,0.760591403696949,"Not significant","Not significant"
280000,"Kathmandu","Bagmati","2007-2011",42.7417249933252,-1.33570036726244,0.181647229295884,0.466227888526101,"Not significant","Not significant"
290000,"Bhaktapur","Bagmati","2007-2011",49.9416976056494,-1.58634414045659,0.112661264400308,0.372813345643266,"Not significant","Not significant"
300000,"Lalitpur","Bagmati","2007-2011",51.2499013258794,-1.44632631720247,0.148085697637423,0.437014791036535,"Not significant","Not significant"
310000,"Kabhrepalanchok","Bagmati","2007-2011",45.8029950070417,-1.15838970085248,0.246705040199705,0.568203731792861,"Not significant","Not significant"
320000,"Ramechhap","Bagmati","2007-2011",53.9694783114323,-0.594525927317203,0.552160406331205,0.759220558705407,"Not significant","Not significant"
330000,"Sindhuli","Bagmati","2007-2011",55.2683484140078,0.0834423885326423,0.933499784835282,0.970581926073856,"Not significant","Not significant"
340000,"Makawanpur","Bagmati","2007-2011",51.4620195844329,-0.524153980240771,0.600171446116512,0.77022002251619,"Not significant","Not significant"
350000,"Chitawan","Bagmati","2007-2011",42.3551961055339,-0.854717602447279,0.392707503317925,0.687238130806369,"Not significant","Not significant"
360000,"Gorkha","Gandaki","2007-2011",51.0298216372501,-0.20052588482109,0.841069315934622,0.926471112692424,"Not significant","Not significant"
370000,"Manang","Gandaki","2007-2011",51.7012363339123,-0.287407316244851,0.773800459859942,0.887405069351142,"Not significant","Not significant"
380000,"Mustang","Gandaki","2007-2011",51.7012363339123,0.86772794081971,0.385543286166228,0.687238130806369,"Not significant","Not significant"
390000,"Myagdi","Gandaki","2007-2011",53.5927161640858,-0.0468658468781877,0.962620148412608,0.975286202996984,"Not significant","Not significant"
400000,"Kaski","Gandaki","2007-2011",43.3936889234795,-0.884560496448879,0.376393720551168,0.687238130806369,"Not significant","Not significant"
410000,"Lamjung","Gandaki","2007-2011",54.8999018445676,-0.563766570481374,0.572913005382117,0.760591403696949,"Not significant","Not significant"
420000,"Tanahu","Gandaki","2007-2011",50.6436068973107,-1.96673502675963,0.0492137665481383,0.281139928890598,"Cold spot","Not significant"
430000,"Nawalparasi_e","Gandaki","2007-2011",43.6257232624046,-1.84899147792964,0.0644590432854819,0.33088975553214,"Not significant","Not significant"
440000,"Syangja","Gandaki","2007-2011",45.4019307307081,-1.70765766598861,0.0876998816040084,0.372813345643266,"Not significant","Not significant"
450000,"Parbat","Gandaki","2007-2011",49.8231297717298,-1.58153717195059,0.113755266623408,0.372813345643266,"Not significant","Not significant"
460000,"Baglung","Gandaki","2007-2011",51.8076029248836,-0.712363782709971,0.476239536615812,0.756205346569138,"Not significant","Not significant"
470000,"Rukum_e","Lumbini","2007-2011",51.7012363339123,0.527844206669967,0.597607471772242,0.77022002251619,"Not significant","Not significant"
480000,"Rolpa","Lumbini","2007-2011",53.4506141696075,-2.03704258618472,0.0416457745806867,0.281139928890598,"Cold spot","Not significant"
490000,"Pyuthan","Lumbini","2007-2011",45.865175798425,-1.95050170210886,0.0511163507073814,0.281139928890598,"Not significant","Not significant"
500000,"Gulmi","Lumbini","2007-2011",45.5989919522452,-1.57091857981693,0.11620156227842,0.372813345643266,"Not significant","Not significant"
510000,"Arghakhanchi","Lumbini","2007-2011",48.3308214545914,-1.22320803243873,0.221251132501735,0.5323855375823,"Not significant","Not significant"
520000,"Palpa","Lumbini","2007-2011",53.1291471962776,-1.80174367617413,0.0715857429664607,0.344506388026092,"Not significant","Not significant"
530000,"Nawalparasi_w","Lumbini","2007-2011",46.6677976804794,-0.913285799222216,0.361092249067767,0.687238130806369,"Not significant","Not significant"
540000,"Rupandehi","Lumbini","2007-2011",53.5046959252105,0.152838136536405,0.878525922423981,0.942981350473823,"Not significant","Not significant"
550000,"Kapilbastu","Lumbini","2007-2011",58.5369650210766,-0.609232717942978,0.542370196642853,0.759220558705407,"Not significant","Not significant"
560000,"Dang","Lumbini","2007-2011",39.803425357548,-1.64943963309932,0.0990576008206046,0.372813345643266,"Not significant","Not significant"
570000,"Banke","Lumbini","2007-2011",49.3319587489984,-2.09804417553664,0.0359012432071025,0.276439572694689,"Cold spot","Not significant"
580000,"Bardiya","Lumbini","2007-2011",51.5827800590392,-0.63460311307324,0.52568729730803,0.756205346569138,"Not significant","Not significant"
590000,"Dolpa","Karnali","2007-2011",58.9607636943683,1.53453445884891,0.124898222644542,0.384686525745189,"Not significant","Not significant"
600000,"Mugu","Karnali","2007-2011",49.7325694014241,1.42818383304225,0.153238952701123,0.437014791036535,"Not significant","Not significant"
610000,"Humla","Karnali","2007-2011",56.2328877305108,1.97699249765274,0.0480424782311552,0.281139928890598,"Hot spot","Not significant"
620000,"Jumla","Karnali","2007-2011",55.8404770729458,2.56798432885049,0.0102291780355973,0.112520958391571,"Hot spot","Not significant"
630000,"Kalikot","Karnali","2007-2011",57.2300116833921,2.13509688872078,0.0327530967350001,0.276439572694689,"Hot spot","Not significant"
640000,"Dailekh","Karnali","2007-2011",55.5998854939573,1.68081382336638,0.0927990827716169,0.372813345643266,"Not significant","Not significant"
650000,"Jajarkot","Karnali","2007-2011",67.0567880345233,1.03993263846591,0.298371197523402,0.638182839147276,"Not significant","Not significant"
660000,"Rukum_w","Karnali","2007-2011",47.3263597003139,0.931378974818367,0.351657562831407,0.687238130806369,"Not significant","Not significant"
670000,"Salyan","Karnali","2007-2011",43.5510833088759,-1.23799091592114,0.215719429151577,0.5323855375823,"Not significant","Not significant"
680000,"Surkhet","Karnali","2007-2011",43.0811502657654,1.60426860594235,0.108654857983785,0.372813345643266,"Not significant","Not significant"
690000,"Bajura","Sudurpashchim","2007-2011",50.4613236498399,2.60995489693636,0.00905541609719418,0.112520958391571,"Hot spot","Not significant"
700000,"Bajhang","Sudurpashchim","2007-2011",71.3807022929757,2.84954589570953,0.0043781688561665,0.112373000641607,"Hot spot","Not significant"
710000,"Darchula","Sudurpashchim","2007-2011",54.8374393107812,2.9666253632581,0.00301087586824882,0.112373000641607,"Hot spot","Not significant"
720000,"Baitadi","Sudurpashchim","2007-2011",56.4323883587456,3.1492887772061,0.00163668376154307,0.112373000641607,"Hot spot","Not significant"
730000,"Dadeldhura","Sudurpashchim","2007-2011",55.6104234695164,2.65547032979169,0.00791979001845511,0.112520958391571,"Hot spot","Not significant"
740000,"Doti","Sudurpashchim","2007-2011",57.4557441342435,2.69987535578595,0.00693654586171701,0.112520958391571,"Hot spot","Not significant"
750000,"Achham","Sudurpashchim","2007-2011",55.3281592785313,0.70738779148952,0.479325521667634,0.756205346569138,"Not significant","Not significant"
760000,"Kailali","Sudurpashchim","2007-2011",63.2809404523786,1.39966554705006,0.161613495502137,0.444437112630876,"Not significant","Not significant"
770000,"Kanchanpur","Sudurpashchim","2007-2011",57.0789708887143,2.24955002774573,0.024477523698974,0.235596165602625,"Hot spot","Not significant"
10000,"Taplejung","Koshi","2012-2016",37.4906806402475,0.421927945363853,0.673077611684132,0.900644955717393,"Not significant","Not significant"
20000,"Sankhuwasabha","Koshi","2012-2016",54.6084571240969,0.289784128687957,0.771981390614908,0.900644955717393,"Not significant","Not significant"
30000,"Solukhumbu","Koshi","2012-2016",44.740032442566,0.306390670584519,0.759307210823156,0.900644955717393,"Not significant","Not significant"
40000,"Okhaldhunga","Koshi","2012-2016",48.428480540085,0.19716778019745,0.843696243348109,0.941516097649339,"Not significant","Not significant"
50000,"Khotang","Koshi","2012-2016",36.9029924095268,-0.491197666650417,0.623286649115447,0.897376269580053,"Not significant","Not significant"
60000,"Bhojpur","Koshi","2012-2016",33.6831914581345,-0.11870378325982,0.905510039135587,0.973419994401705,"Not significant","Not significant"
70000,"Dhankuta","Koshi","2012-2016",41.3616055750748,-0.933638381178237,0.350490459949762,0.749660150448103,"Not significant","Not significant"
80000,"Terhathum","Koshi","2012-2016",41.677282673826,0.379868405007963,0.704043101577428,0.900644955717393,"Not significant","Not significant"
90000,"Panchthar","Koshi","2012-2016",38.1623317666575,-0.749460862876648,0.453579479133112,0.83474058406416,"Not significant","Not significant"
100000,"Ilam","Koshi","2012-2016",41.8212976424205,-1.48701419558394,0.137011061739306,0.477123753321998,"Not significant","Not significant"
110000,"Jhapa","Koshi","2012-2016",28.8620053837137,-1.46648029808717,0.142517484758519,0.477123753321998,"Not significant","Not significant"
120000,"Morang","Koshi","2012-2016",33.758909287744,-1.66842551180221,0.0952312873550774,0.450342255913542,"Not significant","Not significant"
130000,"Sunsari","Koshi","2012-2016",33.2493061770362,-1.74455737910029,0.0810619452737539,0.450342255913542,"Not significant","Not significant"
140000,"Udayapur","Koshi","2012-2016",34.6831383850023,-1.13583859997678,0.256024119041963,0.679788178145902,"Not significant","Not significant"
150000,"Saptari","Madhesh","2012-2016",33.9994865858493,-1.76788801299031,0.0770796271427169,0.450342255913542,"Not significant","Not significant"
160000,"Siraha","Madhesh","2012-2016",36.3564993953501,-1.6699784685274,0.0949236237046105,0.450342255913542,"Not significant","Not significant"
170000,"Dhanusha","Madhesh","2012-2016",34.7538562066163,0.225465955563344,0.821616807071192,0.930360208007085,"Not significant","Not significant"
180000,"Mahottari","Madhesh","2012-2016",51.0921430477237,1.35777964725315,0.174533614938326,0.559962014593795,"Not significant","Not significant"
190000,"Sarlahi","Madhesh","2012-2016",46.6935016585414,2.27589098719262,0.0228525350654082,0.342439291444292,"Hot spot","Not significant"
200000,"Rautahat","Madhesh","2012-2016",48.8622299227968,0.856223388460213,0.391874228045806,0.794060935777029,"Not significant","Not significant"
210000,"Bara","Madhesh","2012-2016",36.6025981592933,-0.503914751132171,0.614321284199128,0.897376269580053,"Not significant","Not significant"
220000,"Parsa","Madhesh","2012-2016",36.7571693383971,-1.46870316533069,0.141913318554632,0.477123753321998,"Not significant","Not significant"
230000,"Dolakha","Bagmati","2012-2016",43.9749951982976,0.295825099658426,0.767363653690632,0.900644955717393,"Not significant","Not significant"
240000,"Sindhupalchok","Bagmati","2012-2016",47.9785925951346,-0.573082438353504,0.566588877378405,0.890353950166065,"Not significant","Not significant"
250000,"Rasuwa","Bagmati","2012-2016",37.6482990857607,0.482671767535911,0.629328812432765,0.897376269580053,"Not significant","Not significant"
260000,"Dhading","Bagmati","2012-2016",44.0416662939891,-0.837285869100019,0.402431900297439,0.794545033920584,"Not significant","Not significant"
270000,"Nuwakot","Bagmati","2012-2016",43.2036284517766,0.354866765213333,0.722689407650629,0.900644955717393,"Not significant","Not significant"
280000,"Kathmandu","Bagmati","2012-2016",40.0015820884435,-0.683378115406364,0.494367945069333,0.83474058406416,"Not significant","Not significant"
290000,"Bhaktapur","Bagmati","2012-2016",35.2754185544186,-1.28178317392014,0.199918718297124,0.585861244710792,"Not significant","Not significant"
300000,"Lalitpur","Bagmati","2012-2016",38.4571841651921,-1.49867218599123,0.133958695746605,0.477123753321998,"Not significant","Not significant"
310000,"Kabhrepalanchok","Bagmati","2012-2016",32.0240900084261,-0.690842847734684,0.489664305486978,0.83474058406416,"Not significant","Not significant"
320000,"Ramechhap","Bagmati","2012-2016",33.3073429485968,0.737828159143427,0.460618879324165,0.83474058406416,"Not significant","Not significant"
330000,"Sindhuli","Bagmati","2012-2016",53.7802364500738,0.235289950224738,0.813983694757838,0.930360208007085,"Not significant","Not significant"
340000,"Makawanpur","Bagmati","2012-2016",35.4895753603033,-0.583615219448283,0.559479218322326,0.890353950166065,"Not significant","Not significant"
350000,"Chitawan","Bagmati","2012-2016",34.0365819731143,-1.52802300593604,0.126506826058837,0.477123753321998,"Not significant","Not significant"
360000,"Gorkha","Gandaki","2012-2016",38.4579125492116,-0.899616599638187,0.368324320256819,0.766512774588514,"Not significant","Not significant"
370000,"Manang","Gandaki","2012-2016",41.2940821862755,-0.659589989675733,0.509516979883318,0.83474058406416,"Not significant","Not significant"
380000,"Mustang","Gandaki","2012-2016",44.0761643444231,-0.0768962614787685,0.938706071650649,0.973419994401705,"Not significant","Not significant"
390000,"Myagdi","Gandaki","2012-2016",39.0607721443435,-0.0958878099567347,0.923609676211879,0.973419994401705,"Not significant","Not significant"
400000,"Kaski","Gandaki","2012-2016",31.8070771307096,-1.28542447161909,0.198643994217505,0.585861244710792,"Not significant","Not significant"
410000,"Lamjung","Gandaki","2012-2016",41.2441679524179,-1.26622688433286,0.20543186502846,0.585861244710792,"Not significant","Not significant"
420000,"Tanahu","Gandaki","2012-2016",32.4106970290732,-2.51495924031674,0.0119046145993641,0.274282293918098,"Cold spot","Not significant"
430000,"Nawalparasi_e","Gandaki","2012-2016",37.9356962647362,-1.78320249304526,0.0745533468037192,0.450342255913542,"Not significant","Not significant"
440000,"Syangja","Gandaki","2012-2016",29.9975981644102,-1.64764172766706,0.0994262123445483,0.450342255913542,"Not significant","Not significant"
450000,"Parbat","Gandaki","2012-2016",48.1441175299893,-0.67077404799514,0.502364482482604,0.83474058406416,"Not significant","Not significant"
460000,"Baglung","Gandaki","2012-2016",43.3655410381695,0.535841986324768,0.592067761752412,0.897376269580053,"Not significant","Not significant"
470000,"Rukum_e","Lumbini","2012-2016",41.2940821862755,-0.315660524220618,0.752260192865288,0.900644955717393,"Not significant","Not significant"
480000,"Rolpa","Lumbini","2012-2016",42.356102944261,0.180696977748232,0.856605431145596,0.942265974260156,"Not significant","Not significant"
490000,"Pyuthan","Lumbini","2012-2016",42.6348924825788,0.3359656425605,0.736896775332669,0.900644955717393,"Not significant","Not significant"
500000,"Gulmi","Lumbini","2012-2016",43.3574860491941,-0.490038890104563,0.624106379496826,0.897376269580053,"Not significant","Not significant"
510000,"Arghakhanchi","Lumbini","2012-2016",40.4077339715745,-0.0345381578425638,0.972448014929671,0.973419994401705,"Not significant","Not significant"
520000,"Palpa","Lumbini","2012-2016",31.8842420676986,-1.68189318231797,0.0925895549531001,0.450342255913542,"Not significant","Not significant"
530000,"Nawalparasi_w","Lumbini","2012-2016",40.1258482961875,-1.05771107248894,0.290187185700312,0.683091288658444,"Not significant","Not significant"
540000,"Rupandehi","Lumbini","2012-2016",39.2557448048274,-0.358867585238634,0.719694149800451,0.900644955717393,"Not significant","Not significant"
550000,"Kapilbastu","Lumbini","2012-2016",49.0221416825413,0.35968467419913,0.719082954266906,0.900644955717393,"Not significant","Not significant"
560000,"Dang","Lumbini","2012-2016",42.2966558886457,0.716313376581795,0.473797868933415,0.83474058406416,"Not significant","Not significant"
570000,"Banke","Lumbini","2012-2016",42.2966558886457,0.0973247318076106,0.922468516086905,0.973419994401705,"Not significant","Not significant"
580000,"Bardiya","Lumbini","2012-2016",37.5660389417136,0.295095668376148,0.767920798603601,0.900644955717393,"Not significant","Not significant"
590000,"Dolpa","Karnali","2012-2016",39.8424341018569,1.8828342409476,0.0597228351382302,0.450342255913542,"Not significant","Not significant"
600000,"Mugu","Karnali","2012-2016",48.7288631234977,2.21611567261965,0.0266835811515033,0.342439291444292,"Hot spot","Not significant"
610000,"Humla","Karnali","2012-2016",73.0500030581027,2.92885037575369,0.0034021815001684,0.261967975512967,"Hot spot","Not significant"
620000,"Jumla","Karnali","2012-2016",49.4518391796211,2.47278322840097,0.0134065434491473,0.274282293918098,"Hot spot","Not significant"
630000,"Kalikot","Karnali","2012-2016",39.1556206708958,1.7972005069976,0.0723037940919764,0.450342255913542,"Not significant","Not significant"
640000,"Dailekh","Karnali","2012-2016",36.1906735143136,1.03295549841203,0.30162472486217,0.683091288658444,"Not significant","Not significant"
650000,"Jajarkot","Karnali","2012-2016",71.8318582363444,1.09557857695045,0.273263241138096,0.683091288658444,"Not significant","Not significant"
660000,"Rukum_w","Karnali","2012-2016",36.404824726442,1.52677029190728,0.126818141342517,0.477123753321998,"Not significant","Not significant"
670000,"Salyan","Karnali","2012-2016",44.7913099035683,1.08965688911017,0.275864313200368,0.683091288658444,"Not significant","Not significant"
680000,"Surkhet","Karnali","2012-2016",36.389089158727,1.05131632857952,0.29311333010803,0.683091288658444,"Not significant","Not significant"
690000,"Bajura","Sudurpashchim","2012-2016",39.086603221332,1.78908321551252,0.0736014148477076,0.450342255913542,"Not significant","Not significant"
700000,"Bajhang","Sudurpashchim","2012-2016",49.5964956049823,2.4509384667408,0.0142484308528882,0.274282293918098,"Hot spot","Not significant"
710000,"Darchula","Sudurpashchim","2012-2016",58.1694042596381,1.70012150867226,0.0891080723205166,0.450342255913542,"Not significant","Not significant"
720000,"Baitadi","Sudurpashchim","2012-2016",39.1050510371111,0.960815834711667,0.336644775351683,0.740618505773702,"Not significant","Not significant"
730000,"Dadeldhura","Sudurpashchim","2012-2016",41.6755062904537,0.0333192607844912,0.973419994401705,0.973419994401705,"Not significant","Not significant"
740000,"Doti","Sudurpashchim","2012-2016",34.6662878934857,0.0613428120210757,0.951086195917266,0.973419994401705,"Not significant","Not significant"
750000,"Achham","Sudurpashchim","2012-2016",40.8763830138346,-1.17549213926266,0.23979788022614,0.659444170621886,"Not significant","Not significant"
760000,"Kailali","Sudurpashchim","2012-2016",50.8108331854323,-0.320310139640799,0.748733237440727,0.900644955717393,"Not significant","Not significant"
770000,"Kanchanpur","Sudurpashchim","2012-2016",41.1297014301703,0.710862262752689,0.477169593018931,0.83474058406416,"Not significant","Not significant"
10000,"Taplejung","Koshi","2017-2022",30.6603758534813,0.986511829137401,0.323882013392805,0.665436484901125,"Not significant","Not significant"
20000,"Sankhuwasabha","Koshi","2017-2022",31.9435243377653,0.627119805776102,0.530580705333466,0.739276210032314,"Not significant","Not significant"
30000,"Solukhumbu","Koshi","2017-2022",34.5019489657423,0.840074514358081,0.400866608550223,0.6732648690215,"Not significant","Not significant"
40000,"Okhaldhunga","Koshi","2017-2022",29.6287532355572,1.05880475918168,0.289688705784081,0.619611954038173,"Not significant","Not significant"
50000,"Khotang","Koshi","2017-2022",35.0984285831228,1.39909860107099,0.161783417176146,0.543112689409275,"Not significant","Not significant"
60000,"Bhojpur","Koshi","2017-2022",31.9435243377653,1.6655161857358,0.0958098171854919,0.462906259059202,"Not significant","Not significant"
70000,"Dhankuta","Koshi","2017-2022",32.0878014186527,1.62465003615998,0.104237149119176,0.462906259059202,"Not significant","Not significant"
80000,"Terhathum","Koshi","2017-2022",32.4542611438446,0.977347335092135,0.328397226314841,0.665436484901125,"Not significant","Not significant"
90000,"Panchthar","Koshi","2017-2022",37.1031441131834,0.64717270898733,0.517520172010753,0.739276210032314,"Not significant","Not significant"
100000,"Ilam","Koshi","2017-2022",32.015500333737,0.377736729918196,0.705626179319678,0.799017879523753,"Not significant","Not significant"
110000,"Jhapa","Koshi","2017-2022",29.6967710641896,-0.573334812030884,0.566418018931553,0.757607641075452,"Not significant","Not significant"
120000,"Morang","Koshi","2017-2022",29.4262992754987,0.844356407234044,0.398470274341445,0.6732648690215,"Not significant","Not significant"
130000,"Sunsari","Koshi","2017-2022",34.9513109751628,0.791614253966971,0.428585633079305,0.6732648690215,"Not significant","Not significant"
140000,"Udayapur","Koshi","2017-2022",36.091540171675,0.6558466132088,0.511922821138942,0.739276210032314,"Not significant","Not significant"
150000,"Saptari","Madhesh","2017-2022",30.3643542377182,0.819695964871107,0.412389450908103,0.6732648690215,"Not significant","Not significant"
160000,"Siraha","Madhesh","2017-2022",29.6800582630036,0.380732400224698,0.703401824478431,0.799017879523753,"Not significant","Not significant"
170000,"Dhanusha","Madhesh","2017-2022",32.1250496990258,0.107755990560077,0.914189253988385,0.938567634094742,"Not significant","Not significant"
180000,"Mahottari","Madhesh","2017-2022",31.1860922451331,0.805419164462209,0.420577836301511,0.6732648690215,"Not significant","Not significant"
190000,"Sarlahi","Madhesh","2017-2022",38.7345192905611,1.27195706462356,0.203388374768915,0.59525187498114,"Not significant","Not significant"
200000,"Rautahat","Madhesh","2017-2022",35.1288479804125,2.4234940704393,0.0153720042108124,0.462906259059202,"Hot spot","Not significant"
210000,"Bara","Madhesh","2017-2022",40.9756384192492,2.55706996218778,0.0105557984986906,0.462906259059202,"Hot spot","Not significant"
220000,"Parsa","Madhesh","2017-2022",35.3699536553238,1.73909541830901,0.0820179804404175,0.462906259059202,"Not significant","Not significant"
230000,"Dolakha","Bagmati","2017-2022",31.3791611136105,0.56707166069109,0.570665495875015,0.757607641075452,"Not significant","Not significant"
240000,"Sindhupalchok","Bagmati","2017-2022",30.9014527707298,-1.37451493399517,0.169281877218475,0.543112689409275,"Not significant","Not significant"
250000,"Rasuwa","Bagmati","2017-2022",30.8753814705508,-1.07292239081437,0.283305938904052,0.619611954038173,"Not significant","Not significant"
260000,"Dhading","Bagmati","2017-2022",28.9496814166738,-1.95706714596857,0.0503395744794602,0.462906259059202,"Not significant","Not significant"
270000,"Nuwakot","Bagmati","2017-2022",28.1751490014783,-1.6564727289323,0.0976261233132218,0.462906259059202,"Not significant","Not significant"
280000,"Kathmandu","Bagmati","2017-2022",26.5183335971417,-2.04111764264136,0.0412391351570315,0.462906259059202,"Cold spot","Not significant"
290000,"Bhaktapur","Bagmati","2017-2022",30.7317109015713,-1.72157418109098,0.0851466836056967,0.462906259059202,"Not significant","Not significant"
300000,"Lalitpur","Bagmati","2017-2022",29.3001349340869,-1.64189525753939,0.100611712872631,0.462906259059202,"Not significant","Not significant"
310000,"Kabhrepalanchok","Bagmati","2017-2022",28.1751490014783,-1.53243932488007,0.125414059553725,0.462906259059202,"Not significant","Not significant"
320000,"Ramechhap","Bagmati","2017-2022",32.6781824578738,-0.473903713584657,0.635568570927445,0.780980266314018,"Not significant","Not significant"
330000,"Sindhuli","Bagmati","2017-2022",28.9496814166738,0.919995782320611,0.357574963276715,0.6732648690215,"Not significant","Not significant"
340000,"Makawanpur","Bagmati","2017-2022",30.7988837721671,-0.0508079849927442,0.959478527993059,0.972103245466652,"Not significant","Not significant"
350000,"Chitawan","Bagmati","2017-2022",29.8623293797342,-0.916879126415715,0.359205983147709,0.6732648690215,"Not significant","Not significant"
360000,"Gorkha","Gandaki","2017-2022",28.6642923794117,-1.55710388896932,0.119445821873268,0.462906259059202,"Not significant","Not significant"
370000,"Manang","Gandaki","2017-2022",31.5388798259924,-1.38561970102921,0.165863059231703,0.543112689409275,"Not significant","Not significant"
380000,"Mustang","Gandaki","2017-2022",31.3145677343569,-0.416385701938296,0.677127789317337,0.789982420870226,"Not significant","Not significant"
390000,"Myagdi","Gandaki","2017-2022",29.8970032611033,-1.08972004269191,0.275836484503873,0.619611954038173,"Not significant","Not significant"
400000,"Kaski","Gandaki","2017-2022",26.6946680011226,-1.94511514792036,0.05176112115429,0.462906259059202,"Not significant","Not significant"
410000,"Lamjung","Gandaki","2017-2022",29.8294864099227,-1.78684533474256,0.0739624898117464,0.462906259059202,"Not significant","Not significant"
420000,"Tanahu","Gandaki","2017-2022",27.7606413970016,-2.22167692294576,0.0263051472011539,0.462906259059202,"Cold spot","Not significant"
430000,"Nawalparasi_e","Gandaki","2017-2022",31.1139244675291,-1.09867685080736,0.271909043331178,0.619611954038173,"Not significant","Not significant"
440000,"Syangja","Gandaki","2017-2022",28.7266320756872,-1.83813724578465,0.0660421840628146,0.462906259059202,"Not significant","Not significant"
450000,"Parbat","Gandaki","2017-2022",29.4964253100152,-1.33019242881698,0.183454878076346,0.565041024475145,"Not significant","Not significant"
460000,"Baglung","Gandaki","2017-2022",31.1139244675291,-0.817623448958016,0.413572233766711,0.6732648690215,"Not significant","Not significant"
470000,"Rukum_e","Lumbini","2017-2022",31.5388798259924,-1.25707995871953,0.208724683434945,0.59525187498114,"Not significant","Not significant"
480000,"Rolpa","Lumbini","2017-2022",28.3566088372444,-1.10164361973767,0.270616636925692,0.619611954038173,"Not significant","Not significant"
490000,"Pyuthan","Lumbini","2017-2022",30.5034160083037,-0.51725970274324,0.604974880294278,0.76974012453113,"Not significant","Not significant"
500000,"Gulmi","Lumbini","2017-2022",32.4412876127069,-1.12875767760127,0.259000070713365,0.619611954038173,"Not significant","Not significant"
510000,"Arghakhanchi","Lumbini","2017-2022",29.1707196694724,-0.0263785618534528,0.978955393362179,0.978955393362179,"Not significant","Not significant"
520000,"Palpa","Lumbini","2017-2022",29.3001349340869,-1.19168055396273,0.233386525790468,0.619611954038173,"Not significant","Not significant"
530000,"Nawalparasi_w","Lumbini","2017-2022",31.3706357686166,-0.440922566520125,0.659269055979366,0.780980266314018,"Not significant","Not significant"
540000,"Rupandehi","Lumbini","2017-2022",31.1860922451331,-0.279087881963875,0.780177382595202,0.846107865631416,"Not significant","Not significant"
550000,"Kapilbastu","Lumbini","2017-2022",34.2393027657135,0.293919690546179,0.768819271449625,0.845701198594588,"Not significant","Not significant"
560000,"Dang","Lumbini","2017-2022",33.1059451742263,-0.616362305966593,0.537655425478046,0.739276210032314,"Not significant","Not significant"
570000,"Banke","Lumbini","2017-2022",30.9440390270974,-0.893369131198134,0.371659527873618,0.6732648690215,"Not significant","Not significant"
580000,"Bardiya","Lumbini","2017-2022",27.3016057433999,-0.907001290694337,0.364406114691218,0.6732648690215,"Not significant","Not significant"
590000,"Dolpa","Karnali","2017-2022",30.3783168815512,-0.331516016564406,0.740254744881751,0.82608138196949,"Not significant","Not significant"
600000,"Mugu","Karnali","2017-2022",30.5186946721728,0.161120693007771,0.871998342508402,0.91952758054102,"Not significant","Not significant"
610000,"Humla","Karnali","2017-2022",35.7169974223609,0.510367352620473,0.609794124628557,0.76974012453113,"Not significant","Not significant"
620000,"Jumla","Karnali","2017-2022",28.9496814166738,0.87444285396438,0.381877128321899,0.6732648690215,"Not significant","Not significant"
630000,"Kalikot","Karnali","2017-2022",35.2330751541692,1.8399346986434,0.0657778250232032,0.462906259059202,"Not significant","Not significant"
640000,"Dailekh","Karnali","2017-2022",31.1296782803285,2.26086245659605,0.023767775587096,0.462906259059202,"Hot spot","Not significant"
650000,"Jajarkot","Karnali","2017-2022",38.4336773818475,-0.517801128777948,0.604597030692871,0.76974012453113,"Not significant","Not significant"
660000,"Rukum_w","Karnali","2017-2022",27.6537836391755,-0.468975821663896,0.639086918456753,0.780980266314018,"Not significant","Not significant"
670000,"Salyan","Karnali","2017-2022",28.7061260718788,-1.19361111339743,0.232630124704044,0.619611954038173,"Not significant","Not significant"
680000,"Surkhet","Karnali","2017-2022",26.5511921749077,1.14806121656304,0.250943293292363,0.619611954038173,"Not significant","Not significant"
690000,"Bajura","Sudurpashchim","2017-2022",29.1707196694724,1.98394112404964,0.0472624037450062,0.462906259059202,"Hot spot","Not significant"
700000,"Bajhang","Sudurpashchim","2017-2022",33.689243584333,-0.453075246569656,0.650494559050137,0.780980266314018,"Not significant","Not significant"
710000,"Darchula","Sudurpashchim","2017-2022",27.8778223655022,-0.776955576767915,0.437184979884091,0.6732648690215,"Not significant","Not significant"
720000,"Baitadi","Sudurpashchim","2017-2022",28.4283869960981,0.14627812901523,0.883701830649812,0.91952758054102,"Not significant","Not significant"
730000,"Dadeldhura","Sudurpashchim","2017-2022",38.0044854460246,0.617649727117109,0.53680625770383,0.739276210032314,"Not significant","Not significant"
740000,"Doti","Sudurpashchim","2017-2022",30.3078771325261,1.5684828370632,0.116768492297828,0.462906259059202,"Not significant","Not significant"
750000,"Achham","Sudurpashchim","2017-2022",42.0772988662021,0.740072787566579,0.459255829583668,0.693386252508675,"Not significant","Not significant"
760000,"Kailali","Sudurpashchim","2017-2022",37.2749863399355,-0.20734197608196,0.835742794177666,0.893780488217782,"Not significant","Not significant"
770000,"Kanchanpur","Sudurpashchim","2017-2022",27.6619024530497,1.52906971749924,0.1262471615616,0.462906259059202,"Not significant","Not significant"
