"analysis","term","or","or_lo","or_hi"
"Main model","(Intercept)",0.0143577095090513,0.0103555423959647,0.0199066175835106
"Main model","seg_f1-2",0.192569584159721,0.163263599338267,0.227136023545673
"Main model","seg_f3-5",0.14241666668553,0.117848325604642,0.172106874202535
"Main model","seg_f6-11",0.147001393043491,0.121639315403364,0.177651522331153
"Main model","seg_f12-23",0.10298859414983,0.0820980727379861,0.129194878408526
"Main model","seg_f24-35",0.0597157069326761,0.043992502143685,0.081058486803555
"Main model","seg_f36-47",0.0436698859793367,0.0300302894553474,0.0635045141434253
"Main model","seg_f48-59",0.0250200685038164,0.0148677462230614,0.0421048233231659
"Main model","sexMale",1.11696657955179,1.00657676211906,1.2394626885774
"Main model","multipleMultiple",7.46089945711888,5.91100334141363,9.41718647310465
"Main model","birth_order2-3",0.447674937409058,0.374957370065096,0.534495026859749
"Main model","birth_order4-5",0.505423744675629,0.395002957321624,0.646712023155658
"Main model","birth_order6+",0.643768791262809,0.469223888644334,0.883242022910128
"Main model","bi_cat24-35 months",1.4354917176492,1.20193294790118,1.71443546417274
"Main model","bi_cat<24 months",2.7839355197887,2.35775107320734,3.28715659019853
"Main model","mage_cat<20",1.2691869529885,1.10038274725249,1.4638865664318
"Main model","mage_cat25-29",1.06015890809971,0.903743614147122,1.24364575619586
"Main model","mage_cat30-34",0.983556013681086,0.783029242499725,1.23543589376047
"Main model","mage_cat35+",1.17299552059591,0.880133280125826,1.56330696998683
"Main model","meduPrimary",1.24128447720968,1.05476561577883,1.46078629253004
"Main model","meduNone",1.45384307106337,1.22922408619914,1.71950720703382
"Main model","wealthRicher",1.36345295921754,1.04201010156422,1.78405561444022
"Main model","wealthMiddle",1.24902141619581,0.933926900198648,1.67042463150378
"Main model","wealthPoorer",1.48567806262107,1.09785492505669,2.01050180253964
"Main model","wealthPoorest",1.65093573189765,1.19239824220993,2.28580409998337
"Main model","ethnicityTerai/Madhesi other caste",1.13923244119157,0.907330733673836,1.43040515095111
"Main model","ethnicityDalit",1.08090869348707,0.917558191833027,1.2733400606689
"Main model","ethnicityNewar",1.11765148586593,0.725499102376442,1.72177310732242
"Main model","ethnicityJanajati",1.0505115232397,0.897653732473565,1.22939884338072
"Main model","ethnicityMuslim",0.934995887161195,0.688102800954856,1.27047485898216
"Main model","ethnicityOther",1.34651761266148,0.420965963308178,4.30702203797947
"Main model","residenceRural",1.24603782102192,1.09241681260074,1.42126176886708
"Main model","period2007-2011",0.886154761133027,0.768543158937144,1.02176468757424
"Main model","period2012-2016",0.743011759133169,0.628269769619878,0.878709275705215
"Main model","period2017-2022",0.584606589668924,0.473074102069091,0.722434103218814
"Main model","water_impUnimproved",0.95789323936344,0.788275233117949,1.16400899009457
"Main model","sanit_impUnimproved",1.02906561159799,0.895700078899202,1.18228864540796
"Main model","electricityNo",0.936562566929432,0.800534482439715,1.09570475852613
"Main model","clean_fuelPolluting",1.20886497695442,0.978448038515063,1.49354332062929
"Main model","hh_envNot recorded",1.33464575150059,0.993968021880663,1.79208912438476
"Main model","mediaYes",1.02752495853566,0.897376465098854,1.17654917582155
"Main model","mworkEmployed",0.85718396024257,0.759943689817241,0.966866823874595
"Main model","hh_head_fFemale",0.953741946029189,0.849023873760669,1.07137587967515
"Main model","scale(alt_km)",1.00878818202408,0.92865083661768,1.09584092972763
"Births in the 5 years before interview","(Intercept)",0.0116182266030107,0.00649557947280926,0.0207807771368127
"Births in the 5 years before interview","seg_f1-2",0.192498194434941,0.149488255749815,0.247882716102655
"Births in the 5 years before interview","seg_f3-5",0.144786460427329,0.108308677005845,0.193549766303056
"Births in the 5 years before interview","seg_f6-11",0.121095538408847,0.0877387411247605,0.167134030355837
"Births in the 5 years before interview","seg_f12-23",0.0760026741092498,0.049998151111577,0.115532401565531
"Births in the 5 years before interview","seg_f24-35",0.0610849858657586,0.0360381910492869,0.103539478247307
"Births in the 5 years before interview","seg_f36-47",0.0323838244023624,0.0138692823800102,0.0756140118997468
"Births in the 5 years before interview","seg_f48-59",0.00346790405370208,0.000272767506264343,0.0440901436186039
"Births in the 5 years before interview","sexMale",1.0354412162781,0.878691615539257,1.22015334322894
"Births in the 5 years before interview","multipleMultiple",4.95875527601854,3.31034823941955,7.42799612277445
"Births in the 5 years before interview","birth_order2-3",0.456731126479872,0.347666797186556,0.600009329575519
"Births in the 5 years before interview","birth_order4-5",0.428644161614655,0.286047471843252,0.642326310742625
"Births in the 5 years before interview","birth_order6+",0.601886012658872,0.353553632935421,1.02464446264244
"Births in the 5 years before interview","bi_cat24-35 months",1.55468934932025,1.17214223137677,2.06208675721101
"Births in the 5 years before interview","bi_cat<24 months",2.69827566585425,2.05284956527951,3.54662693851601
"Births in the 5 years before interview","mage_cat<20",1.27669494191852,1.02783951255642,1.58580201948684
"Births in the 5 years before interview","mage_cat25-29",0.94987358045422,0.736543282817476,1.22499225760845
"Births in the 5 years before interview","mage_cat30-34",0.967742462882755,0.670062835318235,1.39766813663318
"Births in the 5 years before interview","mage_cat35+",1.06439414954759,0.648718194877112,1.74642073328275
"Births in the 5 years before interview","meduPrimary",1.15085231911127,0.907296396263067,1.45978873702015
"Births in the 5 years before interview","meduNone",1.40817423993486,1.09579530405464,1.80960320114426
"Births in the 5 years before interview","wealthRicher",1.51281408928725,0.990365101982963,2.3108714797842
"Births in the 5 years before interview","wealthMiddle",1.58879336620042,1.00836162006032,2.50333244568695
"Births in the 5 years before interview","wealthPoorer",2.09824621787298,1.3104712444602,3.35958321056616
"Births in the 5 years before interview","wealthPoorest",2.31547500919802,1.3928291264167,3.84930528557641
"Births in the 5 years before interview","ethnicityTerai/Madhesi other caste",1.23859719988921,0.881704016491032,1.73995240452554
"Births in the 5 years before interview","ethnicityDalit",1.04619011322424,0.810076519912435,1.3511239075618
"Births in the 5 years before interview","ethnicityNewar",1.40505759102826,0.765720977093801,2.57820654411079
"Births in the 5 years before interview","ethnicityJanajati",0.959589094728375,0.754185048647961,1.22093540885274
"Births in the 5 years before interview","ethnicityMuslim",1.21298097256143,0.784344881833081,1.87586210336129
"Births in the 5 years before interview","ethnicityOther",2.88379993245243,0.85508465749305,9.72570607779879
"Births in the 5 years before interview","residenceRural",1.09204881976911,0.892627586177131,1.3360225957911
"Births in the 5 years before interview","period2007-2011",1.12028187053865,0.790050649203671,1.58854558340351
"Births in the 5 years before interview","period2012-2016",0.761461655051461,0.519351909843428,1.11643731567005
"Births in the 5 years before interview","period2017-2022",0.684264383495826,0.461661472825907,1.01420147463223
"Births in the 5 years before interview","water_impUnimproved",0.986951970680495,0.729288097633793,1.3356507470649
"Births in the 5 years before interview","sanit_impUnimproved",0.967236582872981,0.772995775120952,1.21028683125909
"Births in the 5 years before interview","electricityNo",0.805729008280762,0.625977327858063,1.03709704152784
"Births in the 5 years before interview","clean_fuelPolluting",1.16247242669496,0.833464312657892,1.6213557344965
"Births in the 5 years before interview","hh_envNot recorded",1.19860699908875,0.783474230803406,1.8337026053701
"Births in the 5 years before interview","mediaYes",1.09506218957946,0.878790655700585,1.3645584318265
"Births in the 5 years before interview","mworkEmployed",0.911447311216441,0.755850582347376,1.09907463263935
"Births in the 5 years before interview","hh_head_fFemale",0.942507003962052,0.780968166113791,1.13745923465476
"Births in the 5 years before interview","scale(alt_km)",0.973680659376503,0.863831347997859,1.09749898361666
"Adding children ever born and household size","(Intercept)",0.0196102005285493,0.0141152532661268,0.0272442837205596
"Adding children ever born and household size","seg_f1-2",0.193219878137358,0.163662401514009,0.228115443510829
"Adding children ever born and household size","seg_f3-5",0.142551484313472,0.117855087504048,0.172422982412838
"Adding children ever born and household size","seg_f6-11",0.146520857924891,0.121131378269403,0.177232044361779
"Adding children ever born and household size","seg_f12-23",0.101469128386049,0.0808171402413585,0.127398519480841
"Adding children ever born and household size","seg_f24-35",0.0574475961238244,0.0422966419833102,0.0780257284185416
"Adding children ever born and household size","seg_f36-47",0.0411390850611082,0.0282754509468561,0.0598549010887932
"Adding children ever born and household size","seg_f48-59",0.0231970669534867,0.0137814817868429,0.0390454323829144
"Adding children ever born and household size","sexMale",1.22047400182853,1.09782839943356,1.35682114792066
"Adding children ever born and household size","multipleMultiple",5.63777144730133,4.43201393763028,7.171562937142
"Adding children ever born and household size","birth_order2-3",0.28437494325944,0.236502565385908,0.341937552439879
"Adding children ever born and household size","birth_order4-5",0.142711001141961,0.108253723831706,0.188136067065952
"Adding children ever born and household size","birth_order6+",0.0427557245858863,0.0279285576184746,0.0654545791385557
"Adding children ever born and household size","bi_cat24-35 months",1.35762807208086,1.13457114562945,1.62453803730346
"Adding children ever born and household size","bi_cat<24 months",2.48848759990293,2.1022622578618,2.94566984290964
"Adding children ever born and household size","mage_cat<20",1.28588498391297,1.11284132828397,1.48583643492339
"Adding children ever born and household size","mage_cat25-29",0.999401412845604,0.851396439649619,1.17313526047729
"Adding children ever born and household size","mage_cat30-34",0.894937539168794,0.710295547386153,1.12757738938504
"Adding children ever born and household size","mage_cat35+",0.731941710184645,0.536147786709606,0.999236927556684
"Adding children ever born and household size","meduPrimary",1.09371478110007,0.927369016207127,1.28989862879956
"Adding children ever born and household size","meduNone",1.15372153204761,0.971514996120029,1.37010069718558
"Adding children ever born and household size","wealthRicher",1.18127218973808,0.902686361526666,1.5458347945887
"Adding children ever born and household size","wealthMiddle",0.956677078264858,0.714329151681781,1.28124552935101
"Adding children ever born and household size","wealthPoorer",0.992555075635413,0.732426412050984,1.3450710705679
"Adding children ever born and household size","wealthPoorest",0.972095769428979,0.700488395446163,1.34901618796959
"Adding children ever born and household size","ethnicityTerai/Madhesi other caste",1.12361692558929,0.895317986963166,1.41013027086952
"Adding children ever born and household size","ethnicityDalit",1.08731974558476,0.922057432480192,1.28220237426902
"Adding children ever born and household size","ethnicityNewar",1.24709739675798,0.808732891941929,1.92307241673585
"Adding children ever born and household size","ethnicityJanajati",1.15312611913735,0.983943860073597,1.35139808335945
"Adding children ever born and household size","ethnicityMuslim",0.915635161241512,0.673018655484407,1.24571249499516
"Adding children ever born and household size","ethnicityOther",1.47063746379836,0.45771082378589,4.72519861347865
"Adding children ever born and household size","residenceRural",1.30157626920837,1.14276682131108,1.48245534694712
"Adding children ever born and household size","period2007-2011",1.14331464296046,0.987105363973939,1.32424401742214
"Adding children ever born and household size","period2012-2016",1.0567407686354,0.889986470266172,1.25473935773672
"Adding children ever born and household size","period2017-2022",1.10295265215883,0.886064347705129,1.37293025732825
"Adding children ever born and household size","water_impUnimproved",1.00597571493707,0.826713345684917,1.22410886956802
"Adding children ever born and household size","sanit_impUnimproved",1.05723107875937,0.91938836073167,1.21574037875048
"Adding children ever born and household size","electricityNo",0.920927207233398,0.786122569840421,1.07884820199841
"Adding children ever born and household size","clean_fuelPolluting",1.53099141605315,1.23625224655542,1.89600036930921
"Adding children ever born and household size","hh_envNot recorded",2.57056044067791,1.90713118910763,3.46477526921997
"Adding children ever born and household size","mediaYes",1.15336748820249,1.00592535585972,1.32242074930661
"Adding children ever born and household size","mworkEmployed",0.879623796616604,0.78003915679827,0.991922029594098
"Adding children ever born and household size","hh_head_fFemale",0.740075015668768,0.652664840453386,0.839191871338816
"Adding children ever born and household size","scale(alt_km)",0.953564773086837,0.878329201072908,1.03524484368894
"Adding children ever born and household size","scale(parity)",2.8532170496057,2.6084936843298,3.12089984386997
"Adding children ever born and household size","scale(hhsize)",0.572085409545829,0.52650142332822,0.621616013393362
