"dcode","district","province","resid_log_or","resid_or","lo","hi"
760000,"Kailali","Sudurpashchim",0.395091089872003,1.48451940944529,1.20032339386115,1.83600343731594
650000,"Jajarkot","Karnali",0.327819722172603,1.38793873515425,1.08777428673738,1.7709316684801
610000,"Humla","Karnali",0.278446019027232,1.3210752905419,0.987288345121168,1.76771044842647
700000,"Bajhang","Sudurpashchim",0.276367657077392,1.31833246920024,1.02298523544748,1.69894973957015
770000,"Kanchanpur","Sudurpashchim",0.24295956614589,1.27501706922202,0.988935974770777,1.64385619320231
710000,"Darchula","Sudurpashchim",0.239278336892537,1.27033206766139,0.945524307884444,1.70671821831795
730000,"Dadeldhura","Sudurpashchim",0.199642021378069,1.22096560033523,0.932668003078832,1.59837905050974
550000,"Kapilbastu","Lumbini",0.173129180949254,1.18901969385618,0.925734425798952,1.52718511160228
640000,"Dailekh","Karnali",0.144244118255193,1.15516607123316,0.908959010962406,1.46806251550923
750000,"Achham","Sudurpashchim",0.129820390801192,1.13862385763901,0.888735145381438,1.45877463710328
590000,"Dolpa","Karnali",0.129808305040012,1.13861009658615,0.857128950027456,1.51252965146772
600000,"Mugu","Karnali",0.118527275811372,1.12583758181671,0.845057758811491,1.49990961850177
580000,"Bardiya","Lumbini",0.0981298146763478,1.10310597515936,0.84873905492152,1.43370660908824
740000,"Doti","Sudurpashchim",0.0963559793631755,1.10115098125768,0.860066855697546,1.40981305754579
570000,"Banke","Lumbini",0.0947251834774274,1.0993566922251,0.856393547629982,1.41124969949249
480000,"Rolpa","Lumbini",0.0879204455956662,1.09190125301906,0.842283479230994,1.41549534775765
100000,"Ilam","Koshi",0.0877349758602589,1.09169875716158,0.808772191500281,1.47359935085964
630000,"Kalikot","Karnali",0.081770961332597,1.08520722694597,0.835361192035286,1.40977907119011
690000,"Bajura","Sudurpashchim",0.0800603601619333,1.08335245703122,0.823139873586745,1.42582395023766
540000,"Rupandehi","Lumbini",0.0743783345903194,1.07721427583303,0.83939697264462,1.38240979402455
720000,"Baitadi","Sudurpashchim",0.0705393471443548,1.07308679150094,0.815233820013124,1.41249692275431
90000,"Panchthar","Koshi",0.0673831010067805,1.06970520482717,0.803058023316378,1.42488984856768
460000,"Baglung","Gandaki",0.0634666416254253,1.06552394106187,0.823653149449141,1.3784215719145
620000,"Jumla","Karnali",0.0631335731871559,1.06516910776205,0.808656146552762,1.4030502741706
110000,"Jhapa","Koshi",0.0386621263245636,1.03941923191793,0.782392726717394,1.38088239165229
380000,"Mustang","Gandaki",0.0377340159671334,1.03845498369668,0.750841017479569,1.43624113235637
470000,"Rukum_e","Lumbini",0.0347909304302078,1.03540321486457,0.760945393350698,1.40885249680171
190000,"Sarlahi","Madhesh",0.0237292537231423,1.0240130326393,0.803176298042864,1.30556976540557
560000,"Dang","Lumbini",0.0182092149695636,1.01837601361042,0.801834480573484,1.29339624351813
390000,"Myagdi","Gandaki",0.0076640193904464,1.00769346315819,0.758152303388473,1.33936955827125
410000,"Lamjung","Gandaki",0.00555947236216271,1.00557495490693,0.750520185264336,1.34730685435187
210000,"Bara","Madhesh",0.0028549817551788,1.00285906109681,0.778470806742438,1.29192551308701
200000,"Rautahat","Madhesh",-0.00129688240686793,0.9987039581817,0.77333478366134,1.2897513692137
450000,"Parbat","Gandaki",-0.00742920993713422,0.992598318429489,0.742740219254551,1.3265087795271
260000,"Dhading","Bagmati",-0.00790935463855649,0.992121842004223,0.759097955979371,1.29667817128018
220000,"Parsa","Madhesh",-0.00832403787754848,0.991710510997238,0.767170952211987,1.28196946819572
660000,"Rukum_w","Karnali",-0.0108471545639198,0.989211463678655,0.755395230577555,1.29540044769028
50000,"Khotang","Koshi",-0.0133499482104568,0.98673876712763,0.74430393492372,1.30813952320746
370000,"Manang","Gandaki",-0.0143218946789835,0.985780175792756,0.722638483189785,1.344742326338
510000,"Arghakhanchi","Lumbini",-0.0180925546473127,0.982070132996991,0.742601582173233,1.29876069385985
500000,"Gulmi","Lumbini",-0.0199608039673332,0.980237093958938,0.739435727364406,1.29945676793019
360000,"Gorkha","Gandaki",-0.0244788353343733,0.975818341568765,0.740039516281871,1.28671701279709
670000,"Salyan","Karnali",-0.0259999655000892,0.974335123223224,0.753212430894935,1.26037342641632
180000,"Mahottari","Madhesh",-0.0277862854822991,0.97259620252004,0.752093559202199,1.25774694063307
170000,"Dhanusha","Madhesh",-0.0282010099761906,0.972192926682153,0.756846416970118,1.24881226296157
330000,"Sindhuli","Bagmati",-0.0349891993257908,0.965615845503404,0.74337945173768,1.25429073793699
250000,"Rasuwa","Bagmati",-0.0392085072964805,0.961550198010858,0.704715615811076,1.31198849940426
20000,"Sankhuwasabha","Koshi",-0.0448797543518279,0.956112443281622,0.731738407407465,1.24928662339424
430000,"Nawalparasi_e","Gandaki",-0.0504189051669349,0.950831033029799,0.730582190721542,1.23747836294726
680000,"Surkhet","Karnali",-0.0564528851520556,0.945111012207811,0.751035464666519,1.18933774424766
490000,"Pyuthan","Lumbini",-0.0568669414978778,0.944719764000691,0.719371658423893,1.24065970912579
40000,"Okhaldhunga","Koshi",-0.067083622634944,0.935117001119553,0.698736564610167,1.25146421422885
320000,"Ramechhap","Bagmati",-0.0675163253153269,0.934712461015803,0.709430925274468,1.23153270269435
30000,"Solukhumbu","Koshi",-0.0678995474146789,0.934354327170987,0.707688649755783,1.23361877995983
160000,"Siraha","Madhesh",-0.0703559852828919,0.932061960500239,0.715410646762421,1.21432285379455
280000,"Kathmandu","Bagmati",-0.0712348803633523,0.931243135711719,0.71249211326517,1.2171556171141
400000,"Kaski","Gandaki",-0.0729949505097365,0.929605524047984,0.70975547535105,1.21755514448565
240000,"Sindhupalchok","Bagmati",-0.0775917455408056,0.925342124488461,0.712536415360186,1.20170426225863
530000,"Nawalparasi_w","Lumbini",-0.0827285280769247,0.920601030632596,0.691532884235764,1.22554729778094
230000,"Dolakha","Bagmati",-0.0842180297528826,0.919230814577467,0.687222071101153,1.22956657826023
140000,"Udayapur","Koshi",-0.085061723202298,0.918455592631531,0.707960375056384,1.19153656808681
420000,"Tanahu","Gandaki",-0.0893149224442806,0.91455751353095,0.700387511877281,1.19421810265296
270000,"Nuwakot","Bagmati",-0.0920410013504599,0.912067752768862,0.676060504821036,1.23046321994664
300000,"Lalitpur","Bagmati",-0.092291760951162,0.91183907169655,0.667865884361159,1.2449363145233
120000,"Morang","Koshi",-0.0938565310889403,0.910413368886195,0.708037638342157,1.17063339201492
10000,"Taplejung","Koshi",-0.0953979647854563,0.909011108065325,0.674606976246979,1.22486310352598
70000,"Dhankuta","Koshi",-0.0958423045240684,0.90860728803046,0.678654823861964,1.21647585021806
80000,"Terhathum","Koshi",-0.103312502688321,0.901845100422435,0.661891842207625,1.22878774641375
520000,"Palpa","Lumbini",-0.105433583614541,0.899934241241415,0.676639067792194,1.19691823471164
440000,"Syangja","Gandaki",-0.10894802338204,0.89677702772387,0.676725080366582,1.18838367423536
350000,"Chitawan","Bagmati",-0.109984927974161,0.895847637433515,0.682920666922666,1.17516283862309
290000,"Bhaktapur","Bagmati",-0.117891054485212,0.888792877337773,0.645980390164783,1.22287424019923
60000,"Bhojpur","Koshi",-0.123569768820712,0.883759980201483,0.662866938936077,1.17826317278594
310000,"Kabhrepalanchok","Bagmati",-0.139346873343057,0.869926221900149,0.655786935480342,1.15399010045108
130000,"Sunsari","Koshi",-0.158712990534469,0.853241212134127,0.663480923784584,1.09727429981165
340000,"Makawanpur","Bagmati",-0.165717498103933,0.847285560160043,0.653301374754842,1.09886929401475
150000,"Saptari","Madhesh",-0.166023640098583,0.847026210169605,0.645050418975367,1.11224391087743
