"dcode","district","province","period","period_num","births","deaths","expected","u5mr_raw","u5mr_eb","rr","rr_lo","rr_hi","rr_sd","p_exceed_1_2","p_exceed_1","u5mr_smooth","u5mr_smooth_lo","u5mr_smooth_hi"
10000,"Taplejung","Koshi","2002-2006",1,121,7,7.66792586533454,56.3949915485337,61.6574124293134,0.895191571571198,0.558610467492866,1.36220875251658,0.206030473002251,0.0797367595059657,0.272836535407677,57.1924858011386,35.6888092393218,87.0295333542416
20000,"Sankhuwasabha","Koshi","2002-2006",1,168,7,10.687143376567,35.777756167729,52.3569508135425,0.927222350865069,0.612881001158513,1.34124324410121,0.186408272562362,0.0807785800361841,0.316275058403961,59.2388856424026,39.1560745986738,85.6900775545681
30000,"Solukhumbu","Koshi","2002-2006",1,78,5,4.93315675558552,64.1025641025641,64.5965296704948,1.02131007974527,0.635305164023457,1.55636744941132,0.236075628476372,0.204752924391291,0.490810365041651,65.2500136164939,40.5887217068283,99.4340497370644
40000,"Okhaldhunga","Koshi","2002-2006",1,27,2,1.70298464655361,72.4361532956704,66.3224751261083,1.02743007261144,0.595231062841397,1.65726906607049,0.272724096344055,0.232255366974769,0.488262491515434,65.641011047901,38.0284457439686,105.880507077991
50000,"Khotang","Koshi","2002-2006",1,53,6,3.1946146267771,112.203379499757,77.8981200513392,1.15489415816502,0.711119572923991,1.78346045754346,0.274988488533699,0.386782247828642,0.689488434134495,73.7845058424093,45.4323938796517,113.94269130117
60000,"Bhojpur","Koshi","2002-2006",1,58,3,3.71191788425034,52.2720989158941,61.0840456079703,0.856305612472042,0.513338902208793,1.34267105439127,0.212742224337373,0.0660301007934501,0.223525982778394,54.7081185056125,32.7964748642782,85.7812982746173
70000,"Dhankuta","Koshi","2002-2006",1,24,1,1.51920069003877,57.5120607889227,61.5426597904598,0.86411248327307,0.501324201464501,1.38754778769221,0.227462017815675,0.0800952191786115,0.242659153616409,55.2068881116036,32.0288731312583,88.6484074092696
80000,"Terhathum","Koshi","2002-2006",1,36,1,2.30276901975395,27.6610362115375,57.4303692070587,0.861994701661918,0.490040207926762,1.40471514730552,0.234979742350405,0.0846492268550196,0.24483865587235,55.0715861286848,31.3079552175043,89.7452050133891
90000,"Panchthar","Koshi","2002-2006",1,84,7,5.2658515375067,82.2395176019461,71.6813995774835,1.25843668439221,0.792694802241839,1.90367227786594,0.284756871871237,0.539005509475331,0.820467632503441,80.3996870495657,50.6441164792033,121.622849431855
100000,"Ilam","Koshi","2002-2006",1,62,8,3.7759820934346,128.408518024343,84.2162238712364,1.25984144448566,0.784957478738407,1.92945353374549,0.293487819747082,0.536217005306572,0.813722059234206,80.4894351261231,50.1497901487708,123.269976323631
110000,"Jhapa","Koshi","2002-2006",1,102,8,6.35476270050567,59.9532139535197,70.4994731297041,1.00115485703736,0.649804679455733,1.48564800106097,0.214056702283703,0.165716016305058,0.456664100770187,63.9623257906158,41.5150746315194,94.9158871737785
120000,"Morang","Koshi","2002-2006",1,181,3,11.6608619129732,6.8561355731549,37.9366338746793,0.697131767865272,0.462328485863781,1.00022115492476,0.137528596598775,0.00182742698285154,0.0248956607769041,44.538733385501,29.5374936526904,63.902672922433
130000,"Sunsari","Koshi","2002-2006",1,151,7,9.6190568622351,53.0730699652985,55.3783660210949,0.780096066075361,0.518444775392704,1.1231827846867,0.154625770961191,0.0107491709145791,0.0853162037929106,49.8392015736162,33.1226816660924,71.7585123735368
140000,"Udayapur","Koshi","2002-2006",1,119,4,7.57379791948153,42.1080911309698,50.7022222110512,0.850819726173643,0.550048982355187,1.25157527769062,0.179537862262824,0.0391797128512648,0.189320462329793,54.3576332193434,35.1418284223398,79.9613217679671
150000,"Saptari","Madhesh","2002-2006",1,70,2,4.4712389760754,27.0295684574111,52.9701973111993,0.783450728765363,0.489759969210262,1.18654875775431,0.17843812128858,0.0220799869323104,0.114307033468117,50.0535260873388,31.290051174031,75.806872110195
160000,"Siraha","Madhesh","2002-2006",1,29,1,1.84340789912473,13.4515740067097,59.7597087508222,0.99886233555663,0.627906603047729,1.51291479421434,0.226492990291477,0.173238771260423,0.451693626459775,63.8158599319108,40.1160384209362,96.6579228785271
170000,"Dhanusha","Madhesh","2002-2006",1,97,9,5.98493587871963,86.4416676556775,76.1211406157771,1.12735485290278,0.754016655105824,1.63354071934914,0.224971889439771,0.334838567676329,0.693565844609935,72.025059735897,48.1730259873566,104.364537562591
180000,"Mahottari","Madhesh","2002-2006",1,79,8,4.89171371343739,123.134400416803,77.7842267105536,1.19696126304487,0.791029566062537,1.74242285229878,0.243295392974401,0.453071478931292,0.787028606138458,76.4721119090228,50.5377269648637,111.320858466943
190000,"Sarlahi","Madhesh","2002-2006",1,73,6,4.57699141255877,82.1917808219176,70.7048632095676,1.22310014986927,0.815761494728797,1.75612109701195,0.240159167726072,0.501338178257819,0.826756627760013,78.1420873210323,52.1178138691643,112.196019372316
200000,"Rautahat","Madhesh","2002-2006",1,45,1,2.88873557081881,24.5390616412774,54.6895935252435,1.11348175909282,0.708957846018759,1.64962187131587,0.240568525343071,0.325241004772613,0.656691101840056,71.1387279763701,45.2942842958937,105.391938942062
210000,"Bara","Madhesh","2002-2006",1,68,5,4.24042964581689,80.2062655642068,67.6494903441294,1.09274300505819,0.712999998238057,1.59838293577583,0.226327398613249,0.286709104625373,0.630783896939398,69.8137591838501,45.552531514422,102.118357971907
220000,"Parsa","Madhesh","2002-2006",1,146,11,9.30136889500176,74.1367608640022,70.1473268318441,1.09058390983623,0.740636707237133,1.55148393113597,0.207376474229116,0.271882829302103,0.64231464464123,69.6758177345039,47.3182006038278,99.1220488665331
230000,"Dolakha","Bagmati","2002-2006",1,75,3,4.77234010962256,49.3101961629662,56.3333920965323,0.934776751824537,0.565882961062989,1.45332941969982,0.227621312866941,0.122089873780677,0.343660602750958,59.7215253178993,36.1534382622672,92.8511000775751
240000,"Sindhupalchok","Bagmati","2002-2006",1,149,8,9.43452610786835,53.035631074163,59.174702116033,0.881706938164018,0.577521574369853,1.28859462192332,0.182027788623129,0.0531532178748944,0.235339010613225,56.3309722110139,36.8970123166224,82.3264337581082
250000,"Rasuwa","Bagmati","2002-2006",1,33,3,2.01015015043123,88.1990795765382,69.7319379799583,1.07624318149611,0.606570158296834,1.77784649553449,0.301194008237421,0.294506174197471,0.550337697898217,68.7596094858819,38.7528840389969,113.584023444275
260000,"Dhading","Bagmati","2002-2006",1,58,5,3.61225789037625,86.2068965517241,71.0053443671971,1.09862866201452,0.684670229965911,1.68100869997198,0.255384424163835,0.305768037993699,0.614878642922324,70.1897852352514,43.7425838773922,107.397197714893
270000,"Nuwakot","Bagmati","2002-2006",1,2,0,0.130594721619196,0,63.9737814192223,0.867451018378732,0.481998423294995,1.44247389495139,0.246904382870406,0.0952403168889838,0.256298558138235,55.42018225745,30.7941773089826,92.1575564107725
280000,"Kathmandu","Bagmati","2002-2006",1,137,2,8.87855042975009,14.671395644736,40.3216804275307,0.62190697426239,0.397647917861124,0.919854147936545,0.133646327116874,0.000633201183860677,0.00910466271570054,39.732730875362,25.405146360134,58.7681418879346
290000,"Bhaktapur","Bagmati","2002-2006",1,37,0,2.41400770436335,0,51.5748356779269,0.677883098038104,0.372314549081179,1.12956816003107,0.19469834732393,0.0146793761002937,0.0633544732086559,43.308963902921,23.7866343228736,72.1664647049874
300000,"Lalitpur","Bagmati","2002-2006",1,10,0,0.652498692478891,0,60.6415209979634,0.771679074405061,0.419371156898694,1.30133273260565,0.226875435178972,0.0462295744465309,0.14703457401652,49.301452233833,26.7930124657435,83.140253098536
310000,"Kabhrepalanchok","Bagmati","2002-2006",1,23,3,1.43244865940601,137.091071148793,73.9178674182432,0.804532909877208,0.469568767917104,1.29403453137237,0.211649806097548,0.0467671094726785,0.163816816059074,51.4004359356743,30.0000647287385,82.6739816504308
320000,"Ramechhap","Bagmati","2002-2006",1,61,6,3.86326171726275,45.7484517334962,74.8520494291205,1.08706782247359,0.674204542664096,1.66947996892897,0.255197504918437,0.291002087269275,0.595113503440126,69.4511800335363,43.0739463573163,106.660643878349
330000,"Sindhuli","Bagmati","2002-2006",1,49,1,3.18717760438609,22.7474585332118,53.553696866997,1.02734572293295,0.641971106592411,1.55172154446235,0.232920043081017,0.20945926368059,0.504731798233414,65.6356220697844,41.0145990696557,99.1372296359086
340000,"Makawanpur","Bagmati","2002-2006",1,108,1,6.99923987562727,9.93666613871147,40.9947241921764,0.722138860070007,0.454966900614333,1.08094368163527,0.160263037716613,0.00724817886102147,0.0544087092601223,46.1364000875421,29.067172692101,69.0599175942294
350000,"Chitawan","Bagmati","2002-2006",1,92,4,5.91039130342936,53.6986576249747,56.5130812230689,0.709968584558263,0.440439942883477,1.082176668408,0.164429307709384,0.00793282225980008,0.0528020408492369,45.3588589092,28.139066518919,69.1386913234869
360000,"Gorkha","Gandaki","2002-2006",1,45,5,2.77437830588488,143.008463909109,75.9000182895246,0.993543344589945,0.599586854602087,1.56101726983929,0.246691702755642,0.183221220942396,0.437838728539922,63.476037345328,38.3067309360295,99.7311199924711
370000,"Manang","Gandaki","2002-2006",1,0,0,NA,NA,64.8648648648649,0.93289243990904,0.489843986678812,1.61725431801209,0.290406313062524,0.161851314080404,0.350261177845124,59.6011393738238,31.2954189277383,103.324023099764
380000,"Mustang","Gandaki","2002-2006",1,0,0,NA,NA,64.8648648648649,1.07583550714893,0.54666283766959,1.91172781278657,0.352122743694221,0.30599102315822,0.527082988187828,68.7335637655547,34.9254925697673,122.137505826307
390000,"Myagdi","Gandaki","2002-2006",1,35,2,2.21507171152088,57.1428571428572,63.3514791730802,0.988265000254972,0.583230600443147,1.5712138497485,0.253553929776615,0.183725501182194,0.430028644917589,63.1388116128497,37.2617536781414,100.382564633146
400000,"Kaski","Gandaki","2002-2006",1,88,3,5.60169496120596,26.7756628883731,53.17114359355,0.677437429841351,0.422578828116348,1.0290825958991,0.155370398743344,0.00424228195307386,0.0330894577407951,43.2804908108765,26.9979459083679,65.7465883541073
410000,"Lamjung","Gandaki","2002-2006",1,27,1,1.73251398269374,38.1422892762575,60.4603469015423,0.935811241714348,0.543815432997552,1.5044231705443,0.246642659662987,0.136796090541866,0.348537487269114,59.7876173703865,34.7435760320705,96.11540540897
420000,"Tanahu","Gandaki","2002-2006",1,52,2,3.29664634648998,45.5723230050139,57.8450915329156,0.774106667251894,0.474383891866242,1.19557442096126,0.18484369868006,0.0239503312551553,0.112771599171649,49.4565476054077,30.3076959853739,76.3835085880199
430000,"Nawalparasi_e","Gandaki","2002-2006",1,105,9,6.50774120369054,85.7142857142856,73.6714134651072,0.907217998607714,0.584515503413692,1.35072928019448,0.196242323257153,0.078002007415609,0.284349887643777,57.9608367098912,37.3438442576692,86.296126585639
440000,"Syangja","Gandaki","2002-2006",1,34,2,2.12433331186659,52.0666847319028,63.7082150471557,0.715559001896929,0.421135436452383,1.13940818833775,0.184317143168427,0.0152290100797432,0.0731401280417381,45.7160225313986,26.9057297170314,72.7951297830388
450000,"Parbat","Gandaki","2002-2006",1,17,0,1.10901031940557,0,57.9981442614513,0.882440105127574,0.503579459193441,1.4337490221048,0.238863542456977,0.0976808312755439,0.272239257901646,56.3778131805725,32.1729582631301,91.6001369910169
460000,"Baglung","Gandaki","2002-2006",1,88,8,5.47208400292297,90.7303200954739,74.7613475375944,1.13880928224824,0.740206993605589,1.68248349162558,0.241248858083652,0.358901304402586,0.696605607962047,72.7568665451928,47.2907468257191,107.491420005839
470000,"Rukum_e","Lumbini","2002-2006",1,0,0,NA,NA,64.8648648648649,1.0692828816018,0.568135453657498,1.83726423641353,0.326745670894464,0.29443620672007,0.52947148175431,68.3149260622232,36.2973467337272,117.380136376388
480000,"Rolpa","Lumbini","2002-2006",1,90,13,5.43877434066723,142.44120447887,95.5265761769443,1.40577667936611,0.925879704037602,2.06566577112534,0.291944764693991,0.747244056693955,0.942125311146034,89.8130247507847,59.1531058919509,131.972377798005
490000,"Pyuthan","Lumbini","2002-2006",1,70,3,4.49827672676345,42.5168449834386,57.6521409227485,0.848340069670545,0.521897752995994,1.30058459679905,0.199559252775474,0.0530242973601892,0.203889684959805,54.1992115765924,33.3432873764446,83.0924557913952
500000,"Gulmi","Lumbini","2002-2006",1,1,0,0.0652973608095981,0,64.4162416531813,0.863024842719183,0.495376507419654,1.39525687482042,0.230961194749627,0.0819281568690778,0.243300783271845,55.1374003405941,31.6488836206194,89.1409297588109
510000,"Arghakhanchi","Lumbini","2002-2006",1,41,3,2.59319585840935,73.1707317073171,66.7097479983472,0.912257658433061,0.548381489183757,1.43056090731811,0.226268762389592,0.105548325765811,0.307293991046241,58.2828132366561,35.0352947120602,91.3964529802858
520000,"Palpa","Lumbini","2002-2006",1,16,0,1.04390292484281,0,58.3615718716644,0.772873827617098,0.440750073374846,1.2585337299852,0.210002655027117,0.0370329306427473,0.134497306466382,49.3777832765788,28.158880304356,80.4058871511704
530000,"Nawalparasi_w","Lumbini","2002-2006",1,86,3,5.49929653006053,34.8837209302325,53.6343340780089,0.766601205264203,0.467222574761957,1.18292760330711,0.183483185425915,0.0215059997290319,0.105922475615372,48.9770345695459,29.8501698649197,75.5755218262082
540000,"Rupandehi","Lumbini","2002-2006",1,148,5,9.43396214696851,32.9103507058186,49.0891007990046,0.871075682418358,0.5840202018285,1.24245922745916,0.168310061639914,0.0375354648735436,0.206684351122513,55.6517567641853,37.3122001607206,79.3789105947808
550000,"Kapilbastu","Lumbini","2002-2006",1,105,8,6.46437661501437,75.259145418233,69.6486690427743,1.2540709717991,0.84478703763489,1.78990111765515,0.241583066775016,0.554270875909226,0.862340018315185,80.1207680299701,53.97221353427,114.354175695892
560000,"Dang","Lumbini","2002-2006",1,217,13,13.7411532362724,62.8932791026655,61.8817369793212,0.886417232273007,0.612242110598986,1.24048645242837,0.160599848340596,0.0375926181343017,0.222262975322172,56.6319060418304,39.1152568112698,79.252872871102
570000,"Banke","Lumbini","2002-2006",1,166,11,10.4349210931911,78.3081043952147,65.6156483269486,1.03135263832894,0.704852510751193,1.45802703292724,0.192586183676639,0.179850800691741,0.528870026664687,65.8916180589882,45.0320004044277,93.1512237453357
580000,"Bardiya","Lumbini","2002-2006",1,119,10,7.46428162886414,78.9883627465645,73.551834632175,1.10249194587743,0.73118014196897,1.60361299228289,0.223322655654473,0.297906173452136,0.64925400164071,70.4366048149839,46.7140344208535,102.452498665383
590000,"Dolpa","Karnali","2002-2006",1,26,4,1.62116930445122,153.846153846154,78.5069493790197,1.42352768890841,0.858286996541164,2.2394457309041,0.354401058952186,0.71684169476023,0.907826220049105,90.9471108988726,54.8347062482126,143.074926344932
600000,"Mugu","Karnali","2002-2006",1,53,6,3.22542741564887,109.367240125796,77.8981200513392,1.4007947278564,0.874799783524075,2.13250009191486,0.322340843436106,0.71473510766985,0.914942417194829,89.4947351242631,55.8896841602586,136.24232521951
610000,"Humla","Karnali","2002-2006",1,31,4,1.92398705730338,129.032258064516,76.2585812492148,1.99120806669173,1.23365085782666,3.0316140748948,0.460574834101645,0.9810167842526,0.997718357308058,127.215383497745,78.8161566869739,193.685408173174
620000,"Jumla","Karnali","2002-2006",1,59,3,3.79280964712378,49.9798867134497,60.7825248139606,1.22229651671837,0.774637738219041,1.83156448239353,0.270617030751368,0.490112056572511,0.790796415446088,78.0907443693873,49.4904769560769,117.015987392851
630000,"Kalikot","Karnali","2002-2006",1,89,5,5.66194391552591,56.1056187199122,61.5414865221611,1.20380983142476,0.789525166157927,1.75237853210043,0.246313061527515,0.466588661648548,0.792547541058764,76.9096569689451,50.4416130458815,111.95691235058
640000,"Dailekh","Karnali","2002-2006",1,136,18,8.22830874372437,155.859429447512,97.6932668874974,1.5030635639216,1.05134795514471,2.10649210635244,0.269924935999171,0.882379537379332,0.987906175799918,96.0285421219005,67.1690897302954,134.580712898491
650000,"Jajarkot","Karnali","2002-2006",1,53,3,3.38757322501474,48.811650532313,62.6376630292015,1.63849631452982,1.07184734961001,2.36142535102065,0.329629256797247,0.923974855298093,0.988693931945565,104.681143321636,68.478766188521,150.868026629935
660000,"Rukum_w","Karnali","2002-2006",1,29,3,1.75010050467386,73.3519853913984,71.3480999299375,0.997573831495104,0.606858365811993,1.5546830722708,0.24298348099051,0.184245576827992,0.445712703386276,63.7335392839247,38.7712971974113,99.3264373345885
670000,"Salyan","Karnali","2002-2006",1,27,0,1.76207891062497,0,54.5982186769762,0.86209718286784,0.531064190267785,1.31384837628932,0.200373547100661,0.0586141041242809,0.222541475658873,55.0781335036833,33.9289177042568,83.9398593464075
680000,"Surkhet","Karnali","2002-2006",1,156,5,10.0069840218543,37.9337910221323,47.7782513709905,0.784863893071701,0.532753837304903,1.10847987538349,0.147066734873655,0.00843003576507506,0.0798924705843371,50.1438110968178,34.0368667927515,70.8191649106429
690000,"Bajura","Sudurpashchim","2002-2006",1,50,7,3.00982176871522,152.140928396875,84.270952304577,1.39295350473744,0.878852142922354,2.11279024129927,0.316182196121608,0.709602024167726,0.91562359690883,88.9937707987078,56.1485835005868,134.983091567995
700000,"Bajhang","Sudurpashchim","2002-2006",1,126,18,7.60420948603097,141.250734620164,101.317085697218,2.04618631232691,1.45718462584352,2.80697057505104,0.344982983529245,0.999108085199123,0.999996568017095,130.727863544159,93.097403583591,179.333262126287
710000,"Darchula","Sudurpashchim","2002-2006",1,57,7,3.42002489866507,120.964024480302,81.3300932028144,1.62459829325483,1.03734483036484,2.43362339395412,0.357648746118927,0.901133060887165,0.983281300376768,103.793218982671,66.274450481471,155.480654447795
720000,"Baitadi","Sudurpashchim","2002-2006",1,90,0,5.86859392424988,0,39.8726775312454,0.943037426120216,0.600125360310166,1.39903095903582,0.204491651464262,0.108264392261941,0.353663721109073,60.2492877682698,38.3411352814693,89.3820505029694
730000,"Dadeldhura","Sudurpashchim","2002-2006",1,118,12,7.30845606118846,106.020639910378,81.4786647575999,1.45527520640086,0.984066415036686,2.07595028010007,0.279350475630621,0.820898632404836,0.969572129655135,92.9754135561702,62.8705701178363,132.629440098621
740000,"Doti","Sudurpashchim","2002-2006",1,126,10,7.92809558648674,86.2745465121285,71.642010432156,1.24795481393134,0.854497409509072,1.76575170495316,0.233005800685093,0.545907702600964,0.86591937257928,79.7300156110263,54.5925950516732,112.811304888205
750000,"Achham","Sudurpashchim","2002-2006",1,145,8,9.23863584286363,55.6174628889132,59.9949026436485,1.167128690378,0.796897863818293,1.63749653922683,0.214835807883967,0.406153837884291,0.775260639458685,74.566152287814,50.9126439622209,104.617269133544
760000,"Kailali","Sudurpashchim","2002-2006",1,287,20,18.1163741308141,82.7639597029776,68.0785832441131,1.27643797029969,0.943246461215713,1.67908947423498,0.187806143969287,0.638454676327989,0.942439115892073,81.5497629901365,60.2626427160941,107.274581177609
770000,"Kanchanpur","Sudurpashchim","2002-2006",1,192,14,12.0839472579651,89.8521739094744,69.4715635728007,1.19340906514091,0.838012993519107,1.652261503352,0.208125800456676,0.451098344261942,0.825416667015835,76.2451671581599,53.5394297210486,105.560581188639
10000,"Taplejung","Koshi","2007-2011",2,108,4,5.15524402190857,33.8030940619761,48.5591712885098,0.894620612635304,0.568165426755514,1.34125499498599,0.198122780616837,0.0728605778382087,0.267392251435332,46.1127713538841,29.2858023223744,69.1343168685257
20000,"Sankhuwasabha","Koshi","2007-2011",2,147,7,6.86304871061495,56.3937446210175,50.5961993962195,1.00849007506964,0.684480578604164,1.4351088674796,0.192090436948722,0.154028768870587,0.478969814860898,51.9821157567107,35.2812085609914,73.9719677138669
30000,"Solukhumbu","Koshi","2007-2011",2,74,3,3.50187262445991,25.0609479162902,49.9441783356173,1.04229086174075,0.669891293073584,1.5497925140539,0.225412556828036,0.220621722340208,0.533682283891318,53.7243603745214,34.5292111462366,79.8832788303546
40000,"Okhaldhunga","Koshi","2007-2011",2,35,1,1.68759281708546,24.8713368783214,49.8231297717298,1.03377678896161,0.627628359120812,1.60836261977006,0.251573567971645,0.227681212252698,0.5063767214558,53.2855067579046,32.3507893855668,82.9022455911431
50000,"Khotang","Koshi","2007-2011",2,83,4,4.04766497346212,48.4063851538902,51.0933512927576,1.11758121492766,0.721737575810913,1.65652294737566,0.239490067653049,0.327872869191058,0.661528250062819,57.6051639158504,37.2016018196112,85.3846455535845
60000,"Bhojpur","Koshi","2007-2011",2,68,2,3.27876937130907,23.8056716090409,48.4349732248698,0.856704185251398,0.53471437562355,1.29990581383219,0.196112410453465,0.0538453789088479,0.211960800557598,44.1583880970979,27.561584647743,67.0029940381715
70000,"Dhankuta","Koshi","2007-2011",2,41,0,2.00339661046055,0,46.8510171462337,0.870631360049182,0.532255882099901,1.34289964124061,0.207825199356065,0.0686668304979245,0.239116213367265,44.8762573457887,27.4348628305505,69.2190893359005
80000,"Terhathum","Koshi","2007-2011",2,48,1,2.30420839722796,20.25627408201,48.3644832303909,0.883556584599367,0.524266698558234,1.39516738156812,0.223513390358908,0.0872626133246961,0.266423578038513,45.5424815708539,27.0230643667571,71.9132038296489
90000,"Panchthar","Koshi","2007-2011",2,49,6,2.19033260505807,136.159179269236,59.4906977773555,1.29656189079864,0.835885752339887,1.92942937630452,0.280212837506549,0.599166195256959,0.866730802452139,66.8306332004113,43.0853124008351,99.4514707311658
100000,"Ilam","Koshi","2007-2011",2,113,6,5.55270004150443,51.2065998546356,52.0111522502427,1.19843595137808,0.781067813809383,1.7635834162509,0.251709171489029,0.454733958356351,0.77808843356311,61.7727808052422,40.2597492181334,90.9030237941
110000,"Jhapa","Koshi","2007-2011",2,195,11,9.49728379792227,43.1329988265878,53.2548628646046,0.968742700875557,0.664139875010306,1.36789868239362,0.180084981014502,0.104409962489699,0.394158163056459,49.9333572637334,34.2327571831077,70.5076523898632
120000,"Morang","Koshi","2007-2011",2,246,11,12.0508252659202,50.5890049010461,49.0246147446457,0.773003606954899,0.544948426452841,1.06458695719196,0.132847884899658,0.00391212380797845,0.0550653076747557,39.8440837152608,28.0890936714005,54.8736014462171
130000,"Sunsari","Koshi","2007-2011",2,244,7,12.2297529653024,31.3168018236465,42.9282190895363,0.789187691736081,0.554286898633962,1.08721888591634,0.136243593395428,0.00549632852023674,0.0704868222283896,40.6782842585371,28.5704405422424,56.0401528757556
140000,"Udayapur","Koshi","2007-2011",2,125,6,5.99963191358385,49.7346570604725,50.8132957784833,0.903261614081904,0.61020444668796,1.28798503364282,0.173402770058828,0.055675172225821,0.263380971973073,46.5581674450851,31.4526825470273,66.3885433945478
150000,"Saptari","Madhesh","2007-2011",2,175,7,8.75908817823833,37.4506483057917,48.1153083731235,0.806537759955633,0.539895134215961,1.15866222858642,0.15837351998892,0.0160561222873105,0.113904758666922,41.5725848340914,27.8286242542951,59.7226641870011
160000,"Siraha","Madhesh","2007-2011",2,196,13,9.66678853554331,75.7967039429532,56.543049051855,1.02755720190415,0.707747551897845,1.44632548038773,0.188960094027131,0.171924054056845,0.52144037911256,52.9649212584812,36.4804930447549,74.5501224077025
170000,"Dhanusha","Madhesh","2007-2011",2,219,12,10.6767139016233,64.7886635141218,52.802671636533,1.08356330605503,0.772300163922867,1.48052093414474,0.18105682568946,0.241225648403755,0.654894150972405,55.8517278429212,39.8078250965363,76.3127099427634
180000,"Mahottari","Madhesh","2007-2011",2,197,8,9.67674209964368,49.7006465129852,48.0166024469328,1.15999583490422,0.820045404589753,1.59171098370336,0.197279693183819,0.387434832712735,0.786257730565569,59.7914042566351,42.2688296106429,82.0439453510559
190000,"Sarlahi","Madhesh","2007-2011",2,248,14,12.3096903252357,68.8342678696692,53.5304538978742,1.23729562863437,0.900274617729439,1.65612542465885,0.193096611721845,0.547888688256324,0.90170615958429,63.7757834042167,46.4042042143136,85.3641554442693
200000,"Rautahat","Madhesh","2007-2011",2,178,12,8.90826741463474,60.6914029608033,56.5740134678757,1.19719268392799,0.836858126393124,1.66058904960252,0.210647965110471,0.459074116387572,0.827023830472271,61.7086972072921,43.1354329343373,85.5942307561167
210000,"Bara","Madhesh","2007-2011",2,209,11,10.3395495256576,66.0734893453425,52.0226049777457,1.10356211983305,0.780656407600444,1.51337549099379,0.187301163647557,0.279914180981766,0.691601428203446,56.8825566815033,40.2385434911711,78.0061816183719
220000,"Parsa","Madhesh","2007-2011",2,206,12,10.0200154919549,43.4244590635358,53.9428486511717,1.09265302928664,0.774032547070605,1.49982577926541,0.185578169556513,0.259910644554174,0.669812848386199,56.3202530737614,39.8971199181185,77.3077685145186
230000,"Dolakha","Bagmati","2007-2011",2,68,4,3.26766981094452,71.0796893981411,52.7449256380017,0.978796250522832,0.614105023277482,1.48338919029829,0.222845630256559,0.153264343339802,0.416602148076029,50.4515624443787,31.6537358134964,76.4605527694599
240000,"Sindhupalchok","Bagmati","2007-2011",2,137,4,6.57688111017935,29.3564216222955,45.9173244617841,0.897552448588174,0.604245343693207,1.28382103926051,0.173910878375635,0.0534857617977204,0.254053311906943,46.2638913694888,31.1455235681369,66.1739123898981
250000,"Rasuwa","Bagmati","2007-2011",2,39,4,1.78668379230527,113.919918374737,56.2609125470612,1.07686459558393,0.630439378954604,1.7268595233235,0.281633670332178,0.289371110699047,0.561917568969525,55.506446167139,32.4956819948317,89.0101091285224
260000,"Dhading","Bagmati","2007-2011",2,70,6,3.33084037464968,76.3251065057983,56.8100295272823,1.10271648454262,0.720771427226128,1.62274226533219,0.231032143349884,0.302149603332129,0.642311837356575,56.8389688340455,37.1518021747619,83.6434372187349
270000,"Nuwakot","Bagmati","2007-2011",2,35,1,1.79543456258522,29.1754719284079,49.8231297717298,0.871359290428567,0.516734098136909,1.37817770926745,0.221098328477198,0.0792105696168779,0.248401622497344,44.9137781525665,26.6348002511947,71.0374796812074
280000,"Kathmandu","Bagmati","2007-2011",2,200,5,9.79712416522729,20.9403133082098,42.7417249933252,0.663747983526164,0.44873051744297,0.9434716164066,0.126569768870543,0.00059687757300364,0.0115094527988761,34.2125573328599,23.1295897479986,48.6307718733197
290000,"Bhaktapur","Bagmati","2007-2011",2,54,2,2.60899098156843,25.0418784087454,49.9416976056494,0.699525694728327,0.401001453431731,1.12893671605611,0.186938744015997,0.0140007685337589,0.0671962000915547,36.0567015353625,20.6694190515043,58.1904775334326
300000,"Lalitpur","Bagmati","2007-2011",2,23,1,1.15801218797933,23.9710942394743,51.2499013258794,0.780318878705357,0.446848695089226,1.26428160394398,0.20995837008819,0.0387545856326336,0.141429199983639,40.2211457333454,23.0325921573985,65.1667619840061
310000,"Kabhrepalanchok","Bagmati","2007-2011",2,51,0,2.61886767250131,0,45.8029950070417,0.76318785597866,0.471364972412295,1.16643586312888,0.178142190979802,0.0184908039078062,0.0979798599098075,39.3381357479983,24.2962713915678,60.1233522856011
320000,"Ramechhap","Bagmati","2007-2011",2,76,5,3.71553496941547,72.5718733959602,53.9694783114323,1.06114670477362,0.684709075188588,1.57495294828448,0.228064813313539,0.245074732886757,0.567468241003417,54.6962753585704,35.2929863029794,81.1801608096568
330000,"Sindhuli","Bagmati","2007-2011",2,83,6,4.06769852182169,72.2506576206366,55.2683484140078,1.10386186434551,0.73670030860983,1.59314459777402,0.219185792676765,0.298799831937149,0.656401967515617,56.8980068622532,37.972848386749,82.1178402702164
340000,"Makawanpur","Bagmati","2007-2011",2,99,5,4.80414514475222,43.2535326928523,51.4620195844329,0.785346629239691,0.519322763229412,1.1376355099527,0.158227381706244,0.0128597872521233,0.0941216984527307,40.4802986161872,26.7682316966996,58.6388525075192
350000,"Chitawan","Bagmati","2007-2011",2,111,1,5.50893307042763,15.3943077786804,42.3551961055339,0.702604207886556,0.454725141949704,1.03332144248422,0.148137470254534,0.00362853061721002,0.0355769044674132,36.2153819540454,23.4385796654309,53.2620361518151
360000,"Gorkha","Gandaki","2007-2011",2,64,3,3.14945356350698,65.3600780820157,51.0298216372501,0.955386316664996,0.605870375164813,1.43690671573085,0.212975582778753,0.125155853796095,0.373949241295634,49.2449091299463,31.2292850013464,74.0646369014173
370000,"Manang","Gandaki","2007-2011",2,0,0,NA,NA,51.7012363339123,0.940350290471016,0.517954688617375,1.57393580584611,0.271573244739354,0.156374934720072,0.358418500112388,48.4698846914734,26.6977149761044,81.127732712168
380000,"Mustang","Gandaki","2007-2011",2,0,0,NA,NA,51.7012363339123,1.08745907208337,0.579522341668248,1.86777850803285,0.331756655661791,0.313961448231377,0.551787482826243,56.0525331514235,29.8711888127591,96.2737076076386
390000,"Myagdi","Gandaki","2007-2011",2,42,3,2.0313880103113,83.3529110623974,53.5927161640858,1.00011351640055,0.617960678658104,1.53402040244026,0.234857541426881,0.18214825095514,0.45298546190746,51.5503502360143,31.8524736387542,79.0703132376379
400000,"Kaski","Gandaki","2007-2011",2,168,4,8.31453134279859,18.6244496462005,43.3936889234795,0.675649137047946,0.444810968798246,0.981070741980475,0.137268647193354,0.00149486863071036,0.0197702165444124,34.8259963297335,22.9275585764474,50.5687999672474
410000,"Lamjung","Gandaki","2007-2011",2,68,5,3.2569152510837,68.42489783403,54.8999018445676,0.962857364396706,0.59224434936245,1.48308548064667,0.2284836881654,0.144127418754155,0.388848352943679,49.6300005429549,30.526938326776,76.4448982075982
420000,"Tanahu","Gandaki","2007-2011",2,107,5,5.20368969480096,47.309824856079,50.6436068973107,0.780250995534106,0.506824324254717,1.14896007554133,0.164433276356044,0.014989269214884,0.0970150402651114,40.2176467292867,26.1240059203419,59.2225715681973
430000,"Nawalparasi_e","Gandaki","2007-2011",2,165,4,7.99725705810283,24.587513449689,43.6257232624046,0.855239737839534,0.576038250441136,1.2217234129633,0.165241758702597,0.0308057982941529,0.1801225076006,44.0829038888097,29.6916030756737,62.9731213477298
440000,"Syangja","Gandaki","2007-2011",2,99,2,4.96512264311126,25.4049507358536,45.4019307307081,0.696996058316503,0.435003639232678,1.05561556166867,0.159040208148776,0.0056219806402289,0.0426095089668604,35.9263126936351,22.4220446865796,54.4111753578303
450000,"Parbat","Gandaki","2007-2011",2,35,1,1.80269484457862,29.6620549460302,49.8231297717298,0.909754043929397,0.55095393694962,1.4161406162075,0.221928781624209,0.10089495856808,0.302655410654691,46.8928164894512,28.3986447017368,72.994258703433
460000,"Baglung","Gandaki","2007-2011",2,115,6,5.58220525650939,68.5329318392757,51.8076029248836,1.11684790406334,0.758936576729548,1.58765426040594,0.212055182311213,0.315746681431269,0.688468997742975,57.5673657746719,39.119005688611,81.8348435807434
470000,"Rukum_e","Lumbini","2007-2011",2,0,0,NA,NA,51.7012363339123,1.07783448338869,0.601236593603024,1.78671722217072,0.30472637627617,0.297835143532002,0.552079285422558,55.5564385482091,30.9904390518514,92.0954442322827
480000,"Rolpa","Lumbini","2007-2011",2,118,7,5.67604631462994,65.7561948025212,53.4506141696075,1.28193340112685,0.878230996201931,1.81115693338931,0.238710139681838,0.603567682761904,0.895019318642821,66.0766150278358,45.2679767845485,93.3551769049495
490000,"Pyuthan","Lumbini","2007-2011",2,94,2,4.63256995948502,20.7159522676648,45.865175798425,0.862058647695836,0.556026771473189,1.27410698357527,0.183901142535799,0.0466552571021851,0.208668693200292,44.4343811816928,28.6601214162206,65.6732062554701
500000,"Gulmi","Lumbini","2007-2011",2,53,0,2.77278930744854,0,45.5989919522452,0.867268670298575,0.535614015851298,1.32742920826803,0.20297078876779,0.0634641987139637,0.231194465899757,44.7029291869986,27.6079561526435,68.4216736176232
510000,"Arghakhanchi","Lumbini","2007-2011",2,69,2,3.41443058542914,23.7540651978134,48.3308214545914,0.900945796545841,0.570204102983678,1.35387597441563,0.200788206290698,0.0783537091561034,0.278725173127656,46.4387997902049,29.3908848673618,69.7848589312521
520000,"Palpa","Lumbini","2007-2011",2,27,2,1.37912168568878,93.1034275761078,53.1291471962776,0.782357938359154,0.47105985311528,1.22062318416409,0.192221108369405,0.0292001293711609,0.127235251627363,40.3262480418151,24.2805441702405,62.9164106053905
530000,"Nawalparasi_w","Lumbini","2007-2011",2,107,3,5.15311045901875,36.8108760923255,46.6677976804794,0.790514995189234,0.504065099468408,1.17943230175038,0.173032922804255,0.0205297687178499,0.115481617362275,40.7466994501703,25.9817830608548,60.7932472043003
540000,"Rupandehi","Lumbini","2007-2011",2,267,15,13.0686456994143,55.734547097819,53.5046959252105,0.946412823446773,0.676997550513072,1.28895554595548,0.156440987747346,0.0629768386366392,0.336721722684895,48.7823749169254,34.8954996263596,66.4385679655648
550000,"Kapilbastu","Lumbini","2007-2011",2,210,15,10.15614467991,73.3506404003362,58.5369650210766,1.29863213776991,0.93277156357183,1.76228031379644,0.212042339401591,0.656859647567377,0.936973095909071,66.9373430435381,48.0792430097149,90.8358560308221
560000,"Dang","Lumbini","2007-2011",2,244,5,11.9706487007464,20.3904485542808,39.803425357548,0.867801497202391,0.617409286378448,1.18187599868233,0.144263080796093,0.0198912998067755,0.172867952746583,44.7303934828574,31.8240523998973,60.9192063385852
570000,"Banke","Lumbini","2007-2011",2,242,11,11.6273340735348,53.6044102491626,49.3319587489984,1.03364395191099,0.736583999487097,1.41037247514073,0.172251849403907,0.161691939154219,0.546101554263928,53.2786597386696,37.9668532912781,72.6969427614655
580000,"Bardiya","Lumbini","2007-2011",2,156,8,7.48888609566924,40.9450627530913,51.5827800590392,1.06373722753339,0.732556939979959,1.49417560973278,0.194835479129916,0.224347835414934,0.597817883631962,54.829802556604,37.7592805261771,77.0165333561856
590000,"Dolpa","Karnali","2007-2011",2,53,6,2.51927136309944,124.552057403579,58.9607636943683,1.40342272017298,0.890744647625883,2.11540665436777,0.313884988626714,0.724710323870574,0.923622783044616,72.3387211228546,45.9129866789831,109.03757637106
600000,"Mugu","Karnali","2007-2011",2,76,3,3.7110506659952,37.1819212626869,49.7325694014241,1.36884787624635,0.891500107453512,2.01100925348478,0.286703356195336,0.702235339026857,0.920519933400276,70.5565781115414,45.9519264773808,103.656464636247
610000,"Humla","Karnali","2007-2011",2,57,5,2.80501190844682,83.8305441845509,56.2328877305108,2.06498371581451,1.36459415184559,3.00058469675549,0.418895024485548,0.995293725721138,0.999763562805004,106.438551260685,70.3373220180369,154.66363517141
620000,"Jumla","Karnali","2007-2011",2,96,7,4.70693169771281,76.9680546743402,55.8404770729458,1.27716208258539,0.857685299732846,1.83234198839611,0.249453479524544,0.588388452085551,0.878401684323359,65.8306798036172,44.2089591515941,94.4471499534695
630000,"Kalikot","Karnali","2007-2011",2,119,9,5.73942828482389,89.3422422871223,57.2300116833921,1.26462734126558,0.872924468403567,1.77226904297081,0.230014599227689,0.579015837245317,0.886864283984667,65.1845828410649,44.9944544672746,91.3507200726606
640000,"Dailekh","Karnali","2007-2011",2,260,16,12.7823999476079,49.3095585534843,55.5998854939573,1.33806381551354,0.988285577361887,1.77235834764139,0.200324873275012,0.744034146065303,0.969933163713043,68.9698291211124,50.9406850429992,91.3553232371723
650000,"Jajarkot","Karnali","2007-2011",2,133,15,6.47141697472539,100.262271224739,67.0567880345233,1.83367266096731,1.32126528453623,2.47898502627004,0.295822338900383,0.994681889012775,0.999882798324259,94.5157388046046,68.1039572564385,127.778041430723
660000,"Rukum_w","Karnali","2007-2011",2,100,3,5.01044655172931,32.8305416169584,47.3263597003139,0.95827946433622,0.623908586325119,1.40616172563867,0.200289396368553,0.116062919227164,0.378222101453618,49.394034977453,32.1590555600841,72.4799017875883
670000,"Salyan","Karnali","2007-2011",2,143,3,7.28861902366101,12.9716996810263,43.5510833088759,0.880258443427877,0.588920606147691,1.26037287375896,0.17178141363738,0.0439173472722891,0.224626757359357,45.3724805362413,30.3556176476674,64.9652884445415
680000,"Surkhet","Karnali","2007-2011",2,381,13,19.0906416459386,34.7521299636142,43.0811502657654,0.812450809144495,0.592354847751506,1.08442671904964,0.125716692457375,0.00430870045674181,0.0760262210419117,41.8773699926258,30.5326339108901,55.896232033236
690000,"Bajura","Sudurpashchim","2007-2011",2,89,4,4.35255153210315,47.6357354475178,50.4613236498399,1.30544148138705,0.867282539892341,1.88557605636948,0.260635462567615,0.628132030043389,0.893660137244124,67.2883272494152,44.7036440882618,97.1910733216801
700000,"Bajhang","Sudurpashchim","2007-2011",2,171,20,7.92179156640203,124.613014145049,71.3807022929757,2.01437426659469,1.48668951160668,2.67520893357916,0.30368572379396,0.999659976628417,0.999999615776333,103.829912551429,76.6306661781369,137.892304442456
710000,"Darchula","Sudurpashchim","2007-2011",2,105,7,5.06624685177691,71.8885786662311,54.8374393107812,1.59798019782043,1.07631522837275,2.2875367645188,0.310045481889245,0.918196923649548,0.9904426723156,82.367088852408,55.4781293094223,117.909936677103
720000,"Baitadi","Sudurpashchim","2007-2011",2,144,10,7.04405658563492,77.3683287160503,56.4323883587456,1.05011709620691,0.710177562076049,1.49546232373672,0.20093955218779,0.211602389974047,0.564514912843469,54.1277597098403,36.605746702174,77.0828563849905
730000,"Dadeldhura","Sudurpashchim","2007-2011",2,134,9,6.36550995473624,66.1386377437034,55.6104234695164,1.44855809200531,1.00741214598647,2.01778539294855,0.258429066458082,0.834883290234181,0.977246301189077,74.6652012551936,51.926554442064,104.005737350671
740000,"Doti","Sudurpashchim","2007-2011",2,204,14,9.70789763129367,70.2265122993935,57.4557441342435,1.24625022097476,0.892259539143348,1.69567376003994,0.205370984915116,0.55833036158442,0.896713329437206,64.2373433809578,45.9910710034265,87.4026545813314
750000,"Achham","Sudurpashchim","2007-2011",2,209,13,10.081860658797,66.5176545425565,55.3281592785313,1.25730861287973,0.906478954215724,1.69763242032797,0.20218171916055,0.583802149783858,0.911528627289451,64.8073426524404,46.7240036306851,87.5036127447657
760000,"Kailali","Sudurpashchim","2007-2011",2,370,28,17.9847613739432,91.2587894477536,63.2809404523786,1.40023517793267,1.08271525249755,1.78393087803482,0.178975719229288,0.874910524016009,0.995110371736621,72.1744208547494,55.8080153470992,91.9518235195055
770000,"Kanchanpur","Sudurpashchim","2007-2011",2,243,16,11.8511762854369,61.6285655197446,57.0789708887143,1.20722050159385,0.878921888059511,1.62072825002839,0.189580232600004,0.482614026282589,0.870558952529801,62.225576045845,45.3035884592728,83.5396258087411
10000,"Taplejung","Koshi","2012-2016",3,22,0,0.839187795151359,0,37.4906806402475,0.906531346976506,0.548966638085938,1.41017765741023,0.220866210482381,0.0980025218681799,0.297447991088659,35.9502135309548,21.7703093515544,55.9232596529208
20000,"Sankhuwasabha","Koshi","2012-2016",3,57,6,2.04930020724749,118.490033213281,54.6084571240969,1.11170201660498,0.720598227622738,1.6542726325207,0.239145687010492,0.316520333911067,0.650609755051552,44.086644122167,28.5766843468418,65.6033071287439
30000,"Solukhumbu","Koshi","2012-2016",3,28,2,1.02995598123925,52.0247243874938,44.740032442566,1.09881785639505,0.685953436509723,1.67584872238917,0.253733282826184,0.306095571103796,0.616820475624268,43.5756984033471,27.2027796910324,66.4589477423
40000,"Okhaldhunga","Koshi","2012-2016",3,30,3,1.0547753050768,95.1740901443924,48.428480540085,1.07095781754048,0.644705753151673,1.67877621593949,0.265320393325563,0.276344218308768,0.562116973934307,42.4708559187016,25.5670248665304,66.5750430307811
50000,"Khotang","Koshi","2012-2016",3,80,2,2.94802253883853,22.6661385507847,36.9029924095268,1.11752692798324,0.710087595322843,1.67620957899112,0.247559868085163,0.330682491916363,0.654324552631053,44.3176419895281,28.159865362273,66.4732581927188
60000,"Bhojpur","Koshi","2012-2016",3,49,0,1.88132178620436,0,33.6831914581345,0.869219271280176,0.532637574861396,1.33770000785632,0.206396201818387,0.0669453504778145,0.236426609865222,34.4705326649373,21.1227494942581,53.0490215072958
70000,"Dhankuta","Koshi","2012-2016",3,48,2,1.83297154473794,33.4694235838879,41.3616055750748,0.91418871390657,0.556792956120961,1.41631828601452,0.220396706324228,0.102292789891453,0.308657449373411,36.2538808858,22.080676781714,56.1667778834543
80000,"Terhathum","Koshi","2012-2016",3,22,1,0.81260269271547,29.1524222133233,41.677282673826,0.929310794244886,0.542634937548601,1.48780382106857,0.2426905895153,0.129607409502132,0.33842505471459,36.8535755560482,21.51921380247,59.0016718539042
90000,"Panchthar","Koshi","2012-2016",3,44,1,1.66877724698063,14.7095367079938,38.1623317666575,1.28362556418885,0.808738787262544,1.94228273534074,0.290527901998681,0.574039886683747,0.842899926854292,50.9045972654904,32.0720647882983,77.0248919751873
100000,"Ilam","Koshi","2012-2016",3,69,3,2.48953835370205,44.8102203374634,41.8212976424205,1.18782374327518,0.747951100652249,1.79335917582781,0.267918125289068,0.436763180120461,0.745577518781209,47.1053950316264,29.6614142123624,71.1190468192137
110000,"Jhapa","Koshi","2012-2016",3,232,4,8.75191361889435,11.6271674991784,28.8620053837137,0.90247957217567,0.607398555572541,1.28703813734538,0.173896096950221,0.0555342354388282,0.263472617106287,35.7895327450611,24.087537451468,51.0399293023543
120000,"Morang","Koshi","2012-2016",3,315,9,11.9934874605511,26.5759923950101,33.758909287744,0.80985251867749,0.566635717435868,1.12404576229487,0.14253300298242,0.00980853147631222,0.0970359272154254,32.1162319120464,22.4710100803752,44.5761586820367
130000,"Sunsari","Koshi","2012-2016",3,263,7,9.99358983170312,31.6555731690511,33.2493061770362,0.847556451456855,0.591349744909823,1.17801100264453,0.15000786771881,0.0193444159088667,0.150619461915157,33.6114526111383,23.4510915390714,46.7162522599259
140000,"Udayapur","Koshi","2012-2016",3,99,2,3.77759686580034,25.3015367993042,34.6831383850023,0.94705062047381,0.626456901335439,1.37633192090469,0.191903371375234,0.0992989915367795,0.353423435667487,37.5570818860377,24.8433321650299,54.5810430174515
150000,"Saptari","Madhesh","2012-2016",3,223,6,8.4381410094855,35.4251036789652,33.9994865858493,0.826759274421348,0.552070092966144,1.19052781586197,0.163422971924497,0.0225757971848555,0.141649216528763,32.7867012577944,21.8933827190659,47.2126301396264
160000,"Siraha","Madhesh","2012-2016",3,277,9,10.3228811886295,31.8705467846108,36.3564993953501,0.995364199762221,0.690344399134648,1.38918967936932,0.178756471199177,0.12681124407648,0.453513075817803,39.4730481652579,27.376911611014,55.0909417251735
170000,"Dhanusha","Madhesh","2012-2016",3,271,8,10.1456647156457,28.0945255636329,34.7538562066163,1.04298832470469,0.735093829159616,1.43330914376052,0.178477780226521,0.180721929771562,0.565042435832018,41.3616728296084,29.151534816435,56.8405824530148
180000,"Mahottari","Madhesh","2012-2016",3,252,15,9.30552479323056,61.7134029541955,51.0921430477237,1.23460288007812,0.873057819882756,1.69875515756831,0.211124663459351,0.531532698478322,0.876379734986133,48.9605100946282,34.6227575630304,67.3673457129487
190000,"Sarlahi","Madhesh","2012-2016",3,339,17,12.6904929039498,52.2121753727791,46.6935016585414,1.31338790055223,0.966780176755498,1.74558012362998,0.198983811297397,0.699297504432726,0.958600329341808,52.0848789523973,38.3394947210304,69.2242782218036
200000,"Rautahat","Madhesh","2012-2016",3,212,12,7.81107743389819,68.8783244049186,48.8622299227968,1.27572607577667,0.893944096534563,1.77049084564473,0.224188569369108,0.602571425581728,0.905193203214106,50.5913281257631,35.4510423300198,70.2121599741858
210000,"Bara","Madhesh","2012-2016",3,301,10,11.2795846795185,29.2008585881619,36.6025981592933,1.14513748773361,0.817197860229776,1.56075817795579,0.190082771823623,0.356232603946776,0.7699126675984,45.4125909088849,32.4075253109379,61.8948147296098
220000,"Parsa","Madhesh","2012-2016",3,190,6,7.18154613226159,33.4550031370091,36.7571693383971,1.0882825020294,0.750433145676691,1.52499313616131,0.198052603974976,0.262913967799658,0.647491481603016,43.1578990185462,29.7598443978378,60.4764844162199
230000,"Dolakha","Bagmati","2012-2016",3,55,3,2.04925482612219,56.3088876587376,43.9749951982976,1.01553099573409,0.624193716580895,1.56601140903026,0.24154707347062,0.202147175292659,0.478034315976329,40.2728005663656,24.753581297112,62.1031415342861
240000,"Sindhupalchok","Bagmati","2012-2016",3,74,5,2.77270725589671,63.2454926725983,47.9785925951346,0.962607935861245,0.626464281820194,1.42076723161763,0.203377765879243,0.121918851857137,0.384632926117257,38.1740366245716,24.8436248520989,56.3432092279994
250000,"Rasuwa","Bagmati","2012-2016",3,21,0,0.77801894799274,0,37.6482990857607,1.04651098489207,0.600863397381867,1.70015069020916,0.282463213160371,0.256721932906769,0.514443197020025,41.5013705756992,23.8283734046903,67.4226881967969
260000,"Dhading","Bagmati","2012-2016",3,100,5,3.77172979919911,51.301034299102,44.0416662939891,1.07561636507362,0.698711323894306,1.58713878512864,0.227546674332299,0.263554005034407,0.595324114078809,42.6555994238422,27.7087178223605,62.9409875554072
270000,"Nuwakot","Bagmati","2012-2016",3,83,4,3.16800554706253,43.9629378820285,43.2036284517766,0.890364112760683,0.534795196158064,1.39464031633891,0.220631457591961,0.0887215095608326,0.274013914731941,35.3090713087886,21.2083140437829,55.3070970336356
280000,"Kathmandu","Bagmati","2012-2016",3,182,7,6.80267360592139,36.9964045264102,40.0015820884435,0.72114817610919,0.480407372149423,1.04166917697877,0.143640867227305,0.00378019089202752,0.0394019314783227,28.5984935932456,19.0514621123898,41.3093595338973
290000,"Bhaktapur","Bagmati","2012-2016",3,37,0,1.40078122008379,0,35.2754185544186,0.714020607866304,0.403723854674185,1.16453713963955,0.195454362865113,0.0189906849802979,0.0819688836277581,28.3158364064392,16.0104323270062,46.1819207624755
300000,"Lalitpur","Bagmati","2012-2016",3,42,1,1.61799637699388,60.0594118592422,38.4571841651921,0.787295355530911,0.452152360023976,1.27240229918265,0.210663476093391,0.0409592881531121,0.148236703321677,31.2216849838274,17.9309562163528,50.4595174843739
310000,"Kabhrepalanchok","Bagmati","2012-2016",3,94,1,3.51563080574646,13.293528798092,32.0240900084261,0.752575188487317,0.465349201219167,1.14756755966736,0.17483467909963,0.0154396391169316,0.0870284949754565,29.8447911530617,18.4543018904804,45.5089600032412
320000,"Ramechhap","Bagmati","2012-2016",3,52,0,1.96358622983686,0,33.3073429485968,1.0275386526114,0.644909620740079,1.55428425919573,0.233015637774567,0.209370724347114,0.503341692411607,40.7489868893047,25.5751096209735,61.6380792481703
330000,"Sindhuli","Bagmati","2012-2016",3,117,9,4.33242191692731,64.3785570506881,53.7802364500738,1.16673887842626,0.778145109917818,1.68847883892821,0.233019271981623,0.402317529239671,0.751804667459719,46.2692348744316,30.8588147038878,66.9598188793145
340000,"Makawanpur","Bagmati","2012-2016",3,120,3,4.54141029831941,15.7772121728338,35.4895753603033,0.819645245652252,0.536379112651241,1.1990652557436,0.16961914426833,0.0246112361096062,0.140470851294543,32.5045810044051,21.2711272452622,47.5511984503373
350000,"Chitawan","Bagmati","2012-2016",3,105,2,3.96937363141694,11.2146813997009,34.0365819731143,0.731371298240811,0.466340834457173,1.08967931714854,0.159631766528887,0.00796198785626301,0.0589556611381963,29.0039108188172,18.4936269803073,43.2132923614945
360000,"Gorkha","Gandaki","2012-2016",3,94,3,3.58303980028795,45.3562962648175,38.4579125492116,0.930854149055729,0.585900334688836,1.4052905780334,0.209987651753272,0.104670856954612,0.331638213117855,36.9147802073698,23.234984879643,55.7294532856885
370000,"Manang","Gandaki","2012-2016",3,0,0,NA,NA,41.2940821862755,0.956041933081547,0.526168553970732,1.6011486231936,0.276467496595851,0.171047756622096,0.380629984268536,37.9136493773327,20.8662082470842,63.4965741566309
380000,"Mustang","Gandaki","2012-2016",3,9,1,0.34912442843486,111.111111111111,44.0761643444231,1.11169778610424,0.594229777689083,1.90549949870472,0.337656133278288,0.340562705792641,0.581825205633196,44.0864763536665,23.5653046809952,75.566183221392
390000,"Myagdi","Gandaki","2012-2016",3,38,1,1.4092377141993,26.2991554772627,39.0607721443435,0.996137195986912,0.608260784149635,1.54046230340168,0.239032525453325,0.181452287886561,0.445671984026588,39.5037027911889,24.1217307549455,61.0899434734186
400000,"Kaski","Gandaki","2012-2016",3,159,3,6.09697035196508,17.6605546165851,31.8070771307096,0.685006715941318,0.444427959292833,1.0061223221014,0.143801622578507,0.00244936107115856,0.0265990794450309,27.1652356979848,17.6246305094598,39.8996818349875
410000,"Lamjung","Gandaki","2012-2016",3,73,3,2.67554051075994,60.8197101869492,41.2441679524179,0.962720996949792,0.58719183373942,1.49163225654669,0.231998595836772,0.1467975288477,0.389076524848175,38.1785202756763,23.2862017148891,59.1534956969371
420000,"Tanahu","Gandaki","2012-2016",3,152,3,5.73095299618314,18.465013621931,32.4106970290732,0.765518642804943,0.494891586174124,1.12940243218763,0.162474924887357,0.0121602906786584,0.0834325048483054,30.3580882917638,19.62586098867,44.7885875485089
430000,"Nawalparasi_e","Gandaki","2012-2016",3,151,5,5.59867019911165,26.5618740137478,37.9356962647362,0.871661625552498,0.575008191564469,1.26613110120221,0.176900178957878,0.0449369435948689,0.215691219574407,34.5673888386383,22.8030363624332,50.210821278508
440000,"Syangja","Gandaki","2012-2016",3,115,1,4.39498581920418,9.33053073241852,29.9975981644102,0.693224093630954,0.429827050383689,1.05417002021411,0.160006867162951,0.00560231121559707,0.0418728934488027,27.491111337688,17.0456038770323,41.8051040937809
450000,"Parbat","Gandaki","2012-2016",3,73,5,2.70614982442271,53.9755632818272,48.1441175299893,0.959947933934819,0.584187545441032,1.49095024324705,0.232598587821193,0.144860652603402,0.384244781618428,38.0685492218836,23.1670609855632,59.126449170819
460000,"Baglung","Gandaki","2012-2016",3,128,6,4.67570346930752,31.2712370301156,43.3655410381695,1.12294708309191,0.750842009048454,1.61634452178647,0.221487614476525,0.329658327206881,0.689745077636373,44.5325884821975,29.7760586474265,64.0991962292491
470000,"Rukum_e","Lumbini","2012-2016",3,0,0,NA,NA,41.2940821862755,1.095835257538,0.610703554721709,1.81780869612095,0.310295543387521,0.319082038961401,0.575456960229338,43.4574178098012,24.2186034377998,72.0886387458461
480000,"Rolpa","Lumbini","2012-2016",3,89,4,3.17712727764515,44.4973515152299,42.356102944261,1.21287174183956,0.799832790582163,1.75790777290316,0.245162175625204,0.482125182232831,0.805994483805632,48.0987207449796,31.7188806613142,69.7131544478535
490000,"Pyuthan","Lumbini","2012-2016",3,87,4,3.28026373657213,50.4787836449849,42.6348924825788,0.914200147932829,0.581862832400817,1.3686466069274,0.201559970704266,0.0866121955008039,0.300139375925903,36.2543343237169,23.0748700972142,54.27626736964
500000,"Gulmi","Lumbini","2012-2016",3,105,5,3.92703460404583,44.7700760852848,43.3574860491941,0.927500996558706,0.580939081756715,1.40739670363102,0.211833407638527,0.103942766250297,0.326303381538925,36.7818046090391,23.0382370199185,55.8129756759624
510000,"Arghakhanchi","Lumbini","2012-2016",3,79,3,2.95326209826154,30.3536666463456,40.4077339715745,0.914609588996778,0.573942452508353,1.38351952715728,0.207452891247523,0.0919122501607594,0.303942358785334,36.2705714827808,22.76077246636,54.8660811249794
520000,"Palpa","Lumbini","2012-2016",3,64,0,2.47279999536699,0,31.8842420676986,0.770003900554555,0.464898299666045,1.19702235604309,0.187724848604184,0.0242410464129647,0.112697077980504,30.5359596630934,18.4364205373753,47.4701834024842
530000,"Nawalparasi_w","Lumbini","2012-2016",3,106,4,3.92391382964448,41.0056282514592,40.1258482961875,0.836798165987535,0.526729237472699,1.26389890884874,0.188929179589094,0.0417136433845281,0.180286115843657,33.1848124721746,20.888443210813,50.1222994728172
540000,"Rupandehi","Lumbini","2012-2016",3,266,10,9.91997110326716,38.7712322615044,39.2557448048274,0.974024573993364,0.68500065581709,1.34660044278131,0.169149680131791,0.0967080574509778,0.403820607616782,38.6267849823909,27.1649953723075,53.4019850723606
550000,"Kapilbastu","Lumbini","2012-2016",3,231,13,8.55260603603067,59.307790724978,49.0221416825413,1.32947105155585,0.942839619720416,1.8243418273056,0.225348206117752,0.699564530559669,0.946201274154012,52.7226866959013,37.3900866941246,72.3477224078699
560000,"Dang","Lumbini","2012-2016",3,184,8,6.92463500895777,41.5483637462103,42.2966558886457,0.957321897972207,0.663623054488553,1.34034198110738,0.173004581476945,0.0877970880084449,0.367336741337847,37.9644088036722,26.3172261968633,53.1537939487955
570000,"Banke","Lumbini","2012-2016",3,184,8,6.91359079378795,51.7899732513761,42.2966558886457,1.06592692151113,0.737055429602026,1.49272896800656,0.193208771300681,0.22550971435343,0.604081131328008,42.2713462303598,29.2293257885865,59.1969878622061
580000,"Bardiya","Lumbini","2012-2016",3,128,4,4.79254374421729,36.9840903460029,37.5660389417136,1.02813962190658,0.685287887944192,1.47759996367741,0.202698130563912,0.18639157211174,0.518501547743441,40.7728194622866,27.1763861050567,58.5970186080181
590000,"Dolpa","Karnali","2012-2016",3,33,1,1.25401654270638,35.0609246620327,39.8424341018569,1.34070149568386,0.833740306270034,2.04713426007455,0.311031432872451,0.643803559762164,0.87840006957393,53.1680511786586,33.0635472669961,81.182977314209
600000,"Mugu","Karnali","2012-2016",3,49,4,1.75542800576223,85.7855158363238,48.7288631234977,1.4193852754322,0.900227422444694,2.13177686287068,0.315519748275439,0.743643940466906,0.93103703574616,56.2884051441445,35.7002194918545,84.5396396673485
610000,"Humla","Karnali","2012-2016",3,70,12,2.56460843616355,168.37499695959,73.0500030581027,2.27104346026971,1.50411709856988,3.30846296209741,0.462124578654614,0.999014801270679,0.999979451404027,90.0625197430602,59.6486056985173,131.203350378726
620000,"Jumla","Karnali","2012-2016",3,126,8,4.71430230291154,63.876961264393,49.4518391796211,1.3101003961311,0.87512531641745,1.88875107642523,0.25945274047462,0.635932656778936,0.89961709616644,51.9545067525638,34.7047480448208,74.9019928883578
630000,"Kalikot","Karnali","2012-2016",3,114,4,4.36335553905982,37.5942764372229,39.1556206708958,1.2820234135623,0.872188477610843,1.81731316464743,0.241741881583788,0.602517497041382,0.891445761358637,50.841060954997,34.5882821525429,72.0689875089156
640000,"Dailekh","Karnali","2012-2016",3,224,7,8.35673041345713,37.4220575510431,36.1906735143136,1.23582792677842,0.876748208390085,1.68032974193783,0.205296559304166,0.54086337135864,0.883255295777289,49.0090916363565,34.7691068925854,66.6366510397622
650000,"Jajarkot","Karnali","2012-2016",3,228,23,8.25926861129027,96.8722333631502,71.8318582363444,2.01266124742208,1.47100974390082,2.69950236036601,0.314025869153375,0.99951101768288,0.999999601515613,79.8158848578423,58.3356709900072,107.053867035212
660000,"Rukum_w","Karnali","2012-2016",3,139,4,5.20758660143372,22.3161374542787,36.404824726442,0.951667124853255,0.62086313660402,1.39256047255776,0.19757220081349,0.108417684135731,0.365643806982583,37.7401580904747,24.6215008547204,55.2246168984559
670000,"Salyan","Karnali","2012-2016",3,184,9,6.86429374461496,50.4400369300241,44.7913099035683,0.961109410585666,0.647912903302124,1.37325805018124,0.185594116480676,0.103854318483841,0.380082445050305,38.11460977318,25.6942104659243,54.4591428655777
680000,"Surkhet","Karnali","2012-2016",3,359,12,13.4661817099624,38.9041325975117,36.389089158727,0.864146497835414,0.619536347577031,1.17327086033719,0.141488248204108,0.0178376365186919,0.162725773279675,34.2693622485566,24.5688845287766,46.5282729598343
690000,"Bajura","Sudurpashchim","2012-2016",3,89,3,3.38364007646028,28.0554548628696,39.086603221332,1.27329083743652,0.829770937241577,1.86290375836603,0.264460700959234,0.574459988459022,0.857464963714726,50.4947541477983,32.9061344377187,73.8769686500568
700000,"Bajhang","Sudurpashchim","2012-2016",3,125,8,4.66187200298287,59.0302272136421,49.5964956049823,1.87170002929616,1.32358405112744,2.55826765289943,0.315404752405543,0.994177130886324,0.999811201324057,74.2258013950785,52.4892265699344,101.452937835863
710000,"Darchula","Sudurpashchim","2012-2016",3,109,10,3.94010776396559,86.7915232913672,58.1694042596381,1.63908074765369,1.08680763041362,2.37815721546741,0.330619644177643,0.928170820237065,0.991284451391292,65.0008442280092,43.0994101977293,94.3103181058005
720000,"Baitadi","Sudurpashchim","2012-2016",3,140,5,5.25916734921361,29.737406141247,39.1050510371111,1.07671902879057,0.716820195328087,1.55393900865105,0.214244662327054,0.257307114870561,0.608670777920204,42.699327637113,28.4268593372903,61.6243876854412
730000,"Dadeldhura","Sudurpashchim","2012-2016",3,70,3,2.71052292327109,43.0527397530178,41.6755062904537,1.48397312399022,0.988455805549899,2.14128917237179,0.29492976923912,0.836789853581456,0.971297575632375,58.8497583228404,39.1990827387811,84.9168682749172
740000,"Doti","Sudurpashchim","2012-2016",3,128,3,4.82787194318472,21.3890545228077,34.6662878934857,1.18888714121492,0.817970549141227,1.66337362717541,0.216076102302255,0.444657394454912,0.807656777711055,47.1475660863057,32.4381677497817,65.9642242688652
750000,"Achham","Sudurpashchim","2012-2016",3,149,6,5.60989289386766,38.6802484575146,40.8763830138346,1.35557751812613,0.953651966828812,1.87533103620944,0.235594108593255,0.732276037717132,0.953796943272495,53.757987958092,37.8188707495399,74.3697958353151
760000,"Kailali","Sudurpashchim","2012-2016",3,353,20,13.0086732728619,65.0071117095967,50.8108331854323,1.46457290776381,1.1050257233696,1.9091874163073,0.205272035239705,0.913779572298523,0.996279916491904,58.0804060900554,43.8218830985052,75.7124345625502
770000,"Kanchanpur","Sudurpashchim","2012-2016",3,244,10,9.13098222329339,48.4414926598198,41.1297014301703,1.17073907163453,0.827500644722579,1.60603726193613,0.198943620193637,0.40854002846832,0.802324223078836,46.4278700948042,32.8161016979708,63.6904423634565
10000,"Taplejung","Koshi","2017-2022",4,12,0,0.362738390082153,0,30.6603758534813,0.906056514924932,0.508817008808288,1.49251968655033,0.252643209630478,0.120527421192757,0.307674525072924,28.2578383246468,15.8688432066803,46.5482884391445
20000,"Sankhuwasabha","Koshi","2017-2022",4,26,1,0.742215307964035,41.4908152775161,31.9435243377653,1.10602813253902,0.662508511699663,1.75654801215594,0.280514020696839,0.320088602065376,0.608122144977762,34.4944974590113,20.6621310083097,54.7827303477805
30000,"Solukhumbu","Koshi","2017-2022",4,22,2,0.621115935868533,90.7632275898858,34.5019489657423,1.12031736719745,0.653247789722381,1.80724515796869,0.296213316211683,0.342953608623768,0.619933971150156,34.940146131152,20.3733101896379,56.3638588163686
40000,"Okhaldhunga","Koshi","2017-2022",4,27,0,0.79764915433033,0,29.6287532355572,1.04323882231472,0.591857590332209,1.70778247181548,0.286679161153045,0.254842722868542,0.508173025168114,32.5362419334368,18.4586897432201,53.2618442528672
50000,"Khotang","Koshi","2017-2022",4,43,3,1.26497428191117,97.3520460278796,35.0984285831228,1.14167546871297,0.677307139800512,1.80875120563315,0.290242518739841,0.370931481131444,0.657212651938512,35.606256654729,21.1236665013082,56.4108290116164
60000,"Bhojpur","Koshi","2017-2022",4,26,1,0.740963531765718,54.6238020366594,31.9435243377653,0.88557715107925,0.508212104995725,1.43682859409944,0.238419740407158,0.0988214384854207,0.275141454806651,27.61913362686,15.8499776349905,44.8114101532127
70000,"Dhankuta","Koshi","2017-2022",4,24,1,0.705882388528242,44.455607907177,32.0878014186527,0.926220108582258,0.530995890412684,1.50704603435526,0.250666148804314,0.132437164733854,0.334581324774129,28.8866948697154,16.5605519911489,47.0013321300816
80000,"Terhathum","Koshi","2017-2022",4,19,1,0.550342828492591,35.4559007201268,32.4542611438446,0.944279504871772,0.520141623365703,1.58413817802581,0.273671559833382,0.160211196896292,0.363363361616181,29.449926293124,16.2220321325156,49.4056604430051
90000,"Panchthar","Koshi","2017-2022",4,45,4,1.30195033290999,87.9653248468063,37.1031441131834,1.31301577467945,0.776743764908169,2.08994693272012,0.336941126616358,0.590183989032424,0.830695312728183,40.9499704129128,24.2248682801767,65.180683057932
100000,"Ilam","Koshi","2017-2022",4,25,1,0.727886560088165,34.5153495314824,32.015500333737,1.17010971812443,0.679024543398375,1.87452512269417,0.306697007918207,0.410354238427539,0.685702313355535,36.4930561087547,21.1772284065615,58.462167624245
110000,"Jhapa","Koshi","2017-2022",4,127,3,3.7184965618106,25.339672571175,29.6967710641896,0.896945557225021,0.557332294555336,1.35859687319166,0.205115428160984,0.0791936346729996,0.276080260720201,27.9736883125605,17.3819244310096,42.3715410226936
120000,"Morang","Koshi","2017-2022",4,166,4,4.91074294286054,17.1981077056299,29.4262992754987,0.825340486808825,0.534780167384459,1.2254680797397,0.176706596407749,0.0309389979691382,0.15307164037686,25.7404893125914,16.6785749677321,38.2195572780235
130000,"Sunsari","Koshi","2017-2022",4,188,8,5.38224049254187,42.7432076593453,34.9513109751628,0.915004905798249,0.596015823943379,1.3585669080053,0.195182765496562,0.0815136538367998,0.29420296841836,28.5369182478068,18.5883755753564,42.3706064768044
140000,"Udayapur","Koshi","2017-2022",4,58,4,1.68646351745014,47.8767561750503,36.091540171675,1.00305400041943,0.617476850887422,1.55738064252209,0.240863014167375,0.186787406896741,0.453584226836778,31.2829688963616,19.2576961085418,48.5711538755061
150000,"Saptari","Madhesh","2017-2022",4,115,3,3.43134353360338,21.0088195695638,30.3643542377182,0.837966438607832,0.52059165434196,1.28134468191917,0.194889505554846,0.0462652106782899,0.185921334582553,26.1342639820012,16.2360675733062,39.962221189721
160000,"Siraha","Madhesh","2017-2022",4,161,4,4.78282088029809,22.8516160096516,29.6800582630036,0.974838821307579,0.627460636455779,1.44123390087191,0.208215826695454,0.136699785176434,0.410614608820026,30.403001745847,19.5690676331778,44.9488016343139
170000,"Dhanusha","Madhesh","2017-2022",4,148,5,4.35178683674903,30.7786669828908,32.1250496990258,1.04660964492816,0.681317179903645,1.53274912893971,0.217668759488269,0.219911028881582,0.548345048866784,32.6413702106058,21.2487305155756,47.8029530877661
180000,"Mahottari","Madhesh","2017-2022",4,133,4,3.87706450237639,26.6353645146973,31.1860922451331,1.1994634948702,0.782020026106873,1.75911390907661,0.249851524701371,0.45761334655637,0.783116775222004,37.4085335252693,24.3894228454336,54.8627548265491
190000,"Sarlahi","Madhesh","2017-2022",4,232,12,6.79436461912467,55.1332796746334,38.7345192905611,1.37184768192859,0.944802407223701,1.93845669119163,0.253951493099502,0.738202211136759,0.950115201367662,42.7848035563115,29.4662344260903,60.4560475828167
200000,"Rautahat","Madhesh","2017-2022",4,128,6,3.72749048360463,54.1733091065485,35.1288479804125,1.288061238543,0.840433013629313,1.90040152316279,0.271221097842723,0.591763435292924,0.868336197744104,40.1716952876919,26.2111908370312,59.2691935975934
210000,"Bara","Madhesh","2017-2022",4,172,11,4.96798847397632,59.015282138672,40.9756384192492,1.25949702038993,0.83788170032388,1.83834851149399,0.255984374272994,0.551860672153517,0.854518865645383,39.2808424047388,26.131621187994,57.3339015463688
220000,"Parsa","Madhesh","2017-2022",4,96,5,2.78686343035911,58.4734718357918,35.3699536553238,1.11999583176127,0.712153205481489,1.6813627212234,0.247935147211251,0.332610699536099,0.659279190300452,34.9301181734898,22.2104358959796,52.4378724271471
230000,"Dolakha","Bagmati","2017-2022",4,34,1,0.996637276907647,56.1737932349912,31.3791611136105,1.01116576461376,0.581174772427635,1.64280552558348,0.272633098172276,0.215687014168226,0.462349379299218,31.5359563395896,18.1255169927056,51.2353613445631
240000,"Sindhupalchok","Bagmati","2017-2022",4,41,1,1.18884800872603,19.8881197445776,30.9014527707298,0.956705643561597,0.576467096186241,1.50174458389484,0.237127723592185,0.144254416798565,0.37761021084236,29.8374692469162,17.9786952967929,46.8359919691435
250000,"Rasuwa","Bagmati","2017-2022",4,9,0,0.278968360265514,0,30.8753814705508,1.02591148795018,0.552265822509484,1.74278251284558,0.306351926331746,0.246237918478218,0.47639267456268,31.9958418535247,17.2239127114428,54.3534157878576
260000,"Dhading","Bagmati","2017-2022",4,72,1,2.13373091638205,6.83629407718056,28.9496814166738,1.02397835875246,0.618761333886546,1.58881934662071,0.248609648413456,0.216179324758929,0.492713605860887,31.9355519583251,19.2977562066947,49.5516554258192
270000,"Nuwakot","Bagmati","2017-2022",4,50,0,1.52471751859685,0,28.1751490014783,0.864183224701877,0.490562987049024,1.41085609603437,0.236433553864122,0.0866839817525724,0.24804945055742,26.9519058074658,15.2995418583085,44.0013871147814
280000,"Kathmandu","Bagmati","2017-2022",4,117,1,3.49808548705804,6.39614116410503,26.5183335971417,0.712147547263194,0.442232514074752,1.08994685023841,0.165888296262464,0.00892071764671831,0.0552716767788931,22.2102594290427,13.7922245232813,33.992958903945
290000,"Bhaktapur","Bagmati","2017-2022",4,11,0,0.334188756638757,0,30.7317109015713,0.71951400976746,0.383243985628291,1.22929371060136,0.217750711505524,0.0299520734884083,0.10284811802258,22.4400026106669,11.9525067215865,38.3388699882107
300000,"Lalitpur","Bagmati","2017-2022",4,32,0,0.964532523830892,0,29.3001349340869,0.777216006627286,0.423533582396973,1.30620469447981,0.227026703415462,0.0477883830229346,0.152006566313683,24.2395964234318,13.2090474482419,40.7375483399766
310000,"Kabhrepalanchok","Bagmati","2017-2022",4,50,0,1.49320865024897,0,28.1751490014783,0.743377729780387,0.431563925079205,1.18825464554083,0.194152555151705,0.0226933009502548,0.0987431316563872,23.1842576663306,13.4594955400199,37.0589550531351
320000,"Ramechhap","Bagmati","2017-2022",4,16,1,0.46762794889528,55.6246716690133,32.6781824578738,1.02940971567042,0.599322656204862,1.64695209711225,0.268739623599683,0.232503769387577,0.494106052050086,32.1049436056926,18.6915081392445,51.3646834629203
330000,"Sindhuli","Bagmati","2017-2022",4,72,1,2.1210406821512,8.18586912467067,28.9496814166738,1.11409106925538,0.692790738596696,1.69933752121914,0.257790632697187,0.328296779555282,0.640512869339307,34.7459620844509,21.6065646696443,52.9984654848984
340000,"Makawanpur","Bagmati","2017-2022",4,75,2,2.22853876554691,44.0645990578687,30.7988837721671,0.835804786422843,0.511406210855957,1.2957092097348,0.200974430459946,0.049800545437199,0.1880728147324,26.0668469754995,15.9495945192615,40.4102180838856
350000,"Chitawan","Bagmati","2017-2022",4,57,1,1.65649483331704,21.4083335191187,29.8623293797342,0.743247617323895,0.442390162068355,1.17224165974093,0.187133053239779,0.0199170883452928,0.0920086007357194,23.1801997552632,13.7971412050137,36.5595465103182
360000,"Gorkha","Gandaki","2017-2022",4,42,0,1.26384134583749,0,28.6642923794117,0.899912496303631,0.526086891179796,1.43092689023312,0.2321073693338,0.102622842750492,0.293735005122233,28.0662203824936,16.4074514898294,44.627349456173
370000,"Manang","Gandaki","2017-2022",4,0,0,NA,NA,31.5388798259924,0.952613425993659,0.498596083437677,1.65471952577886,0.297833258144951,0.180053089550537,0.376357162212476,29.7098423047562,15.5500758319157,51.6069318655793
380000,"Mustang","Gandaki","2017-2022",4,3,0,0.0942959679035488,0,31.3145677343569,1.10173948567407,0.560893361380567,1.95488760884364,0.359566929880777,0.33274228203074,0.557351964552973,34.3607443346256,17.4929859916883,60.9684904678773
390000,"Myagdi","Gandaki","2017-2022",4,23,0,0.66842799154194,0,29.8970032611033,0.979569347905436,0.560494645070907,1.58865822280748,0.263965517135725,0.182905922583594,0.41635714955025,30.5505360923152,17.4805509384326,49.5466303411921
400000,"Kaski","Gandaki","2017-2022",4,76,0,2.29817113521144,0,26.6946680011226,0.678629861574497,0.408621616383844,1.05655517591171,0.166030342059385,0.00649285351004669,0.0412943667077521,21.1649191797251,12.7439772039906,32.9515486619017
410000,"Lamjung","Gandaki","2017-2022",4,24,0,0.705993342155183,0,29.8294864099227,0.939845064284274,0.534452890795362,1.53230781473487,0.256283938604618,0.146417808676899,0.356560607093276,29.3116261947111,16.6683679565912,47.7891895032156
420000,"Tanahu","Gandaki","2017-2022",4,57,0,1.7366014540916,0,27.7606413970016,0.750462222742264,0.449927350298872,1.1714212587589,0.184916465484572,0.019623092682261,0.0949578238337644,23.4052068603722,14.0322089330549,36.5339600729054
430000,"Nawalparasi_e","Gandaki","2017-2022",4,70,2,2.1123058365627,37.6257114431283,31.1139244675291,0.870233570451197,0.530599528322379,1.34384196218612,0.208306141744543,0.068492824629984,0.238212960359699,27.1406023061678,16.5481903606309,41.9113689662919
440000,"Syangja","Gandaki","2017-2022",4,41,0,1.23935059550364,0,28.7266320756872,0.693137655236588,0.401126469531683,1.11148616146382,0.182282735844778,0.011974606427952,0.0601158915082265,21.6173842092212,12.5102206507524,34.6647209455022
450000,"Parbat","Gandaki","2017-2022",4,29,0,0.856722745395011,0,29.4964253100152,0.939094210169181,0.536897306054761,1.52898594893296,0.254827128121657,0.144676963697499,0.354504229868467,29.2882087656212,16.7446036991311,47.6855880774545
460000,"Baglung","Gandaki","2017-2022",4,70,2,2.05873077508315,29.7643947404211,31.1139244675291,1.09937245270676,0.679730985986509,1.67812101633483,0.255626385000221,0.308840725844698,0.618375110220617,34.2869219694666,21.1992607413136,52.3367710376327
470000,"Rukum_e","Lumbini","2017-2022",4,0,0,NA,NA,31.5388798259924,1.09188749466362,0.578256789935702,1.8799053031025,0.335153706775154,0.319537937869206,0.556723598789234,34.0534831819674,18.0345117671673,58.6299631928786
480000,"Rolpa","Lumbini","2017-2022",4,47,0,1.4043326774452,0,28.3566088372444,1.14245632359984,0.686518024814242,1.76037872859957,0.275019790500434,0.376260470198367,0.673767867966384,35.6306097395363,21.4109330186362,54.9022016656824
490000,"Pyuthan","Lumbini","2017-2022",4,47,1,1.38596148763172,23.5357535805267,30.5034160083037,0.916619460626004,0.544574987010406,1.45085058025222,0.232444365107686,0.112773233936897,0.315578700654027,28.587272534253,16.9840530751679,45.248723953366
500000,"Gulmi","Lumbini","2017-2022",4,50,2,1.4744243516252,40.1101883926508,32.4412876127069,0.940327455671208,0.554299863136166,1.4993612650072,0.242565740664792,0.136767989879759,0.353641063830305,29.3266708829801,17.2873498041933,46.7616616832358
510000,"Arghakhanchi","Lumbini","2017-2022",4,34,0,1.03515041487298,0,29.1707196694724,0.897896353175329,0.525507674295175,1.43087620573902,0.232260491464651,0.10138153322581,0.289990587783248,28.0033414719396,16.3893870348965,44.6257687222823
520000,"Palpa","Lumbini","2017-2022",4,32,0,0.934263751768296,0,29.3001349340869,0.765824892198245,0.435589353947855,1.24556521721466,0.207977262229663,0.0341119568552897,0.127366043671316,23.884333518115,13.5850394948218,38.846341206179
530000,"Nawalparasi_w","Lumbini","2017-2022",4,66,2,1.935008041339,25.9336789366135,31.3706357686166,0.847390133397224,0.499201002313124,1.35145268197832,0.218701616152407,0.0665245885823345,0.215612068081218,26.4281675513624,15.5689418733826,42.1487299762064
540000,"Rupandehi","Lumbini","2017-2022",4,133,4,3.95371866122809,30.644313464973,31.1860922451331,0.973964204592459,0.630935811425866,1.44188109639629,0.207379347910585,0.134250289601087,0.406185991307162,30.3757244432453,19.6774504225921,44.968986188137
550000,"Kapilbastu","Lumbini","2017-2022",4,113,5,3.29825292382029,47.2486934249842,34.2393027657135,1.31380024502709,0.855844584002454,1.93058428694504,0.274759096696613,0.631642848677495,0.888646384949936,40.9744362557039,26.6918426029635,60.2105252309966
560000,"Dang","Lumbini","2017-2022",4,101,4,2.96926681097823,46.3167297401114,33.1059451742263,0.989649879324253,0.633405390371506,1.48814255914819,0.2186680751191,0.157292291276926,0.43310743712324,30.8649248995995,19.7544709631724,46.4117758083993
570000,"Banke","Lumbini","2017-2022",4,105,3,3.08934649738115,27.5133797693401,30.9440390270974,1.0577718727095,0.673084839878407,1.58316771503955,0.232753872200657,0.242892762167393,0.559675984018961,32.9894946628802,20.9919825869036,49.3753939135843
580000,"Bardiya","Lumbini","2017-2022",4,65,0,1.9258526467438,0,27.3016057433999,0.987709481121701,0.602611388913978,1.51090435271947,0.23250282077236,0.169254463996907,0.435657931855663,30.804408300701,18.7940762193326,47.1216642889976
590000,"Dolpa","Karnali","2017-2022",4,16,0,0.485366464721578,0,30.3783168815512,1.29593117626871,0.748063185966759,2.08198676865772,0.342276811589346,0.567244769499425,0.80752565860384,40.4171407143455,23.3303863693538,64.9324236774103
600000,"Mugu","Karnali","2017-2022",4,14,0,0.419636088291337,0,30.5186946721728,1.39391644329883,0.817242903954536,2.22033915669586,0.359847314625388,0.679281792151421,0.88124552708069,43.4730779415768,25.4879441530481,69.2473194356892
610000,"Humla","Karnali","2017-2022",4,63,4,1.83870954023445,63.2444788190973,35.7169974223609,2.18694885164906,1.36399831127347,3.33516411454235,0.505102756412709,0.994070563362468,0.999502150821836,68.2059518983661,42.5399995697292,104.016169833191
620000,"Jumla","Karnali","2017-2022",4,72,1,2.16048273968631,12.1169313004942,28.9496814166738,1.25793078957422,0.779569029051363,1.91797204446571,0.291545291917671,0.537080819837852,0.813373322093236,39.2319952341257,24.3129818316691,59.8171781240319
630000,"Kalikot","Karnali","2017-2022",4,98,5,2.8727926472457,48.8765279321639,35.2330751541692,1.3171498416527,0.839234720994844,1.97556562835655,0.290839471550397,0.624450313700202,0.876794006955652,41.0789025426738,26.1738188199741,61.6133907833043
640000,"Dailekh","Karnali","2017-2022",4,134,4,3.93477324709182,30.9484607057435,31.1296782803285,1.20753179915196,0.783807598569935,1.75352566293627,0.247787465899619,0.476730844255153,0.796192849864801,37.6601655528441,24.4451731577184,54.688470161795
650000,"Jajarkot","Karnali","2017-2022",4,107,7,3.07253256625039,64.0292238848094,38.4336773818475,1.95663676156983,1.31853762540717,2.80669251099175,0.380291841422288,0.992705835384458,0.999598717050456,61.0230425561055,41.1221843560238,87.5343445978894
660000,"Rukum_w","Karnali","2017-2022",4,95,1,2.80623380699602,8.29705743185583,27.6537836391755,0.929964936689347,0.567439879726044,1.430763340497,0.221201609045008,0.113260563742889,0.335146527647733,29.0034875260901,17.6971569831757,44.622248712538
670000,"Salyan","Karnali","2017-2022",4,111,2,3.3177145844557,18.1197176197488,28.7061260718788,0.951835428893619,0.600116301371475,1.43755433715232,0.214434931532123,0.123024148406624,0.367586957291242,29.6855783478088,18.7162601237354,44.8340444254855
680000,"Surkhet","Karnali","2017-2022",4,154,2,4.5264674731083,12.7738804986023,26.5511921749077,0.858351969308278,0.563482829642649,1.25454903570085,0.176568794959558,0.0400463548599356,0.194278497170937,26.7700422377792,17.5737456068904,39.1265260358657
690000,"Bajura","Sudurpashchim","2017-2022",4,34,0,1.01448454102659,0,29.1707196694724,1.24354018320444,0.746697832087724,1.93066994533928,0.303314554959179,0.513585654369632,0.784587460660987,38.7831850092751,23.2878040927141,60.2131967211471
700000,"Bajhang","Sudurpashchim","2017-2022",4,92,4,2.68808594432434,47.5240768338375,33.689243584333,1.7796995136926,1.14971554213103,2.59381434011837,0.36906716386774,0.961305794599017,0.995066391594625,55.5047729319009,35.8570082259869,80.8951594738965
710000,"Darchula","Sudurpashchim","2017-2022",4,55,0,1.66172000102638,0,27.8778223655022,1.52809865693316,0.930107530128045,2.3523536993344,0.364319484730055,0.81852719986953,0.951904750152291,47.6579154616029,29.0079346905556,73.3645522362185
720000,"Baitadi","Sudurpashchim","2017-2022",4,81,1,2.39816703088849,12.7628029710851,28.4283869960981,1.06600077283065,0.6591505345297,1.63326295534465,0.249485912810931,0.262760834394374,0.563928678798814,33.246135308781,20.5574033512556,50.9377503207819
730000,"Dadeldhura","Sudurpashchim","2017-2022",4,34,4,0.952707300296352,127.081098245651,38.0044854460246,1.54733855682556,0.949907668527175,2.39631773923973,0.370370089945083,0.833521180590687,0.959301277845461,48.2579641027046,29.6254558942242,74.735690472387
740000,"Doti","Sudurpashchim","2017-2022",4,83,2,2.48078985457345,35.3647062912676,30.3078771325261,1.17130299746826,0.741172558242609,1.74636862156593,0.256997738147433,0.414617061529053,0.734543790628113,36.5302717726991,23.1154833903708,54.4652583481891
750000,"Achham","Sudurpashchim","2017-2022",4,109,9,3.14228410550933,77.5076847505967,42.0772988662021,1.48964645644428,0.973116744102164,2.21877851451435,0.318871496402042,0.822724186693331,0.965892861281069,46.4586789385571,30.3492940814226,69.1986465618439
760000,"Kailali","Sudurpashchim","2017-2022",4,177,9,5.09730068676417,46.1927218246905,37.2749863399355,1.48648508837544,1.0273849828728,2.09391175674248,0.272163156883546,0.864246255387387,0.982408493793681,46.3600830714094,32.0417968029234,65.3043368856614
770000,"Kanchanpur","Sudurpashchim","2017-2022",4,131,2,3.78412625199498,18.4178588642926,27.6619024530497,1.11830884019797,0.719378026533974,1.64360371159372,0.236191907159063,0.330437699393626,0.669539741059517,34.8775047503033,22.4357616034411,51.2602549476208
