"term","or","or_lo","or_hi","post_sd","prob_gt_1"
"(Intercept)",0.0143577095090513,0.0103555423959647,0.0199066175835106,0.16671998820182,0
"seg_f1-2",0.192569584159721,0.163263599338267,0.227136023545673,0.0842319029452073,0
"seg_f3-5",0.14241666668553,0.117848325604642,0.172106874202535,0.0966133120427075,0
"seg_f6-11",0.147001393043491,0.121639315403364,0.177651522331153,0.0966251573885402,0
"seg_f12-23",0.10298859414983,0.0820980727379861,0.129194878408526,0.115667280552919,0
"seg_f24-35",0.0597157069326761,0.043992502143685,0.081058486803555,0.155908920945659,0
"seg_f36-47",0.0436698859793367,0.0300302894553474,0.0635045141434253,0.191050569635606,0
"seg_f48-59",0.0250200685038164,0.0148677462230614,0.0421048233231659,0.2655579712078,0
"sexMale",1.11696657955179,1.00657676211906,1.2394626885774,0.0530935114394257,0.981393964318482
"multipleMultiple",7.46089945711888,5.91100334141363,9.41718647310465,0.11880850480637,1
"birth_order2-3",0.447674937409058,0.374957370065096,0.534495026859749,0.0904379083624338,0
"birth_order4-5",0.505423744675629,0.395002957321624,0.646712023155658,0.12576961922659,0.0000000289026538258241
"birth_order6+",0.643768791262809,0.469223888644334,0.883242022910128,0.161359910340292,0.003172490569744
"bi_cat24-35 months",1.4354917176492,1.20193294790118,1.71443546417274,0.0906018689727762,0.999966972565447
"bi_cat<24 months",2.7839355197887,2.35775107320734,3.28715659019853,0.084775716745077,1
"mage_cat<20",1.2691869529885,1.10038274725249,1.4638865664318,0.0728168633486316,0.999469148946126
"mage_cat25-29",1.06015890809971,0.903743614147122,1.24364575619586,0.0814445484374185,0.76340032903667
"mage_cat30-34",0.983556013681086,0.783029242499725,1.23543589376047,0.11633098841704,0.443330578337073
"mage_cat35+",1.17299552059591,0.880133280125826,1.56330696998683,0.14655508032827,0.861866282373094
"meduPrimary",1.24128447720968,1.05476561577883,1.46078629253004,0.0830771056865674,0.995362666908145
"meduNone",1.45384307106337,1.22922408619914,1.71950720703382,0.0856277459128588,0.999993793383437
"wealthRicher",1.36345295921754,1.04201010156422,1.78405561444022,0.137180472254457,0.988087690414512
"wealthMiddle",1.24902141619581,0.933926900198648,1.67042463150378,0.148327973927936,0.933077825920273
"wealthPoorer",1.48567806262107,1.09785492505669,2.01050180253964,0.154346238215177,0.994838625154138
"wealthPoorest",1.65093573189765,1.19239824220993,2.28580409998337,0.166011024342533,0.998735848633414
"ethnicityTerai/Madhesi other caste",1.13923244119157,0.907330733673836,1.43040515095111,0.116126107338034,0.869180869894933
"ethnicityDalit",1.08090869348707,0.917558191833027,1.2733400606689,0.083594060016521,0.823998953163165
"ethnicityNewar",1.11765148586593,0.725499102376442,1.72177310732242,0.220476010506165,0.693044090782697
"ethnicityJanajati",1.0505115232397,0.897653732473565,1.22939884338072,0.0802300937147818,0.730457947901545
"ethnicityMuslim",0.934995887161195,0.688102800954856,1.27047485898216,0.156433427438245,0.333721580556409
"ethnicityOther",1.34651761266148,0.420965963308178,4.30702203797947,0.593237946462448,0.691998001106667
"residenceRural",1.24603782102192,1.09241681260074,1.42126176886708,0.0671319850143536,0.99947478843432
"period2007-2011",0.886154761133027,0.768543158937144,1.02176468757424,0.0726517880265133,0.04809598249306
"period2012-2016",0.743011759133169,0.628269769619878,0.878709275705215,0.0855843417462591,0.000259485938206461
"period2017-2022",0.584606589668924,0.473074102069091,0.722434103218814,0.108005599167565,0.000000334311985983327
"water_impUnimproved",0.95789323936344,0.788275233117949,1.16400899009457,0.0994350011798367,0.332640393246864
"sanit_impUnimproved",1.02906561159799,0.895700078899202,1.18228864540796,0.0708180730943348,0.657105006982288
"electricityNo",0.936562566929432,0.800534482439715,1.09570475852613,0.0800712271121561,0.206533552120084
"clean_fuelPolluting",1.20886497695442,0.978448038515063,1.49354332062929,0.107894574712081,0.960628785401648
"hh_envNot recorded",1.33464575150059,0.993968021880663,1.79208912438476,0.150368143635386,0.97255385306899
"mediaYes",1.02752495853566,0.897376465098854,1.17654917582155,0.0690996212912521,0.65282319176518
"mworkEmployed",0.85718396024257,0.759943689817241,0.966866823874595,0.0614338908171627,0.00606341819210987
"hh_head_fFemale",0.953741946029189,0.849023873760669,1.07137587967515,0.059340800736463,0.212395240451227
"scale(alt_km)",1.00878818202408,0.92865083661768,1.09584092972763,0.0422315158954229,0.582067809439567
