"dcode","district","province","period","log_rr","Ii","p_value","p_fdr","cluster","cluster_fdr","gi_star","hotspot"
10000,"Taplejung","Koshi","2002-2006",-0.110717537163689,0.0247014110025602,0.0145971171519323,0.0432299238730304,"Low-Low","Low-Low",-0.333967609996452,"Not significant"
20000,"Sankhuwasabha","Koshi","2002-2006",-0.0755618814823923,0.181705941785972,-0.0414375751853195,-0.638138657853921,"Low-Low","Low-Low",-1.20471467804763,"Not significant"
30000,"Solukhumbu","Koshi","2002-2006",0.0210861950776149,-0.00256388806321758,0.0565621219958268,0.0911983826501111,"Not significant","Not significant",-0.19179193043885,"Not significant"
40000,"Okhaldhunga","Koshi","2002-2006",0.0270606092197386,0.00199301225085967,0.0765065082472187,0.0950161473392878,"Not significant","Not significant",0.100558219368389,"Not significant"
50000,"Khotang","Koshi","2002-2006",0.144008701822377,-0.176116757503627,-0.0389819735822949,-0.428801709405244,"High-Low","High-Low",-0.363542910951767,"Not significant"
60000,"Bhojpur","Koshi","2002-2006",-0.155127942642331,0.162102355272104,0.131276240030874,0.136598249761856,"Not significant","Not significant",-0.787414587328234,"Not significant"
70000,"Dhankuta","Koshi","2002-2006",-0.146052329678469,0.387985819685904,0.0711997271271585,0.0920597386786334,"Not significant","Not significant",-1.78457328885584,"Not significant"
80000,"Terhathum","Koshi","2002-2006",-0.148506154901234,0.10692497114453,0.03381605597033,0.0667650335824464,"Low-Low","Not significant",-0.601036178618613,"Not significant"
90000,"Panchthar","Koshi","2002-2006",0.229870223951944,-0.436255070871015,0.0178426771347433,0.0455804579902424,"High-Low","High-Low",-0.669997577023375,"Not significant"
100000,"Ilam","Koshi","2002-2006",0.230985875335365,-0.20708470430946,0.000678020818041247,0.0026103801494588,"High-Low","High-Low",0.0959628687235749,"Not significant"
110000,"Jhapa","Koshi","2002-2006",0.00115419070293835,0.0166377920780001,0.130937373988825,0.136598249761856,"Not significant","Not significant",-0.406748541749284,"Not significant"
120000,"Morang","Koshi","2002-2006",-0.360780836067405,0.00175433069254731,0.0321936989798997,0.0652346005645335,"Low-Low","Not significant",-0.649208877432032,"Not significant"
130000,"Sunsari","Koshi","2002-2006",-0.248338205247193,1.05978424634289,0.0554349263045228,0.0911983826501111,"Not significant","Not significant",-2.30992859580456,"Cold spot"
140000,"Udayapur","Koshi","2002-2006",-0.161555010483315,0.195702237701281,0.129133293690824,0.136598249761856,"Not significant","Not significant",-1.06894079684087,"Not significant"
150000,"Saptari","Madhesh","2002-2006",-0.244047105231931,0.649881191819344,0.0650414515917577,0.0918646011535266,"Not significant","Not significant",-1.48137448025233,"Not significant"
160000,"Siraha","Madhesh","2002-2006",-0.00113831207480122,0.0272306340219832,0.0873219680224029,0.104752902821203,"Not significant","Not significant",-0.713440151083692,"Not significant"
170000,"Dhanusha","Madhesh","2002-2006",0.119874050540442,-0.00493917064093639,0.136167003619876,0.139798123716406,"Not significant","Not significant",0.178296772492239,"Not significant"
180000,"Mahottari","Madhesh","2002-2006",0.179786064351993,0.283698034357809,0.118401200161915,0.128406935386866,"Not significant","Not significant",0.986081984595388,"Not significant"
190000,"Sarlahi","Madhesh","2002-2006",0.201388742043483,0.285108944503103,0.0279756697944782,0.0586573834566299,"High-High","Not significant",0.960257924808991,"Not significant"
200000,"Rautahat","Madhesh","2002-2006",0.107491825985071,-0.024932023401078,0.0568509398338355,0.0911983826501111,"Not significant","Not significant",0.0563328165213924,"Not significant"
210000,"Bara","Madhesh","2002-2006",0.0886910535128762,-0.0720628856735061,0.00330810164374462,0.0121297060270636,"High-Low","High-Low",-0.204091238757363,"Not significant"
220000,"Parsa","Madhesh","2002-2006",0.0867132499040442,-0.252132368739683,0.112923168326812,0.124215485159494,"Not significant","Not significant",-1.14265507826651,"Not significant"
230000,"Dolakha","Bagmati","2002-2006",-0.0674475463051905,0.0283963596048227,-0.0181709977606594,-0.116597235630898,"Low-Low","Low-Low",-0.300301315610403,"Not significant"
240000,"Sindhupalchok","Bagmati","2002-2006",-0.125895547844447,0.322164861440323,0.0121851891683336,0.0375303826384673,"Low-Low","Low-Low",-1.55791910375917,"Not significant"
250000,"Rasuwa","Bagmati","2002-2006",0.0734764413121937,-0.0716146224516356,0.067968549638656,0.0918646011535266,"Not significant","Not significant",-0.324868782645068,"Not significant"
260000,"Dhading","Bagmati","2002-2006",0.0940627311678184,-0.290842683826688,-0.0180631422510422,-0.106989381025404,"High-Low","High-Low",-1.96545980877973,"Cold spot"
270000,"Nuwakot","Bagmati","2002-2006",-0.142196231719213,0.318408774201943,-0.00625691442226373,-0.0283401417949592,"Low-Low","Low-Low",-1.21063933785422,"Not significant"
280000,"Kathmandu","Bagmati","2002-2006",-0.474964756491712,1.70557913325613,-0.0404632132587852,-0.519277903487744,"Low-Low","Low-Low",-2.95853772809359,"Cold spot"
290000,"Bhaktapur","Bagmati","2002-2006",-0.388780427680793,2.22705618164344,0.0632890464676499,0.0918646011535266,"Not significant","Not significant",-2.91071606416139,"Cold spot"
300000,"Lalitpur","Bagmati","2002-2006",-0.259186522116552,1.66745526977934,0.0595444911185981,0.091698516322641,"Not significant","Not significant",-3.25882826849744,"Cold spot"
310000,"Kabhrepalanchok","Bagmati","2002-2006",-0.21749340614311,0.861721056187541,0.140821833260532,0.142674752119223,"Not significant","Not significant",-2.71796855026605,"Cold spot"
320000,"Ramechhap","Bagmati","2002-2006",0.0834840003725741,-0.0812287581812531,0.0156230866390352,0.0445547285631745,"High-Low","High-Low",-0.56165048000904,"Not significant"
330000,"Sindhuli","Bagmati","2002-2006",0.0269785081177889,-0.00268451772851819,-0.0062283232439535,-0.0266433827658011,"High-Low","High-Low",-0.132952654492014,"Not significant"
340000,"Makawanpur","Bagmati","2002-2006",-0.325537831615002,0.63923335344729,0.0207183899955647,0.0455804579902424,"Low-Low","Low-Low",-1.86398035706488,"Not significant"
350000,"Chitawan","Bagmati","2002-2006",-0.342534557026746,0.583079615400909,0.018791819329778,0.0455804579902424,"Low-Low","Low-Low",-1.51952933620047,"Not significant"
360000,"Gorkha","Gandaki","2002-2006",-0.00647758976887642,0.0480855779613541,-0.0486516275234496,-1.24872510643521,"Low-Low","Low-Low",-1.25983422006256,"Not significant"
370000,"Manang","Gandaki","2002-2006",-0.0694653689080217,0.130804057193549,0.0562214571468846,0.0911983826501111,"Not significant","Not significant",-0.955294889103278,"Not significant"
380000,"Mustang","Gandaki","2002-2006",0.0730975756562075,0.0761190527489685,0.0195376221761263,0.0455804579902424,"High-High","High-High",0.604293516308673,"Not significant"
390000,"Myagdi","Gandaki","2002-2006",-0.0118043983169718,0.00350869505565886,-0.0238248436896997,-0.183451296410688,"Low-Low","Low-Low",-0.125898043066423,"Not significant"
400000,"Kaski","Gandaki","2002-2006",-0.389438084970929,1.06276188624609,-0.0197241733883291,-0.138069213718304,"Low-Low","Low-Low",-2.17262939388085,"Cold spot"
410000,"Lamjung","Gandaki","2002-2006",-0.0663414876767306,0.260053542805692,-0.0123984613379693,-0.0681915373588311,"Low-Low","Low-Low",-1.60931093110287,"Not significant"
420000,"Tanahu","Gandaki","2002-2006",-0.256045601900805,1.02505958658123,-0.00201510753758871,-0.00816648844180688,"Low-Low","Low-Low",-2.82285166579083,"Cold spot"
430000,"Nawalparasi_e","Gandaki","2002-2006",-0.0973725064703198,0.546807185571991,0.07206195911305,0.0920597386786334,"Not significant","Not significant",-2.42001076910583,"Cold spot"
440000,"Syangja","Gandaki","2002-2006",-0.334691220915972,1.44960607421687,0.0729304423298265,0.0920597386786334,"Not significant","Not significant",-2.75063225581469,"Cold spot"
450000,"Parbat","Gandaki","2002-2006",-0.125064362021752,0.381659716023077,-0.0542723058962182,-2.0894837770044,"Low-Low","Low-Low",-1.65960396588629,"Not significant"
460000,"Baglung","Gandaki","2002-2006",0.129983227291439,-0.0400934314363,0.0788786684941405,0.0964072614928384,"Not significant","Not significant",-0.0124326299794612,"Not significant"
470000,"Rukum_e","Lumbini","2002-2006",0.0669882196761804,0.131623009501119,0.066294758073834,0.0918646011535266,"Not significant","Not significant",1.37036557563639,"Not significant"
480000,"Rolpa","Lumbini","2002-2006",0.340589946751753,-0.29281895338092,-0.0335344583579609,-0.286905921506999,"High-Low","High-Low",0.00816966084532956,"Not significant"
490000,"Pyuthan","Lumbini","2002-2006",-0.164473698024602,-0.0249310560154669,0.0204293459327296,0.0455804579902424,"Low-High","Low-High",-0.235584823261568,"Not significant"
500000,"Gulmi","Lumbini","2002-2006",-0.147311801848161,0.415790137936144,0.0100976673889237,0.0323966828727969,"Low-Low","Low-Low",-1.75110501404411,"Not significant"
510000,"Arghakhanchi","Lumbini","2002-2006",-0.0918328085974364,0.201384900511115,0.0924710961040587,0.106272752238993,"Not significant","Not significant",-1.2720190837405,"Not significant"
520000,"Palpa","Lumbini","2002-2006",-0.257639468015959,0.925207309358635,0.172245744041377,0.172245744041377,"Not significant","Not significant",-2.57737370410454,"Cold spot"
530000,"Nawalparasi_w","Lumbini","2002-2006",-0.26578855381646,0.832402692528133,0.0203486652722167,0.0455804579902424,"Low-Low","Low-Low",-1.69774937653942,"Not significant"
540000,"Rupandehi","Lumbini","2002-2006",-0.138026414494189,0.281698176893384,0.0533272863033014,0.0911983826501111,"Not significant","Not significant",-1.11930648528735,"Not significant"
550000,"Kapilbastu","Lumbini","2002-2006",0.22639503694024,-0.464036636956847,0.0680036657889742,0.0918646011535266,"Not significant","Not significant",-0.373836213196397,"Not significant"
560000,"Dang","Lumbini","2002-2006",-0.120567522436878,-0.0412951959686727,0.0591610741028568,0.091698516322641,"Not significant","Not significant",-0.0386949836695588,"Not significant"
570000,"Banke","Lumbini","2002-2006",0.0308711817907111,-0.0202309652353056,0.0643446943201558,0.0918646011535266,"Not significant","Not significant",-0.408204161181956,"Not significant"
580000,"Bardiya","Lumbini","2002-2006",0.0975730229855899,-0.0598131707801162,-0.0380902623345074,-0.366618774969634,"High-Low","High-Low",-0.163667298009778,"Not significant"
590000,"Dolpa","Karnali","2002-2006",0.353138078834739,0.859355002571981,0.0175270772973146,0.0455804579902424,"High-High","High-High",2.12377711766878,"Hot spot"
600000,"Mugu","Karnali","2002-2006",0.337039738316234,1.82636352726317,0.0539253760470011,0.0911983826501111,"Not significant","Not significant",3.47709523466112,"Hot spot"
610000,"Humla","Karnali","2002-2006",0.688741523234056,5.04950997094023,0.0669941607288687,0.0918646011535266,"Not significant","Not significant",4.20862497707606,"Hot spot"
620000,"Jumla","Karnali","2002-2006",0.20073148002067,1.02637359330456,0.0986899217356632,0.110132231502117,"Not significant","Not significant",2.81963314654795,"Hot spot"
630000,"Kalikot","Karnali","2002-2006",0.18549138709001,0.880937595929643,0.00385256854724236,0.0134839899153483,"High-High","High-High",3.24231407953833,"Hot spot"
640000,"Dailekh","Karnali","2002-2006",0.407505401241588,0.882226684908719,0.0897882024181742,0.104752902821203,"Not significant","Not significant",1.7469292014823,"Not significant"
650000,"Jajarkot","Karnali","2002-2006",0.493778939859006,0.753048119731156,0.0463633614224248,0.0870726543787003,"High-High","Not significant",1.72490674905353,"Not significant"
660000,"Rukum_w","Karnali","2002-2006",-0.00242911642076206,-0.0562695296083547,0.0550972048451568,0.0911983826501111,"Not significant","Not significant",1.76268998889482,"Not significant"
670000,"Salyan","Karnali","2002-2006",-0.148387273527264,-0.193971738146272,0.0281860154272118,0.0586573834566299,"Low-High","Not significant",0.513839932678067,"Not significant"
680000,"Surkhet","Karnali","2002-2006",-0.242244960854617,-0.839890137941506,-0.0690490323036239,-5.31677548737904,"Low-High","Low-High",1.69573319589471,"Not significant"
690000,"Bajura","Sudurpashchim","2002-2006",0.331426316449834,1.9643862376106,0.0964473128997674,0.109212398430619,"Not significant","Not significant",4.08627843958385,"Hot spot"
700000,"Bajhang","Sudurpashchim","2002-2006",0.715977725126924,3.75332010009711,0.00466384706185474,0.0156137488592528,"High-High","High-High",3.97385205721696,"Hot spot"
710000,"Darchula","Sudurpashchim","2002-2006",0.485260581070844,2.48073269788205,0.0461520626181273,0.0870726543787003,"High-High","Not significant",2.63389027260612,"Hot spot"
720000,"Baitadi","Sudurpashchim","2002-2006",-0.0586493087797025,-0.527531776789809,0.0170303522735527,0.0455804579902424,"Low-High","Low-High",3.13727410569648,"Hot spot"
730000,"Dadeldhura","Sudurpashchim","2002-2006",0.375195028030425,0.798004805109601,0.0893317700434801,0.104752902821203,"Not significant","Not significant",1.67153730077947,"Not significant"
740000,"Doti","Sudurpashchim","2002-2006",0.221506062505969,0.705960469762412,-0.00829867621214486,-0.0399373792709471,"High-High","High-High",2.47461396883485,"Hot spot"
750000,"Achham","Sudurpashchim","2002-2006",0.154546621755909,0.392633402683721,-0.0119639528891371,-0.0614149581642371,"High-High","High-High",1.68421578299806,"Not significant"
760000,"Kailali","Sudurpashchim","2002-2006",0.244073362942265,0.43086061345428,-0.043773035994271,-0.842630942889716,"High-High","High-High",1.36423676804904,"Not significant"
770000,"Kanchanpur","Sudurpashchim","2002-2006",0.176813972139433,0.80589192156946,0.0717571476359375,0.0920597386786334,"Not significant","Not significant",1.80508532429366,"Not significant"
10000,"Taplejung","Koshi","2007-2011",-0.111355547073667,-0.0560835987320843,0.185726656180911,0.211544088930609,"Not significant","Not significant",-0.139526710950238,"Not significant"
20000,"Sankhuwasabha","Koshi","2007-2011",0.00845423708422103,0.0344851545762512,0.142321832532264,0.194233552551645,"Not significant","Not significant",-1.10694445624894,"Not significant"
30000,"Solukhumbu","Koshi","2007-2011",0.0414210423264084,-0.00547950919215224,0.112366025324654,0.18408902021273,"Not significant","Not significant",-0.1559419589823,"Not significant"
40000,"Okhaldhunga","Koshi","2007-2011",0.0332188813722164,0.00260530609880882,0.0879202543572291,0.175672127396893,"Not significant","Not significant",0.167489456808335,"Not significant"
50000,"Khotang","Koshi","2007-2011",0.111166720415327,-0.106267493776334,-0.0437104598614693,-1.68285270466657,"High-Low","High-Low",-0.372261922159358,"Not significant"
60000,"Bhojpur","Koshi","2007-2011",-0.154662594706694,0.127027848232319,0.0417238485402098,0.137528548644282,"Low-Low","Not significant",-0.67445308581022,"Not significant"
70000,"Dhankuta","Koshi","2007-2011",-0.138536629321346,0.317909421295003,0.00837534383197625,0.0586274068238337,"Low-Low","Not significant",-1.46252262503654,"Not significant"
80000,"Terhathum","Koshi","2007-2011",-0.123799943320364,0.0520562066809923,0.312893254290596,0.31701027079442,"Not significant","Not significant",-0.439438959247175,"Not significant"
90000,"Panchthar","Koshi","2007-2011",0.259716061686092,-0.472346918751602,0.0917673332114952,0.175672127396893,"Not significant","Not significant",-0.597584747177039,"Not significant"
100000,"Ilam","Koshi","2007-2011",0.181017332811887,-0.0943799353645371,0.143783279161607,0.194233552551645,"Not significant","Not significant",0.113552203265049,"Not significant"
110000,"Jhapa","Koshi","2007-2011",-0.0317562329230352,0.0620275576167954,0.275823242711961,0.28317852918428,"Not significant","Not significant",-0.445734967050883,"Not significant"
120000,"Morang","Koshi","2007-2011",-0.257471564228501,0.088231030986974,0.105910764942797,0.179996988184159,"Not significant","Not significant",-0.656561090247744,"Not significant"
130000,"Sunsari","Koshi","2007-2011",-0.236751100829494,0.928804543397023,0.147337491057935,0.195603220887259,"Not significant","Not significant",-2.06291662966157,"Cold spot"
140000,"Udayapur","Koshi","2007-2011",-0.101743050933643,0.151445318675174,0.03444333827195,0.131446355965498,"Low-Low","Not significant",-1.04610852436028,"Not significant"
150000,"Saptari","Madhesh","2007-2011",-0.215004562977061,0.539005893460622,0.0444372668658999,0.137528548644282,"Low-Low","Not significant",-1.33417166516403,"Not significant"
160000,"Siraha","Madhesh","2007-2011",0.0271843367916292,-0.00471117649782506,0.0654336900537507,0.157449816691838,"Not significant","Not significant",-0.657093283717391,"Not significant"
170000,"Dhanusha","Madhesh","2007-2011",0.08025496765713,0.0181319960916419,0.0547917190369427,0.137570642920052,"Not significant","Not significant",0.250069010967196,"Not significant"
180000,"Mahottari","Madhesh","2007-2011",0.148416414512014,0.230238902667373,0.0249674714848784,0.120155956520977,"High-High","Not significant",0.944203944609826,"Not significant"
190000,"Sarlahi","Madhesh","2007-2011",0.21292805324389,0.388932333625055,0.129846194490109,0.188644471240347,"Not significant","Not significant",1.157200648677,"Not significant"
200000,"Rautahat","Madhesh","2007-2011",0.179979385992091,0.0478780130965374,0.15422758589477,0.197925401898288,"Not significant","Not significant",0.434171394456481,"Not significant"
210000,"Bara","Madhesh","2007-2011",0.0985432385901786,-0.0202208615159813,0.199196119298811,0.219629944406318,"Not significant","Not significant",0.058010722568512,"Not significant"
220000,"Parsa","Madhesh","2007-2011",0.0886087107519475,-0.213135471190434,0.157441450739706,0.197934562188896,"Not significant","Not significant",-1.08027280673492,"Not significant"
230000,"Dolakha","Bagmati","2007-2011",-0.0214317781087058,0.0217951132199958,0.0701422073625588,0.158851469615207,"Not significant","Not significant",-0.271435171043029,"Not significant"
240000,"Sindhupalchok","Bagmati","2007-2011",-0.108083721788813,0.33071510285017,0.117478326676706,0.187743686266294,"Not significant","Not significant",-1.62572585339396,"Not significant"
250000,"Rasuwa","Bagmati","2007-2011",0.0740536665785609,-0.0640928142158956,0.122179793153136,0.187998124593544,"Not significant","Not significant",-0.36799694883998,"Not significant"
260000,"Dhading","Bagmati","2007-2011",0.0977766669249704,-0.26966199060326,0.0296688312400284,0.124105629666598,"High-Low","Not significant",-1.95884367898735,"Not significant"
270000,"Nuwakot","Bagmati","2007-2011",-0.137700883823452,0.316048110162302,0.0899790349536227,0.175672127396893,"Not significant","Not significant",-1.16710296339549,"Not significant"
280000,"Kathmandu","Bagmati","2007-2011",-0.409852744432616,1.56356735207832,0.1868181564582,0.211544088930609,"Not significant","Not significant",-2.90776554977209,"Cold spot"
290000,"Bhaktapur","Bagmati","2007-2011",-0.357352752558636,2.23569808943906,0.202515922764268,0.219629944406318,"Not significant","Not significant",-2.9557002318222,"Cold spot"
300000,"Lalitpur","Bagmati","2007-2011",-0.248052623989137,1.64553396738403,0.101387748169112,0.177428559295947,"Not significant","Not significant",-3.17404202612239,"Cold spot"
310000,"Kabhrepalanchok","Bagmati","2007-2011",-0.270251070952303,1.01795530437197,0.0697194398764296,0.158851469615207,"Not significant","Not significant",-2.60004680213104,"Cold spot"
320000,"Ramechhap","Bagmati","2007-2011",0.0593501203595558,-0.0379636576905556,0.0306234670605892,0.124105629666598,"High-Low","Not significant",-0.559034853004993,"Not significant"
330000,"Sindhuli","Bagmati","2007-2011",0.0988148171509387,-0.0174545774091299,0.0157634475887867,0.0809190309557716,"High-Low","Not significant",-0.0655850751846804,"Not significant"
340000,"Makawanpur","Bagmati","2007-2011",-0.241630092750832,0.486644376865105,0.100607102917025,0.177428559295947,"Not significant","Not significant",-1.69890150532225,"Not significant"
350000,"Chitawan","Bagmati","2007-2011",-0.352961550146773,0.720085058646392,-0.0361241129609797,-0.69538917449886,"Low-Low","Low-Low",-1.69900198741776,"Not significant"
360000,"Gorkha","Gandaki","2007-2011",-0.0456395002295328,0.178620436182464,0.230602099019304,0.244257032882505,"Not significant","Not significant",-1.40726932762222,"Not significant"
370000,"Manang","Gandaki","2007-2011",-0.0615028236973927,0.155275682938874,0.0464382112305368,0.137528548644282,"Low-Low","Not significant",-1.06209465762835,"Not significant"
380000,"Mustang","Gandaki","2007-2011",0.0838438484066225,0.0705473838202439,0.181659506936285,0.211544088930609,"Not significant","Not significant",0.561788713520154,"Not significant"
390000,"Myagdi","Gandaki","2007-2011",0.000113509958051746,0.0068651294364932,0.0358490061724086,0.131446355965498,"Low-Low","Not significant",-0.212061206818838,"Not significant"
400000,"Kaski","Gandaki","2007-2011",-0.392081365716431,1.15685025162064,0.00806078550730449,0.0586274068238337,"Low-Low","Not significant",-2.25407953829595,"Cold spot"
410000,"Lamjung","Gandaki","2007-2011",-0.0378499940455241,0.231366197845641,0.00263016592212661,0.0225025306670833,"Low-Low","Low-Low",-1.74688379999201,"Not significant"
420000,"Tanahu","Gandaki","2007-2011",-0.248139621915233,1.20418874070371,0.0123434766522581,0.0731113617095288,"Low-Low","Not significant",-3.16302097603678,"Cold spot"
430000,"Nawalparasi_e","Gandaki","2007-2011",-0.156373454214788,0.935614644034272,0.0289731791688115,0.124105629666598,"Low-Low","Not significant",-2.61783512774238,"Cold spot"
440000,"Syangja","Gandaki","2007-2011",-0.360975523450655,1.6834704245092,0.0553855835132677,0.137570642920052,"Not significant","Not significant",-2.88435510216094,"Cold spot"
450000,"Parbat","Gandaki","2007-2011",-0.0945809974001079,0.379200363717237,0.0541257951791145,0.137570642920052,"Not significant","Not significant",-1.81593188132448,"Not significant"
460000,"Baglung","Gandaki","2007-2011",0.110510346145575,-0.0525838275268431,0.0880849416605525,0.175672127396893,"Not significant","Not significant",-0.203738471254672,"Not significant"
470000,"Rukum_e","Lumbini","2007-2011",0.0749539202425016,0.0939967463946127,0.231568355849648,0.244257032882505,"Not significant","Not significant",1.03045377946907,"Not significant"
480000,"Rolpa","Lumbini","2007-2011",0.24836940795005,-0.276147800748358,0.159375881243007,0.197934562188896,"Not significant","Not significant",-0.327519372492867,"Not significant"
490000,"Pyuthan","Lumbini","2007-2011",-0.148431973862728,0.0925247960274352,0.0490634672807428,0.137570642920052,"Low-Low","Not significant",-0.575712290561756,"Not significant"
500000,"Gulmi","Lumbini","2007-2011",-0.142406465201913,0.483299464945306,0.0447057599014462,0.137528548644282,"Low-Low","Not significant",-1.90885784147496,"Not significant"
510000,"Arghakhanchi","Lumbini","2007-2011",-0.10431018240004,0.233202965731116,-0.0681235784144425,-5.24551553791207,"Low-Low","Low-Low",-1.23369740918888,"Not significant"
520000,"Palpa","Lumbini","2007-2011",-0.245442921472544,0.996902362783246,-0.00109878966007093,-0.0105758504781827,"Low-Low","Low-Low",-2.70993244086663,"Cold spot"
530000,"Nawalparasi_w","Lumbini","2007-2011",-0.235070653266181,0.804999689870154,0.176374768296057,0.209326105641988,"Not significant","Not significant",-1.68797373332065,"Not significant"
540000,"Rupandehi","Lumbini","2007-2011",-0.0550764166984584,0.147252375282156,0.124518238367152,0.187998124593544,"Not significant","Not significant",-0.964706443901492,"Not significant"
550000,"Kapilbastu","Lumbini","2007-2011",0.261311508799199,-0.518552404414707,0.0990474399004349,0.177428559295947,"Not significant","Not significant",-0.295192336015067,"Not significant"
560000,"Dang","Lumbini","2007-2011",-0.141792280334297,-0.00727973065387593,-0.0304467003432363,-0.468879185285838,"Low-High","Low-High",-0.249625257626979,"Not significant"
570000,"Banke","Lumbini","2007-2011",0.0330903762758118,-0.0139779226026986,0.119473254896733,0.187743686266294,"Not significant","Not significant",-0.582647975148492,"Not significant"
580000,"Bardiya","Lumbini","2007-2011",0.0617883938142239,-0.0104085956202366,0.0919786347346325,0.175672127396893,"Not significant","Not significant",-0.0512571281927333,"Not significant"
590000,"Dolpa","Karnali","2007-2011",0.338914053082929,0.872932379333298,0.0120925122011917,0.0731113617095288,"High-High","Not significant",2.21125144234973,"Hot spot"
600000,"Mugu","Karnali","2007-2011",0.313969419786007,1.71139342794143,0.164180010627566,0.200664457433692,"Not significant","Not significant",3.49497990312041,"Hot spot"
610000,"Humla","Karnali","2007-2011",0.725122340577794,4.94028618939868,-0.02620841308106,-0.336341301206937,"High-High","High-High",4.07435512822072,"Hot spot"
620000,"Jumla","Karnali","2007-2011",0.244640493495302,1.34572885162425,0.200525560539356,0.219629944406318,"Not significant","Not significant",3.10793040891039,"Hot spot"
630000,"Kalikot","Karnali","2007-2011",0.234777486893857,1.10777633780748,0.107530668265861,0.179996988184159,"Not significant","Not significant",3.32123602880601,"Hot spot"
640000,"Dailekh","Karnali","2007-2011",0.291223655272376,0.892659470524527,0.150480694123401,0.196390058432235,"Not significant","Not significant",1.98258119432538,"Hot spot"
650000,"Jajarkot","Karnali","2007-2011",0.606320874244032,0.81511772670649,0.127843843575475,0.188644471240347,"Not significant","Not significant",1.77299743784486,"Not significant"
660000,"Rukum_w","Karnali","2007-2011",-0.0426158271261227,-0.239830909169838,0.0776248534161428,0.170774677515514,"Not significant","Not significant",1.68146938781289,"Not significant"
670000,"Salyan","Karnali","2007-2011",-0.127539728913596,-0.146786532850855,0.13971927914932,0.194233552551645,"Not significant","Not significant",0.36232287938523,"Not significant"
680000,"Surkhet","Karnali","2007-2011",-0.207699909202412,-0.840694673708281,-0.00519919800806079,-0.0571911780886687,"Low-High","Low-High",1.88457299558743,"Not significant"
690000,"Bajura","Sudurpashchim","2007-2011",0.26654128347759,1.60852361558832,0.0935397041983457,0.175672127396893,"Not significant","Not significant",4.15121130155482,"Hot spot"
700000,"Bajhang","Sudurpashchim","2007-2011",0.700308609501713,3.80536942246986,0.0431520074799518,0.137528548644282,"High-High","Not significant",4.03570827739271,"Hot spot"
710000,"Darchula","Sudurpashchim","2007-2011",0.468740455415254,2.72483117773267,0.327410101181252,0.327410101181252,"Not significant","Not significant",2.80276322707023,"Hot spot"
720000,"Baitadi","Sudurpashchim","2007-2011",0.0489016781485721,0.177023582217046,-0.0397684964386769,-1.02072474192604,"High-High","High-High",3.24265119295855,"Hot spot"
730000,"Dadeldhura","Sudurpashchim","2007-2011",0.370568642362895,1.05464168618754,0.176703855412068,0.209326105641988,"Not significant","Not significant",2.0036922319775,"Hot spot"
740000,"Doti","Sudurpashchim","2007-2011",0.220139219605642,0.769788195783031,0.0510662619186704,0.137570642920052,"Not significant","Not significant",2.74599501715957,"Hot spot"
750000,"Achham","Sudurpashchim","2007-2011",0.228973414891582,0.488672296259369,0.0149823200845871,0.0809190309557716,"High-High","Not significant",1.56750624964468,"Not significant"
760000,"Kailali","Sudurpashchim","2007-2011",0.336640206751059,0.558092151432723,0.135902692155026,0.193787172146982,"Not significant","Not significant",1.45398441409099,"Not significant"
770000,"Kanchanpur","Sudurpashchim","2007-2011",0.18832061109225,0.944225868841922,0.250635144818478,0.260796029067875,"Not significant","Not significant",2.01297617157031,"Hot spot"
10000,"Taplejung","Koshi","2012-2016",-0.0981296691573079,-0.127979012137249,0.157464179704287,0.360239053148853,"Not significant","Not significant",0.0163315649900558,"Not significant"
20000,"Sankhuwasabha","Koshi","2012-2016",0.105892189238855,-0.117397445997791,0.137349584042215,0.360239053148853,"Not significant","Not significant",-0.835490841935545,"Not significant"
30000,"Solukhumbu","Koshi","2012-2016",0.0942349259215131,-0.0115639453950981,0.159749774282971,0.360239053148853,"Not significant","Not significant",-0.0448378581484018,"Not significant"
40000,"Okhaldhunga","Koshi","2012-2016",0.0685534046399934,0.00980947297108296,0.206084114513938,0.360239053148853,"Not significant","Not significant",0.243768100690026,"Not significant"
50000,"Khotang","Koshi","2012-2016",0.111118143844568,-0.0628342168891247,0.244640689845264,0.360239053148853,"Not significant","Not significant",-0.275728457936271,"Not significant"
60000,"Bhojpur","Koshi","2012-2016",-0.1401598595615,0.0356004629628349,0.0851077019208919,0.360239053148853,"Not significant","Not significant",-0.426504436460963,"Not significant"
70000,"Dhankuta","Koshi","2012-2016",-0.0897182584827598,0.205854469225105,0.199745298146154,0.360239053148853,"Not significant","Not significant",-1.15193394368291,"Not significant"
80000,"Terhathum","Koshi","2012-2016",-0.0733120490285533,0.00468785844745074,0.250094593748867,0.360239053148853,"Not significant","Not significant",-0.246328968658715,"Not significant"
90000,"Panchthar","Koshi","2012-2016",0.249688546064011,-0.38551953066692,0.1484285223098,0.360239053148853,"Not significant","Not significant",-0.564919316872965,"Not significant"
100000,"Ilam","Koshi","2012-2016",0.172122845686907,-0.150800022710683,0.330673063256354,0.388903319772106,"Not significant","Not significant",-0.147873433204205,"Not significant"
110000,"Jhapa","Koshi","2012-2016",-0.102609223739669,0.167953737782777,0.505931848852724,0.512588846863944,"Not significant","Not significant",-0.679977581136669,"Not significant"
120000,"Morang","Koshi","2012-2016",-0.210903123600249,0.143932913092416,0.241335325604285,0.360239053148853,"Not significant","Not significant",-0.738018929490958,"Not significant"
130000,"Sunsari","Koshi","2012-2016",-0.165397832557219,0.68111580670953,0.262594270329751,0.360239053148853,"Not significant","Not significant",-1.81622105379944,"Not significant"
140000,"Udayapur","Koshi","2012-2016",-0.0544027337148154,0.120610816546893,0.0684813776894941,0.360239053148853,"Not significant","Not significant",-1.01496580186226,"Not significant"
150000,"Saptari","Madhesh","2012-2016",-0.190241709255913,0.502231977365954,0.420859144940517,0.437921002167835,"Not significant","Not significant",-1.28022124291146,"Not significant"
160000,"Siraha","Madhesh","2012-2016",-0.00464657888437026,0.0981413197543806,0.24062081395995,0.360239053148853,"Not significant","Not significant",-0.830978778823328,"Not significant"
170000,"Dhanusha","Madhesh","2012-2016",0.0420899820007497,-0.00119896054581038,0.297274913559228,0.363874900817559,"Not significant","Not significant",0.248148540123101,"Not significant"
180000,"Mahottari","Madhesh","2012-2016",0.210749363777561,0.336543179121577,0.261274959808897,0.360239053148853,"Not significant","Not significant",1.08921347012328,"Not significant"
190000,"Sarlahi","Madhesh","2012-2016",0.27260998242244,0.652936660641441,0.372740477505704,0.410014525256275,"Not significant","Not significant",1.5253301197326,"Not significant"
200000,"Rautahat","Madhesh","2012-2016",0.243515487720592,0.167753494339437,0.148412086032928,0.360239053148853,"Not significant","Not significant",0.753145437277353,"Not significant"
210000,"Bara","Madhesh","2012-2016",0.135524706420825,-0.00176345852060809,0.390069771257336,0.417157949816873,"Not significant","Not significant",0.190882330665844,"Not significant"
220000,"Parsa","Madhesh","2012-2016",0.0846007673304016,-0.123529932233506,0.362232115375755,0.410014525256275,"Not significant","Not significant",-1.01369839419831,"Not significant"
230000,"Dolakha","Bagmati","2012-2016",0.0154116242057691,0.00848084333450525,0.33882900601846,0.389400499454051,"Not significant","Not significant",-0.16864868009564,"Not significant"
240000,"Sindhupalchok","Bagmati","2012-2016",-0.0381090779530068,0.223259957741636,0.227045823579816,0.360239053148853,"Not significant","Not significant",-1.64867746040463,"Not significant"
250000,"Rasuwa","Bagmati","2012-2016",0.0454617596401025,-0.00168493511033521,0.313370325657225,0.377023673056348,"Not significant","Not significant",-0.460039040807512,"Not significant"
260000,"Dhading","Bagmati","2012-2016",0.0728938601291253,-0.107501837639391,0.174719215164008,0.360239053148853,"Not significant","Not significant",-2.03425537632559,"Cold spot"
270000,"Nuwakot","Bagmati","2012-2016",-0.116124784459422,0.305460928494931,0.25037807198049,0.360239053148853,"Not significant","Not significant",-1.13787499205821,"Not significant"
280000,"Kathmandu","Bagmati","2012-2016",-0.326910648097895,1.38393131227796,0.198555850961157,0.360239053148853,"Not significant","Not significant",-2.86694219198642,"Cold spot"
290000,"Bhaktapur","Bagmati","2012-2016",-0.33684345450122,2.24796739902404,0.401031567851661,0.423005900336684,"Not significant","Not significant",-2.95273857744114,"Cold spot"
300000,"Lalitpur","Bagmati","2012-2016",-0.239151808045861,1.68831550388173,0.260129258096207,0.360239053148853,"Not significant","Not significant",-3.13319370577508,"Cold spot"
310000,"Kabhrepalanchok","Bagmati","2012-2016",-0.284254369095032,1.07108713294813,0.271576504361407,0.360239053148853,"Not significant","Not significant",-2.51323917916095,"Cold spot"
320000,"Ramechhap","Bagmati","2012-2016",0.0271662847939939,0.0129920707414478,0.204601992902932,0.360239053148853,"Not significant","Not significant",-0.454334233431609,"Not significant"
330000,"Sindhuli","Bagmati","2012-2016",0.154212573705731,-0.0154620881542506,0.111433257943039,0.360239053148853,"Not significant","Not significant",0.0569830566910868,"Not significant"
340000,"Makawanpur","Bagmati","2012-2016",-0.19888365958736,0.423018744544541,0.144212315043372,0.360239053148853,"Not significant","Not significant",-1.59056163811293,"Not significant"
350000,"Chitawan","Bagmati","2012-2016",-0.312834016256142,0.838535877525339,0.109320386351253,0.360239053148853,"Not significant","Not significant",-1.90452303248726,"Not significant"
360000,"Gorkha","Gandaki","2012-2016",-0.0716526744977734,0.338237330114415,0.132239966692027,0.360239053148853,"Not significant","Not significant",-1.66105103977591,"Not significant"
370000,"Manang","Gandaki","2012-2016",-0.0449535038366799,0.194732403514537,0.197886300574419,0.360239053148853,"Not significant","Not significant",-1.24726736979331,"Not significant"
380000,"Mustang","Gandaki","2012-2016",0.105888383804737,0.0414860867573554,0.387438275781173,0.417157949816873,"Not significant","Not significant",0.376003343589454,"Not significant"
390000,"Myagdi","Gandaki","2012-2016",-0.00387028390897146,0.020589944358884,0.089792909143549,0.360239053148853,"Not significant","Not significant",-0.338041045749421,"Not significant"
400000,"Kaski","Gandaki","2012-2016",-0.378326636474079,1.30143854306492,0.214209328599615,0.360239053148853,"Not significant","Not significant",-2.42130554464518,"Cold spot"
410000,"Lamjung","Gandaki","2012-2016",-0.037991631955338,0.347204085554512,0.257695791045267,0.360239053148853,"Not significant","Not significant",-1.99067042477288,"Cold spot"
420000,"Tanahu","Gandaki","2012-2016",-0.267201710418775,1.50207079072195,0.139810930706787,0.360239053148853,"Not significant","Not significant",-3.44288665969527,"Cold spot"
430000,"Nawalparasi_e","Gandaki","2012-2016",-0.13735397447292,0.977597699358198,0.297715827941639,0.363874900817559,"Not significant","Not significant",-2.68641190017502,"Cold spot"
440000,"Syangja","Gandaki","2012-2016",-0.36640196463138,1.83942940346152,0.239800530727967,0.360239053148853,"Not significant","Not significant",-2.96547878778015,"Cold spot"
450000,"Parbat","Gandaki","2012-2016",-0.0408762314756161,0.284429827927365,0.155660685499104,0.360239053148853,"Not significant","Not significant",-1.81707639864143,"Not significant"
460000,"Baglung","Gandaki","2012-2016",0.115956553623733,-0.0409776146780791,0.110571991071311,0.360239053148853,"Not significant","Not significant",-0.197714689524408,"Not significant"
470000,"Rukum_e","Lumbini","2012-2016",0.0915168647624431,0.0559645877233025,0.132165452441888,0.360239053148853,"Not significant","Not significant",0.672844337855146,"Not significant"
480000,"Rolpa","Lumbini","2012-2016",0.192990888047905,-0.125083064796917,0.273644536183513,0.360239053148853,"Not significant","Not significant",-0.219133149266837,"Not significant"
490000,"Pyuthan","Lumbini","2012-2016",-0.0897057512678041,0.0578291721749073,0.163965163088666,0.360239053148853,"Not significant","Not significant",-0.454930376377723,"Not significant"
500000,"Gulmi","Lumbini","2012-2016",-0.0752614100442977,0.357216152879561,0.178549989778823,0.360239053148853,"Not significant","Not significant",-1.86520336986043,"Not significant"
510000,"Arghakhanchi","Lumbini","2012-2016",-0.0892579834519159,0.190774914559044,0.118944531070397,0.360239053148853,"Not significant","Not significant",-1.01919106371873,"Not significant"
520000,"Palpa","Lumbini","2012-2016",-0.261359698491972,1.13905061793237,0.134876031421019,0.360239053148853,"Not significant","Not significant",-2.76292075012805,"Cold spot"
530000,"Nawalparasi_w","Lumbini","2012-2016",-0.178172377371377,0.744105609227575,0.208275309355123,0.360239053148853,"Not significant","Not significant",-1.6883867359493,"Not significant"
540000,"Rupandehi","Lumbini","2012-2016",-0.0263187456852193,0.133459849288734,0.217607448841511,0.360239053148853,"Not significant","Not significant",-0.957578154776355,"Not significant"
550000,"Kapilbastu","Lumbini","2012-2016",0.28478115753071,-0.421331768473869,0.291005154432757,0.363874900817559,"Not significant","Not significant",-0.110438401140439,"Not significant"
560000,"Dang","Lumbini","2012-2016",-0.0436155825685783,-0.0153048646710387,0.144141934107601,0.360239053148853,"Not significant","Not significant",-0.0495950785079179,"Not significant"
570000,"Banke","Lumbini","2012-2016",0.0638447694642015,-0.0222282610386972,0.238255552521682,0.360239053148853,"Not significant","Not significant",-0.36435802573947,"Not significant"
580000,"Bardiya","Lumbini","2012-2016",0.0277509767856809,-0.00613829656634567,0.215290366065847,0.360239053148853,"Not significant","Not significant",0.130130025164322,"Not significant"
590000,"Dolpa","Karnali","2012-2016",0.293192981223965,0.739957611981697,0.153785004777912,0.360239053148853,"Not significant","Not significant",2.21059681473083,"Hot spot"
600000,"Mugu","Karnali","2012-2016",0.350223873257699,1.82235472855467,0.28650540805449,0.363874900817559,"Not significant","Not significant",3.51147331631079,"Hot spot"
610000,"Humla","Karnali","2012-2016",0.820239400003151,5.06125220367727,0.168059987323571,0.360239053148853,"Not significant","Not significant",4.03220211311585,"Hot spot"
620000,"Jumla","Karnali","2012-2016",0.270103772544517,1.43938542091059,0.186526327213288,0.360239053148853,"Not significant","Not significant",3.19926640329998,"Hot spot"
630000,"Kalikot","Karnali","2012-2016",0.24843962164083,1.11150746127963,0.0654660648112415,0.360239053148853,"Not significant","Not significant",3.37081425881825,"Hot spot"
640000,"Dailekh","Karnali","2012-2016",0.211741131526987,0.701449003071074,0.276027326438732,0.360239053148853,"Not significant","Not significant",2.13933008433638,"Hot spot"
650000,"Jajarkot","Karnali","2012-2016",0.699457850043557,0.808022566230399,0.122634855682268,0.360239053148853,"Not significant","Not significant",1.78658414713883,"Not significant"
660000,"Rukum_w","Karnali","2012-2016",-0.0495399641032417,-0.343144364821804,0.101286347843296,0.360239053148853,"Not significant","Not significant",1.65464016734528,"Not significant"
670000,"Salyan","Karnali","2012-2016",-0.0396670257268294,-0.0939928310745612,0.0781198112575834,0.360239053148853,"Not significant","Not significant",0.554336436131574,"Not significant"
680000,"Surkhet","Karnali","2012-2016",-0.146012966871483,-0.709013208996667,0.208929000488555,0.360239053148853,"Not significant","Not significant",1.98242488889532,"Hot spot"
690000,"Bajura","Sudurpashchim","2012-2016",0.241604759652505,1.33846667480026,0.149225981625574,0.360239053148853,"Not significant","Not significant",4.10422903987221,"Hot spot"
700000,"Bajhang","Sudurpashchim","2012-2016",0.626847124454878,3.32102867606645,0.103307051346507,0.360239053148853,"Not significant","Not significant",3.88066745273235,"Hot spot"
710000,"Darchula","Sudurpashchim","2012-2016",0.494135564962842,2.48198004639547,0.646251662008973,0.646251662008973,"Not significant","Not significant",2.63823403742108,"Hot spot"
720000,"Baitadi","Sudurpashchim","2012-2016",0.0739184809354945,0.202695894038333,0.193182671557399,0.360239053148853,"Not significant","Not significant",3.00665557675944,"Hot spot"
730000,"Dadeldhura","Sudurpashchim","2012-2016",0.394723034062471,0.962203383169279,0.367953813152202,0.410014525256275,"Not significant","Not significant",1.87219347364067,"Not significant"
740000,"Doti","Sudurpashchim","2012-2016",0.173017694124415,0.519868535351823,0.0737030280171527,0.360239053148853,"Not significant","Not significant",2.67186449872861,"Hot spot"
750000,"Achham","Sudurpashchim","2012-2016",0.304227576168065,0.475973185977292,0.275233304217349,0.360239053148853,"Not significant","Not significant",1.37691135202721,"Not significant"
760000,"Kailali","Sudurpashchim","2012-2016",0.381563669429097,0.469614720574502,0.333345702661805,0.388903319772106,"Not significant","Not significant",1.2974287227228,"Not significant"
770000,"Kanchanpur","Sudurpashchim","2012-2016",0.157635234538293,0.703137150280241,0.474982790131658,0.487648997868502,"Not significant","Not significant",1.99018317615337,"Hot spot"
10000,"Taplejung","Koshi","2017-2022",-0.0986535963802758,-0.168240883839277,0.232418490543874,0.273159101481567,"Not significant","Not significant",0.123257732907479,"Not significant"
20000,"Sankhuwasabha","Koshi","2017-2022",0.100775339068711,-0.0996526567149919,0.233948610447756,0.273159101481567,"Not significant","Not significant",-0.695634176743085,"Not significant"
30000,"Solukhumbu","Koshi","2017-2022",0.113612008736281,-0.0108309497183085,0.160071518710902,0.265165396326599,"Not significant","Not significant",0.0438171914061243,"Not significant"
40000,"Okhaldhunga","Koshi","2017-2022",0.0423301261399788,0.00140621897374274,0.0830357280493228,0.265165396326599,"Not significant","Not significant",0.340597214054019,"Not significant"
50000,"Khotang","Koshi","2017-2022",0.132496892837938,-0.0531371493993004,0.160817287987742,0.265165396326599,"Not significant","Not significant",-0.0624197701507045,"Not significant"
60000,"Bhojpur","Koshi","2017-2022",-0.121515698418234,-0.0433352818392204,0.0913291461445263,0.265165396326599,"Not significant","Not significant",-0.164029638457968,"Not significant"
70000,"Dhankuta","Koshi","2017-2022",-0.0766433743287333,0.113793712909946,0.0494800803147584,0.265165396326599,"Low-Low","Not significant",-0.772807697465862,"Not significant"
80000,"Terhathum","Koshi","2017-2022",-0.0573330709920982,-0.0166719441938168,0.204323230438123,0.269989337467282,"Not significant","Not significant",-0.120937568982446,"Not significant"
90000,"Panchthar","Koshi","2017-2022",0.272326609475034,-0.405600454022362,0.230796502413884,0.273159101481567,"Not significant","Not significant",-0.431971286186415,"Not significant"
100000,"Ilam","Koshi","2017-2022",0.157097520587684,-0.108315294937764,0.189539904410111,0.269989337467282,"Not significant","Not significant",-0.0714658125132498,"Not significant"
110000,"Jhapa","Koshi","2017-2022",-0.108760113051801,0.160340668867106,0.260043829284796,0.282019364153933,"Not significant","Not significant",-0.668086069729307,"Not significant"
120000,"Morang","Koshi","2017-2022",-0.191959266505908,0.0400360303416416,0.19683712905487,0.269989337467282,"Not significant","Not significant",-0.507826790091546,"Not significant"
130000,"Sunsari","Koshi","2017-2022",-0.0888258521928476,0.363058361115388,0.141766161876643,0.265165396326599,"Not significant","Not significant",-1.45318110658845,"Not significant"
140000,"Udayapur","Koshi","2017-2022",0.00304934643325965,0.0403643767884882,0.00350195725096247,0.134825354162055,"Low-Low","Not significant",-0.815200218517398,"Not significant"
150000,"Saptari","Madhesh","2017-2022",-0.176777228696047,0.31303105628556,0.313610800958919,0.326324752349145,"Not significant","Not significant",-0.989336170118639,"Not significant"
160000,"Siraha","Madhesh","2017-2022",-0.0254831331291447,0.101759617414041,0.251850021374057,0.279357010472076,"Not significant","Not significant",-0.693361059217649,"Not significant"
170000,"Dhanusha","Madhesh","2017-2022",0.0455560304000011,0.00260988239453189,0.0769420697641592,0.265165396326599,"Not significant","Not significant",0.221360007031525,"Not significant"
180000,"Mahottari","Madhesh","2017-2022",0.181874369212328,0.306891906429114,0.140060423443817,0.265165396326599,"Not significant","Not significant",1.0802683507721,"Not significant"
190000,"Sarlahi","Madhesh","2017-2022",0.31615850413814,0.723580730259183,0.271334167678336,0.290176818211554,"Not significant","Not significant",1.53746649532126,"Not significant"
200000,"Rautahat","Madhesh","2017-2022",0.253138172004554,0.31181043811362,0.183229176037611,0.266200878394264,"Not significant","Not significant",1.04584897125948,"Not significant"
210000,"Bara","Madhesh","2017-2022",0.230712451099063,0.0783629071830919,0.283411153908221,0.298940532204562,"Not significant","Not significant",0.565298238698077,"Not significant"
220000,"Parsa","Madhesh","2017-2022",0.113324963658354,-0.166181442949592,0.326742330326145,0.335455459134842,"Not significant","Not significant",-0.645773617984392,"Not significant"
230000,"Dolakha","Bagmati","2017-2022",0.0111038876404821,0.00408427432353572,0.112923672332661,0.265165396326599,"Not significant","Not significant",-0.113892043476788,"Not significant"
240000,"Sindhupalchok","Bagmati","2017-2022",-0.0442595173276474,0.251614851738743,0.18202273657247,0.266200878394264,"Not significant","Not significant",-1.77265543325492,"Not significant"
250000,"Rasuwa","Bagmati","2017-2022",0.0255814739727796,0.0262588366203698,0.202010596496426,0.269989337467282,"Not significant","Not significant",-0.665385290374754,"Not significant"
260000,"Dhading","Bagmati","2017-2022",0.0236953923631876,0.0661356738041317,0.0913713802833258,0.265165396326599,"Not significant","Not significant",-2.20983153505964,"Cold spot"
270000,"Nuwakot","Bagmati","2017-2022",-0.145970467033646,0.430120754559687,0.236145558009166,0.273159101481567,"Not significant","Not significant",-1.35254680764295,"Not significant"
280000,"Kathmandu","Bagmati","2017-2022",-0.339470159736949,1.5224384340985,0.253960918610978,0.279357010472076,"Not significant","Not significant",-3.02028830003419,"Cold spot"
290000,"Bhaktapur","Bagmati","2017-2022",-0.329179281312023,2.31585222783239,0.175346073000437,0.266200878394264,"Not significant","Not significant",-3.03589349817661,"Cold spot"
300000,"Lalitpur","Bagmati","2017-2022",-0.252036966442236,1.7784924878254,0.0986030384708139,0.265165396326599,"Not significant","Not significant",-3.16987245833558,"Cold spot"
310000,"Kabhrepalanchok","Bagmati","2017-2022",-0.296550978817663,1.15631488388196,0.104423288598025,0.265165396326599,"Not significant","Not significant",-2.60491550176049,"Cold spot"
320000,"Ramechhap","Bagmati","2017-2022",0.0289855463796787,0.0107945485062649,0.0784933808690114,0.265165396326599,"Not significant","Not significant",-0.541960136193254,"Not significant"
330000,"Sindhuli","Bagmati","2017-2022",0.108038887944176,0.00457221308731447,0.154258717096234,0.265165396326599,"Not significant","Not significant",0.145893822012275,"Not significant"
340000,"Makawanpur","Bagmati","2017-2022",-0.179360202228507,0.372293008132202,0.00146234142937374,0.112600290061778,"Low-Low","Not significant",-1.50943426352448,"Not significant"
350000,"Chitawan","Bagmati","2017-2022",-0.296726022862321,0.853816914283667,0.164975987335456,0.265165396326599,"Not significant","Not significant",-1.95968590840524,"Not significant"
360000,"Gorkha","Gandaki","2017-2022",-0.105457746713911,0.473808016866127,0.0310192924961301,0.265165396326599,"Low-Low","Not significant",-1.85606480194643,"Not significant"
370000,"Manang","Gandaki","2017-2022",-0.0485460966629869,0.225296033891415,0.0270674694632991,0.265165396326599,"Low-Low","Not significant",-1.40262866884069,"Not significant"
380000,"Mustang","Gandaki","2017-2022",0.0968902813988235,0.024325993778719,0.237683893496948,0.273159101481567,"Not significant","Not significant",0.277027292466155,"Not significant"
390000,"Myagdi","Gandaki","2017-2022",-0.0206422448127935,0.0393109491286757,0.0526390429115047,0.265165396326599,"Not significant","Not significant",-0.485769225935361,"Not significant"
400000,"Kaski","Gandaki","2017-2022",-0.387679422922175,1.44824121732694,0.162916553022706,0.265165396326599,"Not significant","Not significant",-2.57985678681783,"Cold spot"
410000,"Lamjung","Gandaki","2017-2022",-0.0620402425327539,0.471982894585481,0.0768173884008103,0.265165396326599,"Not significant","Not significant",-2.16655021950428,"Cold spot"
420000,"Tanahu","Gandaki","2017-2022",-0.287065965295093,1.66148339583657,0.14093368905912,0.265165396326599,"Not significant","Not significant",-3.57800583064288,"Cold spot"
430000,"Nawalparasi_e","Gandaki","2017-2022",-0.138993631582623,0.983504314554194,0.208734630115344,0.269989337467282,"Not significant","Not significant",-2.69099878248391,"Cold spot"
440000,"Syangja","Gandaki","2017-2022",-0.366526662812859,1.9218652938233,0.165297909398399,0.265165396326599,"Not significant","Not significant",-3.0528144106287,"Cold spot"
450000,"Parbat","Gandaki","2017-2022",-0.0628394744880069,0.362535017337704,0.088328699429598,0.265165396326599,"Not significant","Not significant",-1.9077325920754,"Not significant"
460000,"Baglung","Gandaki","2017-2022",0.0947395194693758,-0.0427446513073948,0.131966046031499,0.265165396326599,"Not significant","Not significant",-0.337088599430873,"Not significant"
470000,"Rukum_e","Lumbini","2017-2022",0.0879078451502633,0.0341626922310338,0.130051786921877,0.265165396326599,"Not significant","Not significant",0.437777816892422,"Not significant"
480000,"Rolpa","Lumbini","2017-2022",0.133180614258844,-0.0803680863514667,0.140811418791052,0.265165396326599,"Not significant","Not significant",-0.315609164963768,"Not significant"
490000,"Pyuthan","Lumbini","2017-2022",-0.0870628758145761,0.0727032495067175,0.13371362611203,0.265165396326599,"Not significant","Not significant",-0.51149210597792,"Not significant"
500000,"Gulmi","Lumbini","2017-2022",-0.0615271072833033,0.328264376308711,0.106617134407467,0.265165396326599,"Not significant","Not significant",-1.93781373395905,"Not significant"
510000,"Arghakhanchi","Lumbini","2017-2022",-0.107700636967878,0.193525606007738,0.0826781069029026,0.265165396326599,"Not significant","Not significant",-0.967380322081833,"Not significant"
520000,"Palpa","Lumbini","2017-2022",-0.266801735637956,1.17398152218848,0.156741028734199,0.265165396326599,"Not significant","Not significant",-2.79195036041716,"Cold spot"
530000,"Nawalparasi_w","Lumbini","2017-2022",-0.165594084240489,0.707379743026181,0.252602212558481,0.279357010472076,"Not significant","Not significant",-1.67152151573043,"Not significant"
540000,"Rupandehi","Lumbini","2017-2022",-0.0263807269467008,0.1330560230249,0.0602198788816639,0.265165396326599,"Not significant","Not significant",-0.981871044805475,"Not significant"
550000,"Kapilbastu","Lumbini","2017-2022",0.272923887978801,-0.383505980565961,0.384377574631894,0.389435174298103,"Not significant","Not significant",-0.0720522968724467,"Not significant"
560000,"Dang","Lumbini","2017-2022",-0.0104040556532038,0.00371402054488539,0.0814922406103213,0.265165396326599,"Not significant","Not significant",-0.126290224140219,"Not significant"
570000,"Banke","Lumbini","2017-2022",0.0561646889289409,-0.0190364983562124,0.125096893900921,0.265165396326599,"Not significant","Not significant",-0.390109053927419,"Not significant"
580000,"Bardiya","Lumbini","2017-2022",-0.0123666719223676,-0.0219147460562029,0.202336088030981,0.269989337467282,"Not significant","Not significant",0.0727339825586678,"Not significant"
590000,"Dolpa","Karnali","2017-2022",0.259229491789042,0.607629404311095,0.0764025604933449,0.265165396326599,"Not significant","Not significant",2.02045634131821,"Hot spot"
600000,"Mugu","Karnali","2017-2022",0.332117370297103,1.70047683009835,0.170685833780443,0.266200878394264,"Not significant","Not significant",3.38260385551168,"Hot spot"
610000,"Humla","Karnali","2017-2022",0.782507353972152,4.63724751081457,0.0167700481120869,0.265165396326599,"High-High","Not significant",3.84969092938955,"Hot spot"
620000,"Jumla","Karnali","2017-2022",0.229468140528088,1.21370535833485,0.210381301922558,0.269989337467282,"Not significant","Not significant",3.10646372910095,"Hot spot"
630000,"Kalikot","Karnali","2017-2022",0.275470191272326,1.31219093540576,0.0548734888633229,0.265165396326599,"Not significant","Not significant",3.45375606590656,"Hot spot"
640000,"Dailekh","Karnali","2017-2022",0.188578440899255,0.712613403436435,0.110249373584017,0.265165396326599,"Not significant","Not significant",2.33992277938404,"Hot spot"
650000,"Jajarkot","Karnali","2017-2022",0.671227061359954,0.665275051415648,0.163258920824947,0.265165396326599,"Not significant","Not significant",1.64508422465262,"Not significant"
660000,"Rukum_w","Karnali","2017-2022",-0.0726083960301656,-0.379060728899213,0.0900101301581682,0.265165396326599,"Not significant","Not significant",1.43661957740086,"Not significant"
670000,"Salyan","Karnali","2017-2022",-0.04936312794353,-0.0788756678362406,0.139433622589551,0.265165396326599,"Not significant","Not significant",0.38571302260629,"Not significant"
680000,"Surkhet","Karnali","2017-2022",-0.152741042972639,-0.755062606341353,0.124131977313585,0.265165396326599,"Not significant","Not significant",2.04418863534045,"Hot spot"
690000,"Bajura","Sudurpashchim","2017-2022",0.217962298338686,1.25917288800392,0.0116771076103919,0.265165396326599,"High-High","Not significant",4.181106349813,"Hot spot"
700000,"Bajhang","Sudurpashchim","2017-2022",0.576444537521305,2.88810424896658,0.233864221131148,0.273159101481567,"Not significant","Not significant",3.61275343231318,"Hot spot"
710000,"Darchula","Sudurpashchim","2017-2022",0.424024254715761,2.00179741603431,0.540012644091088,0.540012644091088,"Not significant","Not significant",2.38330614757222,"Hot spot"
720000,"Baitadi","Sudurpashchim","2017-2022",0.0639140507252334,0.157858225690498,0.176951109035112,0.266200878394264,"Not significant","Not significant",2.8912900379112,"Hot spot"
730000,"Dadeldhura","Sudurpashchim","2017-2022",0.436536394981257,1.05075644729078,0.147717242904259,0.265165396326599,"Not significant","Not significant",1.91488773326183,"Not significant"
740000,"Doti","Sudurpashchim","2017-2022",0.158116802185665,0.519233870265763,0.147380995161282,0.265165396326599,"Not significant","Not significant",2.83998479967685,"Hot spot"
750000,"Achham","Sudurpashchim","2017-2022",0.39853881424842,0.64893825542244,0.111596671916204,0.265165396326599,"Not significant","Not significant",1.53937637239289,"Not significant"
760000,"Kailali","Sudurpashchim","2017-2022",0.396414332040376,0.451244648945903,0.0954093772818201,0.265165396326599,"Not significant","Not significant",1.26923119972042,"Not significant"
770000,"Kanchanpur","Sudurpashchim","2017-2022",0.111817580053375,0.501518863862524,0.22235242220912,0.273159101481567,"Not significant","Not significant",2.08116256874444,"Hot spot"
