"dcode","district","province","stratum","value","Ii","z_Ii","p_value","p_fdr","cluster","cluster_fdr"
10000,"Taplejung","Koshi","2002-2022 (pooled)",44.5081963805573,-0.120881213224531,-0.73888656874895,0.323732011379537,0.450112103200209,"Not significant","Not significant"
20000,"Sankhuwasabha","Koshi","2002-2022 (pooled)",50.7365947352641,-0.100700239919251,-0.720940505610086,0.227481551731595,0.450112103200209,"Not significant","Not significant"
30000,"Solukhumbu","Koshi","2002-2022 (pooled)",52.859553789913,0.0542845339470948,0.298056691038598,0.111212837675876,0.450112103200209,"Not significant","Not significant"
40000,"Okhaldhunga","Koshi","2002-2022 (pooled)",48.4027039065013,0.0247803429940484,0.604559848868897,0.162662582224509,0.450112103200209,"Not significant","Not significant"
50000,"Khotang","Koshi","2002-2022 (pooled)",52.8336598369149,-0.0742504930757841,-0.278160950431844,0.333170524559699,0.450112103200209,"Not significant","Not significant"
60000,"Bhojpur","Koshi","2002-2022 (pooled)",39.4602002235221,-0.040480563215625,-0.106531732929392,0.227268775993726,0.450112103200209,"Not significant","Not significant"
70000,"Dhankuta","Koshi","2002-2022 (pooled)",40.8435610364846,0.187721507644457,0.82313427109676,0.140910265314417,0.450112103200209,"Not significant","Not significant"
80000,"Terhathum","Koshi","2002-2022 (pooled)",42.1760033496951,-0.114132975394137,-0.446496658224591,0.37598677434901,0.460919222722043,"Not significant","Not significant"
90000,"Panchthar","Koshi","2002-2022 (pooled)",63.4929580855179,-0.522156142655624,-0.719697143452522,0.395863936378646,0.460919222722043,"Not significant","Not significant"
100000,"Ilam","Koshi","2002-2022 (pooled)",57.6626566395478,-0.107419343296791,-0.16653406444584,0.457517831567654,0.489289903204297,"Not significant","Not significant"
110000,"Jhapa","Koshi","2002-2022 (pooled)",41.7360377060869,0.093075551557588,0.265058655741329,0.606363457777354,0.614341924327056,"Not significant","Not significant"
120000,"Morang","Koshi","2002-2022 (pooled)",33.4659921924654,-0.0939434631848522,-0.131330255067102,0.293592047297669,0.450112103200209,"Not significant","Not significant"
130000,"Sunsari","Koshi","2002-2022 (pooled)",37.2084148764628,0.829585793010578,1.76473701512507,0.246241603300271,0.450112103200209,"Not significant","Not significant"
140000,"Udayapur","Koshi","2002-2022 (pooled)",42.7342542640961,0.149914453075384,1.0223803339596,0.057930222278936,0.450112103200209,"Not significant","Not significant"
150000,"Saptari","Madhesh","2002-2022 (pooled)",35.738166365734,0.679092472391404,1.10400982764027,0.320766497142541,0.450112103200209,"Not significant","Not significant"
160000,"Siraha","Madhesh","2002-2022 (pooled)",42.5174664422177,0.248315640072213,0.937988450666633,0.587313880099609,0.602975583568932,"Not significant","Not significant"
170000,"Dhanusha","Madhesh","2002-2022 (pooled)",46.5454782088756,0.00465722142788811,0.103794598798766,0.141830513838188,0.450112103200209,"Not significant","Not significant"
180000,"Mahottari","Madhesh","2002-2022 (pooled)",51.4626935322181,0.0967761310127596,0.460703927976104,0.410886822823714,0.460919222722043,"Not significant","Not significant"
190000,"Sarlahi","Madhesh","2002-2022 (pooled)",53.3238561386068,0.216668663052713,0.703982354685385,0.371577772811034,0.460919222722043,"Not significant","Not significant"
200000,"Rautahat","Madhesh","2002-2022 (pooled)",52.7574254065431,-0.0237317450020353,-0.0851543235506269,0.223105556146375,0.450112103200209,"Not significant","Not significant"
210000,"Bara","Madhesh","2002-2022 (pooled)",48.8639008977504,-0.0123718807832698,-0.15004064563423,0.419017475201858,0.460919222722043,"Not significant","Not significant"
220000,"Parsa","Madhesh","2002-2022 (pooled)",51.6711790652006,-0.328779022183597,-1.41482975287536,0.392270649498152,0.460919222722043,"Not significant","Not significant"
230000,"Dolakha","Bagmati","2002-2022 (pooled)",47.4139336788459,-0.000260834273268663,-0.47899611830294,0.36616059287924,0.460919222722043,"Not significant","Not significant"
240000,"Sindhupalchok","Bagmati","2002-2022 (pooled)",45.8406264058902,0.0629289280056897,1.04026465601028,0.211021894054474,0.450112103200209,"Not significant","Not significant"
250000,"Rasuwa","Bagmati","2002-2022 (pooled)",53.6887996763481,-0.0717155296048955,-0.204511590474161,0.333199868602752,0.450112103200209,"Not significant","Not significant"
260000,"Dhading","Bagmati","2002-2022 (pooled)",52.52752781337,-0.355667290869139,-1.80709973315034,0.315391968819753,0.450112103200209,"Not significant","Not significant"
270000,"Nuwakot","Bagmati","2002-2022 (pooled)",40.0010086793168,0.121974243875242,0.35807775181793,0.318332487352839,0.450112103200209,"Not significant","Not significant"
280000,"Kathmandu","Bagmati","2002-2022 (pooled)",30.1693088710346,1.10621520270287,1.87092641357809,0.211593212567672,0.450112103200209,"Not significant","Not significant"
290000,"Bhaktapur","Bagmati","2002-2022 (pooled)",35.3918043451179,1.40499019781213,2.21809100694604,0.344830120294282,0.457791711425168,"Not significant","Not significant"
300000,"Lalitpur","Bagmati","2002-2022 (pooled)",38.6291261457048,1.07490376303584,2.60732013399521,0.224828144403062,0.450112103200209,"Not significant","Not significant"
310000,"Kabhrepalanchok","Bagmati","2002-2022 (pooled)",33.6646186948503,0.760133437435329,1.59746603104795,0.230182551092604,0.450112103200209,"Not significant","Not significant"
320000,"Ramechhap","Bagmati","2002-2022 (pooled)",52.5054554104831,-0.0431575468794006,-0.212877336614871,0.311016869007554,0.450112103200209,"Not significant","Not significant"
330000,"Sindhuli","Bagmati","2002-2022 (pooled)",50.5711531933183,-0.0323250369436163,-0.316506731533666,0.236947369614386,0.450112103200209,"Not significant","Not significant"
340000,"Makawanpur","Bagmati","2002-2022 (pooled)",34.9140958223015,0.438588307665978,1.18671924651502,0.111240382958055,0.450112103200209,"Not significant","Not significant"
350000,"Chitawan","Bagmati","2002-2022 (pooled)",32.1038423651364,0.474451113122036,0.845679283789023,0.226074699267231,0.450112103200209,"Not significant","Not significant"
360000,"Gorkha","Gandaki","2002-2022 (pooled)",46.1504377816096,0.050825917453142,0.944957076334804,0.305757895082261,0.450112103200209,"Not significant","Not significant"
370000,"Manang","Gandaki","2002-2022 (pooled)",47.4140679803584,0.000334952324640729,0.814170794835773,0.212592633501338,0.450112103200209,"Not significant","Not significant"
380000,"Mustang","Gandaki","2002-2022 (pooled)",49.1054617942682,0.0584077489919831,0.637988937499616,0.266545297514707,0.450112103200209,"Not significant","Not significant"
390000,"Myagdi","Gandaki","2002-2022 (pooled)",45.9878931308328,0.00328285454347467,0.0728969682697502,0.150349296562942,0.450112103200209,"Not significant","Not significant"
400000,"Kaski","Gandaki","2002-2022 (pooled)",29.3170085937738,0.891247062568764,1.37766292680248,0.29634895906887,0.450112103200209,"Not significant","Not significant"
410000,"Lamjung","Gandaki","2002-2022 (pooled)",47.1760458089995,0.0172262285553392,1.48794898618009,0.164467749512176,0.450112103200209,"Not significant","Not significant"
420000,"Tanahu","Gandaki","2002-2022 (pooled)",35.2203624593808,1.04065672318201,2.46218342227761,0.216828175013946,0.450112103200209,"Not significant","Not significant"
430000,"Nawalparasi_e","Gandaki","2002-2022 (pooled)",42.9439969389976,0.475977294728484,2.24242585351504,0.286352259265473,0.450112103200209,"Not significant","Not significant"
440000,"Syangja","Gandaki","2002-2022 (pooled)",31.0506868459268,1.50081257204634,2.22141831510187,0.204285838068488,0.450112103200209,"Not significant","Not significant"
450000,"Parbat","Gandaki","2002-2022 (pooled)",44.1337195260271,0.218513249236549,1.59087485668569,0.171836744259689,0.450112103200209,"Not significant","Not significant"
460000,"Baglung","Gandaki","2002-2022 (pooled)",52.0533706894785,-0.0389503072936758,-0.201066942667767,0.25609839881949,0.450112103200209,"Not significant","Not significant"
470000,"Rukum_e","Lumbini","2002-2022 (pooled)",47.4140679803584,-0.000333730860166762,-0.79140344751216,0.197329494021119,0.450112103200209,"Not significant","Not significant"
480000,"Rolpa","Lumbini","2002-2022 (pooled)",60.5174498609789,-0.578181405135245,-1.09879631756517,0.3095462343804,0.450112103200209,"Not significant","Not significant"
490000,"Pyuthan","Lumbini","2002-2022 (pooled)",39.7788919983761,-0.00401789813291962,-0.00123262660284858,0.440760453958373,0.478007816264715,"Not significant","Not significant"
500000,"Gulmi","Lumbini","2002-2022 (pooled)",40.9747222566645,0.38066212598988,1.56527261308309,0.0968034505336806,0.450112103200209,"Not significant","Not significant"
510000,"Arghakhanchi","Lumbini","2002-2022 (pooled)",41.8899632078611,0.203876141030363,0.980878311773197,0.266249207050528,0.450112103200209,"Not significant","Not significant"
520000,"Palpa","Lumbini","2002-2022 (pooled)",35.3918043451179,0.879367815759779,2.09888520492311,0.252634673139965,0.450112103200209,"Not significant","Not significant"
530000,"Nawalparasi_w","Lumbini","2002-2022 (pooled)",38.6845446322529,0.534996325878028,1.15384203438785,0.494374762868326,0.5214637909707,"Not significant","Not significant"
540000,"Rupandehi","Lumbini","2002-2022 (pooled)",43.0661433848058,0.148590637115539,0.728082994322733,0.367538730142831,0.460919222722043,"Not significant","Not significant"
550000,"Kapilbastu","Lumbini","2002-2022 (pooled)",58.2299026289105,-0.486013658493551,-0.807545964723808,0.406493589289847,0.460919222722043,"Not significant","Not significant"
560000,"Dang","Lumbini","2002-2022 (pooled)",41.982545870558,0.00573654848717404,0.0458891484422582,0.219414339402147,0.450112103200209,"Not significant","Not significant"
570000,"Banke","Lumbini","2002-2022 (pooled)",47.3634152196986,0.00303271406791805,0.930401726954477,0.383778035500354,0.460919222722043,"Not significant","Not significant"
580000,"Bardiya","Lumbini","2002-2022 (pooled)",47.147081899831,0.00653093888644656,0.513890437014554,0.198562532371364,0.450112103200209,"Not significant","Not significant"
590000,"Dolpa","Karnali","2002-2022 (pooled)",60.7109823376293,0.554606097599745,1.23470728065853,0.129666363708883,0.450112103200209,"Not significant","Not significant"
600000,"Mugu","Karnali","2002-2022 (pooled)",56.3748767863978,0.884300361722837,2.36197253420596,0.135984106101473,0.450112103200209,"Not significant","Not significant"
610000,"Humla","Karnali","2002-2022 (pooled)",78.7213245658557,4.2156320468902,2.74170485268343,0.325870202557192,0.450112103200209,"Not significant","Not significant"
620000,"Jumla","Karnali","2002-2022 (pooled)",51.211802473631,0.478119859501396,2.68081995900898,0.414615743553167,0.460919222722043,"Not significant","Not significant"
630000,"Kalikot","Karnali","2002-2022 (pooled)",52.0699448134399,0.434551517851692,2.47923171746566,0.0996254272159698,0.450112103200209,"Not significant","Not significant"
640000,"Dailekh","Karnali","2002-2022 (pooled)",56.6932026224958,0.602158171495035,1.43549381186869,0.183936405157477,0.450112103200209,"Not significant","Not significant"
650000,"Jajarkot","Karnali","2002-2022 (pooled)",77.9143504683504,-0.169307673598873,-0.0663734743219031,0.017527289656563,0.450112103200209,"High-Low","Not significant"
660000,"Rukum_w","Karnali","2002-2022 (pooled)",37.1616439226797,-0.821469485978984,-1.89072394773894,0.246532676148556,0.450112103200209,"Not significant","Not significant"
670000,"Salyan","Karnali","2002-2022 (pooled)",36.0448801523915,-0.197077312566866,-0.439510863696653,0.197259719740303,0.450112103200209,"Not significant","Not significant"
680000,"Surkhet","Karnali","2002-2022 (pooled)",33.657686074469,-0.95192863875961,-1.90974224804951,0.201562257746854,0.450112103200209,"Not significant","Not significant"
690000,"Bajura","Sudurpashchim","2002-2022 (pooled)",50.5388617136094,0.416513518710571,3.46283102107351,0.16229826834003,0.450112103200209,"Not significant","Not significant"
700000,"Bajhang","Sudurpashchim","2002-2022 (pooled)",81.2775548999636,2.72211868144564,2.13165232631121,0.164501036062813,0.450112103200209,"Not significant","Not significant"
710000,"Darchula","Sudurpashchim","2002-2022 (pooled)",62.4324315618276,1.70752270582344,1.78054289948367,0.772928382995935,0.772928382995935,"Not significant","Not significant"
720000,"Baitadi","Sudurpashchim","2002-2022 (pooled)",39.4273976801182,-1.26109250223868,-3.34703614737737,0.218779542161982,0.450112103200209,"Not significant","Not significant"
730000,"Dadeldhura","Sudurpashchim","2002-2022 (pooled)",65.9843563585558,0.577845614316051,0.710722234871804,0.38851758891115,0.460919222722043,"Not significant","Not significant"
740000,"Doti","Sudurpashchim","2002-2022 (pooled)",51.686621505408,0.302267622603192,1.97236075303364,0.273327295858861,0.450112103200209,"Not significant","Not significant"
750000,"Achham","Sudurpashchim","2002-2022 (pooled)",55.5823893686307,0.108076761791841,0.338789818661881,0.223592913511782,0.450112103200209,"Not significant","Not significant"
760000,"Kailali","Sudurpashchim","2002-2022 (pooled)",61.9048727423975,0.310538624058111,0.568615136861727,0.25288942332427,0.450112103200209,"Not significant","Not significant"
770000,"Kanchanpur","Sudurpashchim","2002-2022 (pooled)",50.8282735896312,0.494931182675124,2.2107361795027,0.547873115733686,0.57008418799316,"Not significant","Not significant"
10000,"Taplejung","Koshi","2002-2006",61.6574124293134,0.106843856305503,0.653815074925817,0.200279894520471,0.264217341094812,"Not significant","Not significant"
20000,"Sankhuwasabha","Koshi","2002-2006",52.3569508135425,0.328448989715753,0.745033543975623,0.117067965514272,0.264217341094812,"Not significant","Not significant"
30000,"Solukhumbu","Koshi","2002-2006",64.5965296704948,0.00105825894458779,0.0574497743605809,0.154421731429434,0.264217341094812,"Not significant","Not significant"
40000,"Okhaldhunga","Koshi","2002-2006",66.3224751261083,-0.00640944220111575,-0.148495360450658,0.173745533663023,0.264217341094812,"Not significant","Not significant"
50000,"Khotang","Koshi","2002-2006",77.8981200513392,-0.379221584918402,-0.681470314187614,0.163348176482044,0.264217341094812,"Not significant","Not significant"
60000,"Bhojpur","Koshi","2002-2006",61.0840456079703,0.0995228928459854,0.678887854633143,0.0925044875951286,0.264217341094812,"Not significant","Not significant"
70000,"Dhankuta","Koshi","2002-2006",61.5426597904598,0.236084108332891,2.12410038849366,0.010788803186871,0.264217341094812,"Low-Low","Not significant"
80000,"Terhathum","Koshi","2002-2006",57.4303692070587,0.169709791397333,0.547494976287979,0.085867580071501,0.264217341094812,"Not significant","Not significant"
90000,"Panchthar","Koshi","2002-2006",71.6813995774835,-0.200067171680698,-0.805032386594164,0.109328238119493,0.264217341094812,"Not significant","Not significant"
100000,"Ilam","Koshi","2002-2006",84.2162238712364,-0.64799509844399,-0.682446248759256,0.207409317776145,0.264217341094812,"Not significant","Not significant"
110000,"Jhapa","Koshi","2002-2006",70.4994731297041,-0.145350092342739,-0.460966223689128,0.359425274614402,0.369009948604119,"Not significant","Not significant"
120000,"Morang","Koshi","2002-2006",37.9366338746793,-0.644881392749918,-0.605579431286232,0.135849271874502,0.264217341094812,"Not significant","Not significant"
130000,"Sunsari","Koshi","2002-2006",55.3783660210949,0.9323003515112,2.34068977345434,0.175448031468104,0.264217341094812,"Not significant","Not significant"
140000,"Udayapur","Koshi","2002-2006",50.7022222110512,0.229004672388327,0.637002795737544,0.0630083165283133,0.264217341094812,"Not significant","Not significant"
150000,"Saptari","Madhesh","2002-2006",52.9701973111993,0.798259908927349,1.4080574248075,0.242487594514798,0.273031389223172,"Not significant","Not significant"
160000,"Siraha","Madhesh","2002-2006",59.7597087508222,0.185489507123222,0.746858622860899,0.186828544059946,0.264217341094812,"Not significant","Not significant"
170000,"Dhanusha","Madhesh","2002-2006",76.1211406157771,-0.343165747064153,-0.73047937712664,0.197695616323769,0.264217341094812,"Not significant","Not significant"
180000,"Mahottari","Madhesh","2002-2006",77.7842267105536,0.142236770091878,0.281264756045052,0.165533831852489,0.264217341094812,"Not significant","Not significant"
190000,"Sarlahi","Madhesh","2002-2006",70.7048632095676,-0.116033300668767,-0.41971280149649,0.243902483844468,0.273031389223172,"Not significant","Not significant"
200000,"Rautahat","Madhesh","2002-2006",54.6895935252435,0.479981034601764,1.1557690157979,0.174070068756121,0.264217341094812,"Not significant","Not significant"
210000,"Bara","Madhesh","2002-2006",67.6494903441294,-0.166727848946416,-1.35847507293014,0.145428625613612,0.264217341094812,"Not significant","Not significant"
220000,"Parsa","Madhesh","2002-2006",70.1473268318441,-0.338533730972918,-1.39180493263447,0.241359441276243,0.273031389223172,"Not significant","Not significant"
230000,"Dolakha","Bagmati","2002-2006",56.3333920965323,-0.0642053012436039,-0.118080755282754,0.214117346485421,0.264217341094812,"Not significant","Not significant"
240000,"Sindhupalchok","Bagmati","2002-2006",59.174702116033,0.0764403199428103,0.411045055037935,0.0448929468203421,0.264217341094812,"Low-Low","Not significant"
250000,"Rasuwa","Bagmati","2002-2006",69.7319379799583,-0.0122219293488092,-0.0539648433804045,0.296834848444333,0.313099771646762,"Not significant","Not significant"
260000,"Dhading","Bagmati","2002-2006",71.0053443671971,-0.283866371316663,-1.44124532936769,0.0420201233192543,0.264217341094812,"High-Low","Not significant"
270000,"Nuwakot","Bagmati","2002-2006",63.9737814192223,0.0385273038531236,0.824076590866974,0.204639317237756,0.264217341094812,"Not significant","Not significant"
280000,"Kathmandu","Bagmati","2002-2006",40.3216804275307,0.817127782348689,1.1690833624388,0.190899038100025,0.264217341094812,"Not significant","Not significant"
290000,"Bhaktapur","Bagmati","2002-2006",51.5748356779269,0.617244955209683,1.00272147057542,0.264424332681356,0.287344918999868,"Not significant","Not significant"
300000,"Lalitpur","Bagmati","2002-2006",60.6415209979634,0.400949501961575,2.16501175606916,0.181329628600481,0.264217341094812,"Not significant","Not significant"
310000,"Kabhrepalanchok","Bagmati","2002-2006",73.9178674182432,-0.627890479622395,-2.28350056449127,0.128226004320265,0.264217341094812,"Not significant","Not significant"
320000,"Ramechhap","Bagmati","2002-2006",74.8520494291205,-0.182100119464505,-0.548221345574455,0.12117594204898,0.264217341094812,"Not significant","Not significant"
330000,"Sindhuli","Bagmati","2002-2006",53.553696866997,-0.000553223406795571,0.0356503438711422,0.148062547474283,0.264217341094812,"Not significant","Not significant"
340000,"Makawanpur","Bagmati","2002-2006",40.9947241921764,0.673302628252757,1.12813134340764,0.0894901348940373,0.264217341094812,"Not significant","Not significant"
350000,"Chitawan","Bagmati","2002-2006",56.5130812230689,0.0107246394414416,0.0627676056183195,0.112416420918867,0.264217341094812,"Not significant","Not significant"
360000,"Gorkha","Gandaki","2002-2006",75.9000182895246,-0.214581032065695,-0.535742536042079,0.199176333752384,0.264217341094812,"Not significant","Not significant"
370000,"Manang","Gandaki","2002-2006",64.8648648648649,0.0026036392251956,0.283236221615169,0.0544092763963189,0.264217341094812,"Not significant","Not significant"
380000,"Mustang","Gandaki","2002-2006",64.8648648648649,-0.00631466793410631,-0.520514648522209,0.221278005335613,0.26622510016941,"Not significant","Not significant"
390000,"Myagdi","Gandaki","2002-2006",63.3514791730802,-0.00544469084369199,-0.0859059939483867,0.113198323161898,0.264217341094812,"Not significant","Not significant"
400000,"Kaski","Gandaki","2002-2006",53.17114359355,0.298772192820077,0.786056353446167,0.198361102219997,0.264217341094812,"Not significant","Not significant"
410000,"Lamjung","Gandaki","2002-2006",60.4603469015423,0.0674576507755556,0.369317481452327,0.341273485345696,0.355108896913765,"Not significant","Not significant"
420000,"Tanahu","Gandaki","2002-2006",57.8450915329156,0.097255417382444,0.44618925921388,0.0803977371354527,0.264217341094812,"Not significant","Not significant"
430000,"Nawalparasi_e","Gandaki","2002-2006",73.6714134651072,-0.487681641688331,-1.37367933103227,0.174576234824101,0.264217341094812,"Not significant","Not significant"
440000,"Syangja","Gandaki","2002-2006",63.7082150471557,0.0634750035670042,1.23514552675959,0.00362238023197703,0.264217341094812,"Low-Low","Not significant"
450000,"Parbat","Gandaki","2002-2006",57.9981442614513,0.0586091533438533,0.232607554217352,0.0759201547815667,0.264217341094812,"Not significant","Not significant"
460000,"Baglung","Gandaki","2002-2006",74.7613475375944,0.141084792436619,0.458681479091706,0.106975795673208,0.264217341094812,"Not significant","Not significant"
470000,"Rukum_e","Lumbini","2002-2006",64.8648648648649,-0.0192824058857311,-2.12080015407604,0.0684547679484639,0.264217341094812,"Not significant","Not significant"
480000,"Rolpa","Lumbini","2002-2006",95.5265761769443,-0.188955606051971,-0.11643815198119,0.093800387356537,0.264217341094812,"Not significant","Not significant"
490000,"Pyuthan","Lumbini","2002-2006",57.6521409227485,-0.376347247976003,-1.37669444888703,0.103219034477006,0.264217341094812,"Not significant","Not significant"
500000,"Gulmi","Lumbini","2002-2006",64.4162416531813,0.00893174050256636,0.379207587426317,0.167992470877339,0.264217341094812,"Not significant","Not significant"
510000,"Arghakhanchi","Lumbini","2002-2006",66.7097479983472,-0.0526880692934472,-0.980471753757632,0.046796515743468,0.264217341094812,"High-Low","Not significant"
520000,"Palpa","Lumbini","2002-2006",58.3615718716644,0.172310196732761,0.840065237347072,0.129340572521345,0.264217341094812,"Not significant","Not significant"
530000,"Nawalparasi_w","Lumbini","2002-2006",53.6343340780089,0.363715454950307,0.678218970504662,0.207980909203579,0.264217341094812,"Not significant","Not significant"
540000,"Rupandehi","Lumbini","2002-2006",49.0891007990046,0.324064795695998,0.536395405670016,0.153320687523812,0.264217341094812,"Not significant","Not significant"
550000,"Kapilbastu","Lumbini","2002-2006",69.6486690427743,-0.178454697190547,-0.82421027751278,0.209327965528426,0.264217341094812,"Not significant","Not significant"
560000,"Dang","Lumbini","2002-2006",61.8817369793212,-0.0686614896514849,-0.617514985190811,0.121295081264579,0.264217341094812,"Not significant","Not significant"
570000,"Banke","Lumbini","2002-2006",65.6156483269486,-0.00593679929216855,-0.261986001923724,0.149121120898271,0.264217341094812,"Not significant","Not significant"
580000,"Bardiya","Lumbini","2002-2006",73.551834632175,-0.343851849339754,-0.964246867203789,0.182358407285551,0.264217341094812,"Not significant","Not significant"
590000,"Dolpa","Karnali","2002-2006",78.5069493790197,0.127264503434412,0.336934251650056,0.0288568332023931,0.264217341094812,"High-High","Not significant"
600000,"Mugu","Karnali","2002-2006",77.8981200513392,0.611726011956624,1.36485953152366,0.133328105200087,0.264217341094812,"Not significant","Not significant"
610000,"Humla","Karnali","2002-2006",76.2585812492148,1.69221051072574,3.23829082007421,0.244664491641544,0.273031389223172,"Not significant","Not significant"
620000,"Jumla","Karnali","2002-2006",60.7825248139606,-0.1456982312995,-0.817746365422417,0.200329018018526,0.264217341094812,"Not significant","Not significant"
630000,"Kalikot","Karnali","2002-2006",61.5414865221611,-0.209323996365706,-1.74773468201827,0.0781229856258769,0.264217341094812,"Not significant","Not significant"
640000,"Dailekh","Karnali","2002-2006",97.6932668874974,-1.55185393980773,-1.1620907591962,0.277913361369649,0.297212900353652,"Not significant","Not significant"
650000,"Jajarkot","Karnali","2002-2006",62.6376630292015,-0.0389022794718711,-0.508733256801764,0.197439454149435,0.264217341094812,"Not significant","Not significant"
660000,"Rukum_w","Karnali","2002-2006",71.3480999299375,0.254749141492537,1.11534168454692,0.0635147733590569,0.264217341094812,"Not significant","Not significant"
670000,"Salyan","Karnali","2002-2006",54.5982186769762,-0.226370882107031,-0.649627320677884,0.146710926450337,0.264217341094812,"Not significant","Not significant"
680000,"Surkhet","Karnali","2002-2006",47.7782513709905,-0.536357005098119,-0.960652992434984,0.238202783643068,0.273031389223172,"Not significant","Not significant"
690000,"Bajura","Sudurpashchim","2002-2006",84.270952304577,1.23722727496315,1.96679295621215,0.0754313254253258,0.264217341094812,"Not significant","Not significant"
700000,"Bajhang","Sudurpashchim","2002-2006",101.317085697218,1.34578459858361,1.1780217631939,0.146813804565411,0.264217341094812,"Not significant","Not significant"
710000,"Darchula","Sudurpashchim","2002-2006",81.3300932028144,0.594137103419222,0.662413331385754,0.483064553227397,0.483064553227397,"Not significant","Not significant"
720000,"Baitadi","Sudurpashchim","2002-2006",39.8726775312454,-3.17681073815582,-3.10570585808342,0.216177824532119,0.264217341094812,"Not significant","Not significant"
730000,"Dadeldhura","Sudurpashchim","2002-2006",81.4786647575999,-0.311510406732074,-0.44196990495761,0.264954405831047,0.287344918999868,"Not significant","Not significant"
740000,"Doti","Sudurpashchim","2002-2006",71.642010432156,0.168281426896884,0.859963876494231,0.162135523725111,0.264217341094812,"Not significant","Not significant"
750000,"Achham","Sudurpashchim","2002-2006",59.9949026436485,-0.25565522119928,-1.32499486745295,0.163553886839916,0.264217341094812,"Not significant","Not significant"
760000,"Kailali","Sudurpashchim","2002-2006",68.0785832441131,0.07274399671335,0.691406328441523,0.0647201058636373,0.264217341094812,"Not significant","Not significant"
770000,"Kanchanpur","Sudurpashchim","2002-2006",69.4715635728007,0.2815296623506,1.11089692089479,0.381784756434183,0.386808240071474,"Not significant","Not significant"
10000,"Taplejung","Koshi","2007-2011",48.5591712885098,-0.120026535637293,-0.344013568147355,0.531745106360058,0.611110047607827,"Not significant","Not significant"
20000,"Sankhuwasabha","Koshi","2007-2011",50.5961993962195,0.11725566865391,1.32573226239079,0.390867307963934,0.591725262398379,"Not significant","Not significant"
30000,"Solukhumbu","Koshi","2007-2011",49.9441783356173,0.0326061838907072,0.258061008135611,0.270352264043331,0.585135554719434,"Not significant","Not significant"
40000,"Okhaldhunga","Koshi","2007-2011",49.8231297717298,-0.0339931247288804,-0.202877578315861,0.223936868075041,0.585135554719434,"Not significant","Not significant"
50000,"Khotang","Koshi","2007-2011",51.0933512927576,0.0372951836214179,0.70352299870155,0.444253371525393,0.597319679077317,"Not significant","Not significant"
60000,"Bhojpur","Koshi","2007-2011",48.4349732248698,0.197338367972457,0.746252148112415,0.310937334987842,0.585135554719434,"Not significant","Not significant"
70000,"Dhankuta","Koshi","2007-2011",46.8510171462337,0.2792002456765,0.868525088126445,0.152150780679042,0.585135554719434,"Not significant","Not significant"
80000,"Terhathum","Koshi","2007-2011",48.3644832303909,0.033054598428762,0.129683901346853,0.328138350452702,0.585135554719434,"Not significant","Not significant"
90000,"Panchthar","Koshi","2007-2011",59.4906977773555,-0.713021419623341,-1.08401332191624,0.262473634300244,0.585135554719434,"Not significant","Not significant"
100000,"Ilam","Koshi","2007-2011",52.0111522502427,0.0257649244166079,0.70765865003667,0.466491869661751,0.597319679077317,"Not significant","Not significant"
110000,"Jhapa","Koshi","2007-2011",53.2548628646046,-0.0614763126199309,-0.285132763344333,0.68119929042524,0.69936460483658,"Not significant","Not significant"
120000,"Morang","Koshi","2007-2011",49.0246147446457,0.0680640929440208,0.328422782075785,0.296402580741223,0.585135554719434,"Not significant","Not significant"
130000,"Sunsari","Koshi","2007-2011",42.9282190895363,0.874054635501184,1.16104510484152,0.364759826318608,0.585135554719434,"Not significant","Not significant"
140000,"Udayapur","Koshi","2007-2011",50.8132957784833,0.0422934310722473,0.810687002956147,0.295808537975204,0.585135554719434,"Not significant","Not significant"
150000,"Saptari","Madhesh","2007-2011",48.1153083731235,0.188674646843202,0.510077392514828,0.490922206948691,0.597319679077317,"Not significant","Not significant"
160000,"Siraha","Madhesh","2007-2011",56.543049051855,-0.179416550966606,-0.329601541289688,0.623083511736746,0.657225074023691,"Not significant","Not significant"
170000,"Dhanusha","Madhesh","2007-2011",52.802671636533,0.0376649521601658,0.364373593353122,0.337237447326949,0.585135554719434,"Not significant","Not significant"
180000,"Mahottari","Madhesh","2007-2011",48.0166024469328,-0.270115602179148,-0.678487889941785,0.564952528892027,0.633737229272315,"Not significant","Not significant"
190000,"Sarlahi","Madhesh","2007-2011",53.5304538978742,0.101066090151676,0.516825665713936,0.635899706144866,0.66167942396155,"Not significant","Not significant"
200000,"Rautahat","Madhesh","2007-2011",56.5740134678757,0.230958781255098,0.526953081558624,0.459586791218932,0.597319679077317,"Not significant","Not significant"
210000,"Bara","Madhesh","2007-2011",52.0226049777457,0.0274557722738124,0.725264800253277,0.496473499492835,0.597319679077317,"Not significant","Not significant"
220000,"Parsa","Madhesh","2007-2011",53.9428486511717,-0.233806189297806,-0.950554164067801,0.59810802725829,0.639643306929004,"Not significant","Not significant"
230000,"Dolakha","Bagmati","2007-2011",52.7449256380017,-0.062431409066286,-0.538247761475857,0.414242569949385,0.597319679077317,"Not significant","Not significant"
240000,"Sindhupalchok","Bagmati","2007-2011",45.9173244617841,0.280312905408253,0.672650381838781,0.180150163320072,0.585135554719434,"Not significant","Not significant"
250000,"Rasuwa","Bagmati","2007-2011",56.2609125470612,-0.126842536455736,-0.229159655369293,0.520166394927835,0.606860794082474,"Not significant","Not significant"
260000,"Dhading","Bagmati","2007-2011",56.8100295272823,-0.47145737441049,-1.20126743398349,0.35994622811029,0.585135554719434,"Not significant","Not significant"
270000,"Nuwakot","Bagmati","2007-2011",49.8231297717298,0.0770566068785818,0.44342843384142,0.195112600320205,0.585135554719434,"Not significant","Not significant"
280000,"Kathmandu","Bagmati","2007-2011",42.7417249933252,0.459058917703801,0.817273934694497,0.250400835167032,0.585135554719434,"Not significant","Not significant"
290000,"Bhaktapur","Bagmati","2007-2011",49.9416976056494,0.295321831662719,1.60182524574081,0.513648460903319,0.606860794082474,"Not significant","Not significant"
300000,"Lalitpur","Bagmati","2007-2011",51.2499013258794,0.0593399907043644,1.52361357323254,0.347774581307932,0.585135554719434,"Not significant","Not significant"
310000,"Kabhrepalanchok","Bagmati","2007-2011",45.8029950070417,0.31456559265328,0.822380328747579,0.259955427585094,0.585135554719434,"Not significant","Not significant"
320000,"Ramechhap","Bagmati","2007-2011",53.9694783114323,-0.135712885718992,-0.759793787770676,0.331065590358303,0.585135554719434,"Not significant","Not significant"
330000,"Sindhuli","Bagmati","2007-2011",55.2683484140078,-0.03022296151949,-0.126992149324759,0.132429221342159,0.585135554719434,"Not significant","Not significant"
340000,"Makawanpur","Bagmati","2007-2011",51.4620195844329,0.00647421082415435,0.502208335180785,0.205547595568899,0.585135554719434,"Not significant","Not significant"
350000,"Chitawan","Bagmati","2007-2011",42.3551961055339,0.131356094746126,0.254952068662464,0.352001907814357,0.585135554719434,"Not significant","Not significant"
360000,"Gorkha","Gandaki","2007-2011",51.0298216372501,0.00840403879847838,0.165741564619159,0.326029681070935,0.585135554719434,"Not significant","Not significant"
370000,"Manang","Gandaki","2007-2011",51.7012363339123,-0.000754530744160751,-0.299884080930884,0.588064520041125,0.637760113284037,"Not significant","Not significant"
380000,"Mustang","Gandaki","2007-2011",51.7012363339123,0.00310810215267714,0.940845125211487,0.461737557008354,0.597319679077317,"Not significant","Not significant"
390000,"Myagdi","Gandaki","2007-2011",53.5927161640858,-0.0241128874537766,-0.173836137725118,0.181050427961512,0.585135554719434,"Not significant","Not significant"
400000,"Kaski","Gandaki","2007-2011",43.3936889234795,0.184114578909221,0.352285028557656,0.283967794489018,0.585135554719434,"Not significant","Not significant"
410000,"Lamjung","Gandaki","2007-2011",54.8999018445676,-0.269412049392915,-0.89423847778848,0.298667562513128,0.585135554719434,"Not significant","Not significant"
420000,"Tanahu","Gandaki","2007-2011",50.6436068973107,0.137680450571787,1.93536411289641,0.275410251913574,0.585135554719434,"Not significant","Not significant"
430000,"Nawalparasi_e","Gandaki","2007-2011",43.6257232624046,0.940297779717469,1.31417674995927,0.35378928681682,0.585135554719434,"Not significant","Not significant"
440000,"Syangja","Gandaki","2007-2011",45.4019307307081,0.665442604256628,1.33301041499025,0.268209012169772,0.585135554719434,"Not significant","Not significant"
450000,"Parbat","Gandaki","2007-2011",49.8231297717298,0.230920492078189,1.53646542819259,0.328792939963271,0.585135554719434,"Not significant","Not significant"
460000,"Baglung","Gandaki","2007-2011",51.8076029248836,-0.00764524339648675,-0.75037864808818,0.296286348599897,0.585135554719434,"Not significant","Not significant"
470000,"Rukum_e","Lumbini","2007-2011",51.7012363339123,0.00136858933005313,0.562266300980481,0.346726246576192,0.585135554719434,"Not significant","Not significant"
480000,"Rolpa","Lumbini","2007-2011",53.4506141696075,-0.299176630468184,-2.20605545127229,0.177977527307684,0.585135554719434,"Not significant","Not significant"
490000,"Pyuthan","Lumbini","2007-2011",45.865175798425,0.75686353537248,1.61382505887813,0.303566180453652,0.585135554719434,"Not significant","Not significant"
500000,"Gulmi","Lumbini","2007-2011",45.5989919522452,0.533767284881048,1.22071003456248,0.298897805446809,0.585135554719434,"Not significant","Not significant"
510000,"Arghakhanchi","Lumbini","2007-2011",48.3308214545914,0.254644774988048,1.05289593377764,0.34303592776486,0.585135554719434,"Not significant","Not significant"
520000,"Palpa","Lumbini","2007-2011",53.1291471962776,-0.195755531060683,-1.94054619884779,0.286219885999163,0.585135554719434,"Not significant","Not significant"
530000,"Nawalparasi_w","Lumbini","2007-2011",46.6677976804794,0.266881179106301,0.524687066590088,0.492177822934009,0.597319679077317,"Not significant","Not significant"
540000,"Rupandehi","Lumbini","2007-2011",53.5046959252105,-0.000313180183176916,0.00924713451387539,0.56789440025701,0.633737229272315,"Not significant","Not significant"
550000,"Kapilbastu","Lumbini","2007-2011",58.5369650210766,-1.03025082449498,-1.42552837772555,0.581684790457487,0.637760113284037,"Not significant","Not significant"
560000,"Dang","Lumbini","2007-2011",39.803425357548,0.729723208615276,0.910556520368619,0.343841648256082,0.585135554719434,"Not significant","Not significant"
570000,"Banke","Lumbini","2007-2011",49.3319587489984,0.526917747821897,2.11399531557614,0.447217610916476,0.597319679077317,"Not significant","Not significant"
580000,"Bardiya","Lumbini","2007-2011",51.5827800590392,0.00553900769158361,0.683135928497287,0.315393211910388,0.585135554719434,"Not significant","Not significant"
590000,"Dolpa","Karnali","2007-2011",58.9607636943683,0.534606157562798,1.10408439405556,0.192953117157905,0.585135554719434,"Not significant","Not significant"
600000,"Mugu","Karnali","2007-2011",49.7325694014241,-0.265828843019675,-1.6724457405586,0.303382396320968,0.585135554719434,"Not significant","Not significant"
610000,"Humla","Karnali","2007-2011",56.2328877305108,0.847561703557674,1.80376421889067,0.486750662890168,0.597319679077317,"Not significant","Not significant"
620000,"Jumla","Karnali","2007-2011",55.8404770729458,0.922486972198369,2.40722453935037,0.428083313615461,0.597319679077317,"Not significant","Not significant"
630000,"Kalikot","Karnali","2007-2011",57.2300116833921,0.748129991695862,1.81699110513305,0.322581223084046,0.585135554719434,"Not significant","Not significant"
640000,"Dailekh","Karnali","2007-2011",55.5998854939573,0.529288060621329,1.47347738962967,0.431920145919956,0.597319679077317,"Not significant","Not significant"
650000,"Jajarkot","Karnali","2007-2011",67.0567880345233,-0.0080691046241102,0.0979945638800199,0.237749754618864,0.585135554719434,"Not significant","Not significant"
660000,"Rukum_w","Karnali","2007-2011",47.3263597003139,-0.478624502777631,-1.33398072488264,0.172185985532038,0.585135554719434,"Not significant","Not significant"
670000,"Salyan","Karnali","2007-2011",43.5510833088759,0.393009632264004,0.743555328879384,0.391921927043082,0.591725262398379,"Not significant","Not significant"
680000,"Surkhet","Karnali","2007-2011",43.0811502657654,-1.32819246324859,-2.18074368272154,0.312593310287568,0.585135554719434,"Not significant","Not significant"
690000,"Bajura","Sudurpashchim","2007-2011",50.4613236498399,-0.253389461206364,-2.79979589234578,0.150582952820391,0.585135554719434,"Not significant","Not significant"
700000,"Bajhang","Sudurpashchim","2007-2011",71.3807022929757,2.2639299884822,1.64976236081747,0.0457798399356983,0.585135554719434,"High-High","Not significant"
710000,"Darchula","Sudurpashchim","2007-2011",54.8374393107812,1.30388902762742,3.18631765737723,0.696090092121389,0.705249172280881,"Not significant","Not significant"
720000,"Baitadi","Sudurpashchim","2007-2011",56.4323883587456,1.30601668478417,2.99509730718797,0.344815842731356,0.585135554719434,"Not significant","Not significant"
730000,"Dadeldhura","Sudurpashchim","2007-2011",55.6104234695164,0.913611550868937,2.52211879979132,0.387828118975973,0.591725262398379,"Not significant","Not significant"
740000,"Doti","Sudurpashchim","2007-2011",57.4557441342435,0.942221818784194,2.33842770887966,0.32830747599994,0.585135554719434,"Not significant","Not significant"
750000,"Achham","Sudurpashchim","2007-2011",55.3281592785313,0.134699559874416,0.459492474541246,0.335596050466863,0.585135554719434,"Not significant","Not significant"
760000,"Kailali","Sudurpashchim","2007-2011",63.2809404523786,0.504298669523942,0.595149212931961,0.472948213172458,0.597319679077317,"Not significant","Not significant"
770000,"Kanchanpur","Sudurpashchim","2007-2011",57.0789708887143,1.41505238489672,2.0366682073746,0.773951474973675,0.773951474973675,"Not significant","Not significant"
10000,"Taplejung","Koshi","2012-2016",37.4906806402475,-0.217553579523429,-0.774604487609826,1.305255785075,1,"Not significant","Not significant"
20000,"Sankhuwasabha","Koshi","2012-2016",54.6084571240969,-0.339028260397254,-0.406528078976442,0.837029558953304,1,"Not significant","Not significant"
30000,"Solukhumbu","Koshi","2012-2016",44.740032442566,0.0249292025990668,0.132085679652718,0.796328403929475,1,"Not significant","Not significant"
40000,"Okhaldhunga","Koshi","2012-2016",48.428480540085,-0.0782823249478576,-0.178587607147414,0.86943255824684,1,"Not significant","Not significant"
50000,"Khotang","Koshi","2012-2016",36.9029924095268,0.0711330294426128,0.275350112218569,1.07486376036272,1,"Not significant","Not significant"
60000,"Bhojpur","Koshi","2012-2016",33.6831914581345,-0.136899248961355,-0.292345572294481,0.889536170721105,1,"Not significant","Not significant"
70000,"Dhankuta","Koshi","2012-2016",41.3616055750748,0.0000994273480209673,0.940180450265088,0.659800142842244,1,"Not significant","Not significant"
80000,"Terhathum","Koshi","2012-2016",41.677282673826,0.00786571113037561,0.376143958173885,1.34007519628201,1,"Not significant","Not significant"
90000,"Panchthar","Koshi","2012-2016",38.1623317666575,0.111566693361959,0.61941044571277,0.751237737532056,1,"Not significant","Not significant"
100000,"Ilam","Koshi","2012-2016",41.8212976424205,-0.0578368292038442,-1.70901329513184,1.55475302522004,1,"Not significant","Not significant"
110000,"Jhapa","Koshi","2012-2016",28.8620053837137,0.726929124118416,0.669802545806448,2.1033877568746,1,"Not significant","Not significant"
120000,"Morang","Koshi","2012-2016",33.758909287744,0.578154113193014,1.38342520116662,0.589696499933805,1,"Not significant","Not significant"
130000,"Sunsari","Koshi","2012-2016",33.2493061770362,0.714666268319367,1.4071883681452,1.29766906282577,1,"Not significant","Not significant"
140000,"Udayapur","Koshi","2012-2016",34.6831383850023,0.238633401026525,0.861265068431061,0.390679294678349,1,"Not significant","Not significant"
150000,"Saptari","Madhesh","2012-2016",33.9994865858493,0.790920647976515,1.48405811110953,1.35204185156271,1,"Not significant","Not significant"
160000,"Siraha","Madhesh","2012-2016",36.3564993953501,0.560929274207116,1.5264530781361,1.18417137325209,1,"Not significant","Not significant"
170000,"Dhanusha","Madhesh","2012-2016",34.7538562066163,-0.28115507423989,-0.641016963963932,0.987336523560586,1,"Not significant","Not significant"
180000,"Mahottari","Madhesh","2012-2016",51.0921430477237,0.587576781570859,0.854240036055209,1.82775075827259,1,"Not significant","Not significant"
190000,"Sarlahi","Madhesh","2012-2016",46.6935016585414,0.856872372917317,2.14148015864034,1.73273224681587,1,"Not significant","Not significant"
200000,"Rautahat","Madhesh","2012-2016",48.8622299227968,0.216888850533668,0.47638436059616,1.17169302067339,1,"Not significant","Not significant"
210000,"Bara","Madhesh","2012-2016",36.6025981592933,0.0770118244109174,0.226598419865755,1.50518685502787,1,"Not significant","Not significant"
220000,"Parsa","Madhesh","2012-2016",36.7571693383971,0.448780710123698,1.33187809201458,1.29578126725673,1,"Not significant","Not significant"
230000,"Dolakha","Bagmati","2012-2016",43.9749951982976,0.0273986839935905,0.150492014716753,1.693709481275,1,"Not significant","Not significant"
240000,"Sindhupalchok","Bagmati","2012-2016",47.9785925951346,-0.323290370105435,-0.902800426191915,0.812695112086182,1,"Not significant","Not significant"
250000,"Rasuwa","Bagmati","2012-2016",37.6482990857607,-0.224333629813006,-0.808514088515891,1.38627168569577,1,"Not significant","Not significant"
260000,"Dhading","Bagmati","2012-2016",44.0416662939891,-0.140481158601273,-0.999481053107733,0.756204827976686,1,"Not significant","Not significant"
270000,"Nuwakot","Bagmati","2012-2016",43.2036284517766,0.0315450662909853,0.247539269672561,1.15136846420288,1,"Not significant","Not significant"
280000,"Kathmandu","Bagmati","2012-2016",40.0015820884435,0.0414028383156337,0.63194034084083,0.633638127442453,1,"Not significant","Not significant"
290000,"Bhaktapur","Bagmati","2012-2016",35.2754185544186,0.449359588316585,1.02273343398767,1.26949962764922,1,"Not significant","Not significant"
300000,"Lalitpur","Bagmati","2012-2016",38.4571841651921,0.267962908415448,1.46376681584812,1.11375913365172,1,"Not significant","Not significant"
310000,"Kabhrepalanchok","Bagmati","2012-2016",32.0240900084261,0.114113201175827,0.298499293570391,0.466719839905446,1,"Not significant","Not significant"
320000,"Ramechhap","Bagmati","2012-2016",33.3073429485968,-0.496889917853189,-1.1563252852177,0.770909005805959,1,"Not significant","Not significant"
330000,"Sindhuli","Bagmati","2012-2016",53.7802364500738,-0.155774555886612,-0.247183718301608,0.472090804654015,1,"Not significant","Not significant"
340000,"Makawanpur","Bagmati","2012-2016",35.4895753603033,0.0818845716588689,0.341808454548563,0.352202000416749,1,"Not significant","Not significant"
350000,"Chitawan","Bagmati","2012-2016",34.0365819731143,0.458791107853584,1.22623752673287,0.889214913659068,1,"Not significant","Not significant"
360000,"Gorkha","Gandaki","2012-2016",38.4579125492116,0.130415150916301,0.786030655668697,0.956353766905814,1,"Not significant","Not significant"
370000,"Manang","Gandaki","2012-2016",41.2940821862755,0.00276063792886294,0.699169050111916,0.637232503524788,1,"Not significant","Not significant"
380000,"Mustang","Gandaki","2012-2016",44.0761643444231,-0.057284448006478,-0.272787129247014,1.20236456900547,1,"Not significant","Not significant"
390000,"Myagdi","Gandaki","2012-2016",39.0607721443435,-0.00148321773376614,-0.0190507596668367,0.526717147635102,1,"Not significant","Not significant"
400000,"Kaski","Gandaki","2012-2016",31.8070771307096,0.415459748107385,0.868733383270425,0.958745920281616,1,"Not significant","Not significant"
410000,"Lamjung","Gandaki","2012-2016",41.2441679524179,0.0104530332942162,1.36846479012361,1.08924974957079,1,"Not significant","Not significant"
420000,"Tanahu","Gandaki","2012-2016",32.4106970290732,0.919468727015329,2.14746857941449,0.685844833019717,1,"Not significant","Not significant"
430000,"Nawalparasi_e","Gandaki","2012-2016",37.9356962647362,0.376464455237766,1.7020380666866,1.20390954757985,1,"Not significant","Not significant"
440000,"Syangja","Gandaki","2012-2016",29.9975981644102,0.710716681366368,1.15618109933137,0.712626630479784,1,"Not significant","Not significant"
450000,"Parbat","Gandaki","2012-2016",48.1441175299893,-0.424302877227846,-1.07017596887319,0.7716505713906,1,"Not significant","Not significant"
460000,"Baglung","Gandaki","2012-2016",43.3655410381695,0.0470356536543034,0.44845388452407,0.739519134855708,1,"Not significant","Not significant"
470000,"Rukum_e","Lumbini","2012-2016",41.2940821862755,0.00131291940697351,0.318848929204474,0.726406309819722,1,"Not significant","Not significant"
480000,"Rolpa","Lumbini","2012-2016",42.356102944261,0.00700908652815339,0.13533463191875,0.880821935217223,1,"Not significant","Not significant"
490000,"Pyuthan","Lumbini","2012-2016",42.6348924825788,0.0205357450678842,0.28977014977866,1.21787272959764,1,"Not significant","Not significant"
500000,"Gulmi","Lumbini","2012-2016",43.3574860491941,-0.0635185171077553,-0.6021690333079,0.740985355504459,1,"Not significant","Not significant"
510000,"Arghakhanchi","Lumbini","2012-2016",40.4077339715745,-0.0006961502109029,0.000925391623267726,0.5972199626161,1,"Not significant","Not significant"
520000,"Palpa","Lumbini","2012-2016",31.8842420676986,0.574111516610806,1.29397343983083,0.699651405302186,1,"Not significant","Not significant"
530000,"Nawalparasi_w","Lumbini","2012-2016",40.1258482961875,0.1008145763968,1.10179458740169,1.27317155028022,1,"Not significant","Not significant"
540000,"Rupandehi","Lumbini","2012-2016",39.2557448048274,0.0344288480156058,0.261901030393969,1.13660077210626,1,"Not significant","Not significant"
550000,"Kapilbastu","Lumbini","2012-2016",49.0221416825413,-0.088520286523942,-0.115807615727433,1.56616483478627,1,"Not significant","Not significant"
560000,"Dang","Lumbini","2012-2016",42.2966558886457,0.0337122198545953,0.703915175927784,0.641715655347948,1,"Not significant","Not significant"
570000,"Banke","Lumbini","2012-2016",42.2966558886457,0.00284691287051502,0.0410124887049182,1.51051912630641,1,"Not significant","Not significant"
580000,"Bardiya","Lumbini","2012-2016",37.5660389417136,-0.136448482102513,-0.547611690663766,1.10343881616951,1,"Not significant","Not significant"
590000,"Dolpa","Karnali","2012-2016",39.8424341018569,-0.146051246532254,-1.96239308451718,0.667458753991315,1,"Not significant","Not significant"
600000,"Mugu","Karnali","2012-2016",48.7288631234977,0.809309426666982,1.9300902891757,0.943053300874987,1,"Not significant","Not significant"
610000,"Humla","Karnali","2012-2016",73.0500030581027,2.28918245858591,1.20954178546994,1.25101136650279,1,"Not significant","Not significant"
620000,"Jumla","Karnali","2012-2016",49.4518391796211,1.12199757067697,2.19901320161969,1.11654092293816,1,"Not significant","Not significant"
630000,"Kalikot","Karnali","2012-2016",39.1556206708958,-0.227446847100825,-1.96597120241848,0.828483841425304,1,"Not significant","Not significant"
640000,"Dailekh","Karnali","2012-2016",36.1906735143136,-0.479723469778191,-1.43053589774971,1.07814789266629,1,"Not significant","Not significant"
650000,"Jajarkot","Karnali","2012-2016",71.8318582363444,-0.518443637977318,-0.23779991936364,0.54845916588116,1,"Not significant","Not significant"
660000,"Rukum_w","Karnali","2012-2016",36.404824726442,-0.53731597007946,-1.89707241031065,0.859797869264052,1,"Not significant","Not significant"
670000,"Salyan","Karnali","2012-2016",44.7913099035683,0.156110079159904,0.945020309871822,0.523532389542424,1,"Not significant","Not significant"
680000,"Surkhet","Karnali","2012-2016",36.389089158727,-0.314365104242431,-1.27649900907591,0.652327029276112,1,"Not significant","Not significant"
690000,"Bajura","Sudurpashchim","2012-2016",39.086603221332,-0.23398424535362,-1.9700943621103,0.783759510587633,1,"Not significant","Not significant"
700000,"Bajhang","Sudurpashchim","2012-2016",49.5964956049823,0.99817013041894,2.13249088996106,0.970538659905269,1,"Not significant","Not significant"
710000,"Darchula","Sudurpashchim","2012-2016",58.1694042596381,0.816762757266407,0.604456046349251,3.0357961679437,1,"Not significant","Not significant"
720000,"Baitadi","Sudurpashchim","2012-2016",39.1050510371111,-0.171375364044078,-1.17408382300505,0.915320545503262,1,"Not significant","Not significant"
730000,"Dadeldhura","Sudurpashchim","2012-2016",41.6755062904537,0.000325598456612583,0.00526910775776199,1.29348614241698,1,"Not significant","Not significant"
740000,"Doti","Sudurpashchim","2012-2016",34.6662878934857,-0.124439735045063,-0.347873066056988,0.757772887610068,1,"Not significant","Not significant"
750000,"Achham","Sudurpashchim","2012-2016",40.8763830138346,0.0338311556242354,1.195830236457,0.611169951988241,1,"Not significant","Not significant"
760000,"Kailali","Sudurpashchim","2012-2016",50.8108331854323,-0.473189084058152,-0.837865539822376,0.984760970179655,1,"Not significant","Not significant"
770000,"Kanchanpur","Sudurpashchim","2012-2016",41.1297014301703,-0.0185833142695508,-0.891895776871868,2.08209952093387,1,"Not significant","Not significant"
10000,"Taplejung","Koshi","2017-2022",30.6603758534813,-0.174803212705739,-1.2477178925563,0.317531162662837,0.3941064678938,"Not significant","Not significant"
20000,"Sankhuwasabha","Koshi","2017-2022",31.9435243377653,0.0399265377056292,0.599572182353998,0.128060509709913,0.3941064678938,"Not significant","Not significant"
30000,"Solukhumbu","Koshi","2017-2022",34.5019489657423,0.18640551259515,0.527084092983955,0.231302006245445,0.3941064678938,"Not significant","Not significant"
40000,"Okhaldhunga","Koshi","2017-2022",29.6287532355572,-0.339996816604058,-1.32025538484543,0.223042740245523,0.3941064678938,"Not significant","Not significant"
50000,"Khotang","Koshi","2017-2022",35.0984285831228,0.536971078277804,1.02455681739645,0.205099870717437,0.3941064678938,"Not significant","Not significant"
60000,"Bhojpur","Koshi","2017-2022",31.9435243377653,0.113440490625355,1.69096221239524,0.163504372139776,0.3941064678938,"Not significant","Not significant"
70000,"Dhankuta","Koshi","2017-2022",32.0878014186527,0.115648373337815,1.54162386995823,0.152392762007976,0.3941064678938,"Not significant","Not significant"
80000,"Terhathum","Koshi","2017-2022",32.4542611438446,0.138937651676804,0.904953049992143,0.142498165077115,0.3941064678938,"Not significant","Not significant"
90000,"Panchthar","Koshi","2017-2022",37.1031441131834,-0.0647159649686981,-0.0393482239000417,0.176593018537416,0.3941064678938,"Not significant","Not significant"
100000,"Ilam","Koshi","2017-2022",32.015500333737,0.0325129316467827,0.339154460029138,0.397269502388334,0.43212551931623,"Not significant","Not significant"
110000,"Jhapa","Koshi","2017-2022",29.6967710641896,0.119031454627996,0.327313196446497,0.65076398556027,0.65076398556027,"Not significant","Not significant"
120000,"Morang","Koshi","2017-2022",29.4262992754987,-0.322710411957261,-1.13567030946561,0.239294103299044,0.3941064678938,"Not significant","Not significant"
130000,"Sunsari","Koshi","2017-2022",34.9513109751628,0.175143231483669,0.367246096693738,0.387873572140189,0.43212551931623,"Not significant","Not significant"
140000,"Udayapur","Koshi","2017-2022",36.091540171675,0.0839502697298349,0.2409556285117,0.11477384181218,0.3941064678938,"Not significant","Not significant"
150000,"Saptari","Madhesh","2017-2022",30.3643542377182,-0.213982031946427,-1.1184569667726,0.360857386192533,0.420484767214308,"Not significant","Not significant"
160000,"Siraha","Madhesh","2017-2022",29.6800582630036,-0.23127272713715,-0.721665810809957,0.398453400927952,0.43212551931623,"Not significant","Not significant"
170000,"Dhanusha","Madhesh","2017-2022",32.1250496990258,0.00152286487034158,0.0147738916197045,0.260823480615294,0.3941064678938,"Not significant","Not significant"
180000,"Mahottari","Madhesh","2017-2022",31.1860922451331,-0.0448585756718586,-0.949758295618922,0.236792328294364,0.3941064678938,"Not significant","Not significant"
190000,"Sarlahi","Madhesh","2017-2022",38.7345192905611,0.204138157382936,0.197729943264591,0.563013213693936,0.570421282295172,"Not significant","Not significant"
200000,"Rautahat","Madhesh","2017-2022",35.1288479804125,1.1627088650572,2.11071414486051,0.316633032059431,0.3941064678938,"Not significant","Not significant"
210000,"Bara","Madhesh","2017-2022",40.9756384192492,2.04197885127218,1.35399951131855,0.273282496304885,0.3941064678938,"Not significant","Not significant"
220000,"Parsa","Madhesh","2017-2022",35.3699536553238,0.881051737034379,1.29904976813329,0.371337197020428,0.420484767214308,"Not significant","Not significant"
230000,"Dolakha","Bagmati","2017-2022",31.3791611136105,-0.00842873898357965,-0.647939168652247,0.234432763819099,0.3941064678938,"Not significant","Not significant"
240000,"Sindhupalchok","Bagmati","2017-2022",30.9014527707298,0.0928799699913428,1.35479280185575,0.117005291042308,0.3941064678938,"Not significant","Not significant"
250000,"Rasuwa","Bagmati","2017-2022",30.8753814705508,0.112862973103995,1.09920512296188,0.322450746458563,0.3941064678938,"Not significant","Not significant"
260000,"Dhading","Bagmati","2017-2022",28.9496814166738,0.534289872558212,1.75216227175392,0.156735984082812,0.3941064678938,"Not significant","Not significant"
270000,"Nuwakot","Bagmati","2017-2022",28.1751490014783,0.650386031349876,1.32502116402017,0.135299514034625,0.3941064678938,"Not significant","Not significant"
280000,"Kathmandu","Bagmati","2017-2022",26.5183335971417,0.858087515011164,1.5651793479367,0.16909310049557,0.3941064678938,"Not significant","Not significant"
290000,"Bhaktapur","Bagmati","2017-2022",30.7317109015713,0.23075410241785,1.78135285731961,0.367649379266726,0.420484767214308,"Not significant","Not significant"
300000,"Lalitpur","Bagmati","2017-2022",29.3001349340869,0.478034306618131,1.45331751425459,0.15776894448612,0.3941064678938,"Not significant","Not significant"
310000,"Kabhrepalanchok","Bagmati","2017-2022",28.1751490014783,0.446445601432481,1.22922089405126,0.136980046808815,0.3941064678938,"Not significant","Not significant"
320000,"Ramechhap","Bagmati","2017-2022",32.6781824578738,-0.0980503947132366,-0.620249120506976,0.0433039685391448,0.3941064678938,"High-Low","Not significant"
330000,"Sindhuli","Bagmati","2017-2022",28.9496814166738,-0.295758361072918,-1.13476048692381,0.195425920486016,0.3941064678938,"Not significant","Not significant"
340000,"Makawanpur","Bagmati","2017-2022",30.7988837721671,-0.00106343993141846,0.0000810772153429806,0.046196040208887,0.3941064678938,"Low-High","Not significant"
350000,"Chitawan","Bagmati","2017-2022",29.8623293797342,0.14877735004619,0.764078369467505,0.0738211819153372,0.3941064678938,"Not significant","Not significant"
360000,"Gorkha","Gandaki","2017-2022",28.6642923794117,0.481735626414164,1.28138153579789,0.269478498311938,0.3941064678938,"Not significant","Not significant"
370000,"Manang","Gandaki","2017-2022",31.5388798259924,-0.017409291403272,-1.46046573867568,0.190029270183352,0.3941064678938,"Not significant","Not significant"
380000,"Mustang","Gandaki","2017-2022",31.3145677343569,0.0108301407087652,0.438038394331815,0.328328225432339,0.395019896223283,"Not significant","Not significant"
390000,"Myagdi","Gandaki","2017-2022",29.8970032611033,0.166634316055664,0.93328434164884,0.190907962566818,0.3941064678938,"Not significant","Not significant"
400000,"Kaski","Gandaki","2017-2022",26.6946680011226,0.842639577405471,1.47021526717383,0.14053050640243,0.3941064678938,"Not significant","Not significant"
410000,"Lamjung","Gandaki","2017-2022",29.8294864099227,0.419335812658238,1.69592538204267,0.0736699766658004,0.3941064678938,"Not significant","Not significant"
420000,"Tanahu","Gandaki","2017-2022",27.7606413970016,0.780892943493152,1.86126004063314,0.21756450021948,0.3941064678938,"Not significant","Not significant"
430000,"Nawalparasi_e","Gandaki","2017-2022",31.1139244675291,0.0589482385517452,1.14844444798871,0.318012917793428,0.3941064678938,"Not significant","Not significant"
440000,"Syangja","Gandaki","2017-2022",28.7266320756872,0.584542017020006,1.60039426208288,0.151605622171911,0.3941064678938,"Not significant","Not significant"
450000,"Parbat","Gandaki","2017-2022",29.4964253100152,0.304148546773787,1.15841775450351,0.26862088838304,0.3941064678938,"Not significant","Not significant"
460000,"Baglung","Gandaki","2017-2022",31.1139244675291,0.0338868215258964,0.810567697852244,0.197874414776645,0.3941064678938,"Not significant","Not significant"
470000,"Rukum_e","Lumbini","2017-2022",31.5388798259924,-0.0158071399921185,-1.34615806266662,0.14819574042105,0.3941064678938,"Not significant","Not significant"
480000,"Rolpa","Lumbini","2017-2022",28.3566088372444,0.291349185078383,0.798075125975308,0.279693058138088,0.3941064678938,"Not significant","Not significant"
490000,"Pyuthan","Lumbini","2017-2022",30.5034160083037,0.0540684175733969,0.433599287849538,0.300984917040422,0.3941064678938,"Not significant","Not significant"
500000,"Gulmi","Lumbini","2017-2022",32.4412876127069,-0.158912889362027,-1.28020240678262,0.295204980714808,0.3941064678938,"Not significant","Not significant"
510000,"Arghakhanchi","Lumbini","2017-2022",29.1707196694724,-0.0726658966603358,-0.224850044349298,0.267486483427188,0.3941064678938,"Not significant","Not significant"
520000,"Palpa","Lumbini","2017-2022",29.3001349340869,0.239290394997058,1.00025457929584,0.134386522610551,0.3941064678938,"Not significant","Not significant"
530000,"Nawalparasi_w","Lumbini","2017-2022",31.3706357686166,0.00696590086538377,0.496439958634636,0.462693626765348,0.483199097865991,"Not significant","Not significant"
540000,"Rupandehi","Lumbini","2017-2022",31.1860922451331,0.0106687255752865,0.274136779016377,0.208035046465382,0.3941064678938,"Not significant","Not significant"
550000,"Kapilbastu","Lumbini","2017-2022",34.2393027657135,-0.0770149155429891,-0.146946899538009,0.337946812626047,0.400336993418548,"Not significant","Not significant"
560000,"Dang","Lumbini","2017-2022",33.1059451742263,-0.173542482181113,-0.818588206269455,0.313539466689514,0.3941064678938,"Not significant","Not significant"
570000,"Banke","Lumbini","2017-2022",30.9440390270974,0.0823555224469013,0.920026525653689,0.464373158988095,0.483199097865991,"Not significant","Not significant"
580000,"Bardiya","Lumbini","2017-2022",27.3016057433999,0.224413184169885,0.37445211152479,0.261588385256633,0.3941064678938,"Not significant","Not significant"
590000,"Dolpa","Karnali","2017-2022",30.3783168815512,0.0264609464300239,0.210544249655502,0.118553532338165,0.3941064678938,"Not significant","Not significant"
600000,"Mugu","Karnali","2017-2022",30.5186946721728,-0.0378477850144681,-0.287004040275797,0.18589744520477,0.3941064678938,"Not significant","Not significant"
610000,"Humla","Karnali","2017-2022",35.7169974223609,-0.128930850085137,-0.139156104833502,0.294537357596559,0.3941064678938,"Not significant","Not significant"
620000,"Jumla","Karnali","2017-2022",28.9496814166738,-0.507654121531212,-1.31675860106926,0.142551787467719,0.3941064678938,"Not significant","Not significant"
630000,"Kalikot","Karnali","2017-2022",35.2330751541692,0.675418959491045,1.46219466973695,0.119061497828164,0.3941064678938,"Not significant","Not significant"
640000,"Dailekh","Karnali","2017-2022",31.1296782803285,-0.123280626437517,-2.53771249701846,0.276936321312852,0.3941064678938,"Not significant","Not significant"
650000,"Jajarkot","Karnali","2017-2022",38.4336773818475,-1.06901835828569,-1.27749309380625,0.056193625019378,0.3941064678938,"Not significant","Not significant"
660000,"Rukum_w","Karnali","2017-2022",27.6537836391755,-0.0106699596621415,0.00616909745757656,0.171884503319222,0.3941064678938,"Not significant","Not significant"
670000,"Salyan","Karnali","2017-2022",28.7061260718788,0.284354239069132,0.923330108492471,0.164108548424807,0.3941064678938,"Not significant","Not significant"
680000,"Surkhet","Karnali","2017-2022",26.5511921749077,-0.977593258528893,-1.6931048221677,0.27640598015487,0.3941064678938,"Not significant","Not significant"
690000,"Bajura","Sudurpashchim","2017-2022",29.1707196694724,-0.663633466324633,-2.3496074534944,0.132487237811144,0.3941064678938,"Not significant","Not significant"
700000,"Bajhang","Sudurpashchim","2017-2022",33.689243584333,-0.238840138993428,-0.76503095967151,0.225180577088522,0.3941064678938,"Not significant","Not significant"
710000,"Darchula","Sudurpashchim","2017-2022",27.8778223655022,0.130401755225212,0.19468078321589,0.502102083560288,0.515491472455229,"Not significant","Not significant"
720000,"Baitadi","Sudurpashchim","2017-2022",28.4283869960981,-0.285165509481938,-0.599283169287572,0.203126318416472,0.3941064678938,"Not significant","Not significant"
730000,"Dadeldhura","Sudurpashchim","2017-2022",38.0044854460246,-0.324358147287083,-0.281177391545813,0.224935142823306,0.3941064678938,"Not significant","Not significant"
740000,"Doti","Sudurpashchim","2017-2022",30.3078771325261,-0.227759063656419,-1.70362208668163,0.203021933103964,0.3941064678938,"Not significant","Not significant"
750000,"Achham","Sudurpashchim","2017-2022",42.0772988662021,-0.959054366609642,-0.602383061056702,0.023596428167143,0.3941064678938,"High-Low","Not significant"
760000,"Kailali","Sudurpashchim","2017-2022",37.2749863399355,-0.802468833228787,-0.989855960118572,0.303114735064866,0.3941064678938,"Not significant","Not significant"
770000,"Kanchanpur","Sudurpashchim","2017-2022",27.6619024530497,-2.17371292971694,-2.61766086466897,0.413612164213254,0.442335231172507,"Not significant","Not significant"
