"learner","bin","pred","obs","n"
"Elastic-net logistic regression",1,0.000546986765093008,0.000629425649095201,6355
"Elastic-net logistic regression",2,0.00108355391081826,0.00125904941768964,6354
"Elastic-net logistic regression",3,0.00157957263042151,0.00141643059490085,6354
"Elastic-net logistic regression",4,0.00212780868359975,0.0028328611898017,6354
"Elastic-net logistic regression",5,0.00274878923388874,0.00251809883537929,6354
"Elastic-net logistic regression",6,0.00351337548076552,0.00299024236701291,6354
"Elastic-net logistic regression",7,0.00454076438160863,0.00550834120239219,6354
"Elastic-net logistic regression",8,0.00615947938710335,0.0056657223796034,6354
"Elastic-net logistic regression",9,0.0114953437254145,0.0116462071136292,6354
"Elastic-net logistic regression",10,0.0362680660535823,0.0371419578218445,6354
"Random forest",1,0.000500118807036205,0.0011014948859166,6355
"Random forest",2,0.00102481642852394,0.00299024236701291,6354
"Random forest",3,0.00151470546907007,0.00141643059490085,6354
"Random forest",4,0.00202821601870606,0.00204595530374567,6354
"Random forest",5,0.00265212595444045,0.0028328611898017,6354
"Random forest",6,0.00346335968287084,0.00330500472143532,6354
"Random forest",7,0.0046322257835253,0.00456405413912496,6354
"Random forest",8,0.00676415993781833,0.00503619767075858,6354
"Random forest",9,0.012167119042035,0.0116462071136292,6354
"Random forest",10,0.0337329511857798,0.0366698142902109,6354
"Gradient boosting",1,0.000822402794327124,0.000629425649095201,6355
"Gradient boosting",2,0.00144174814076677,0.00110166824047844,6354
"Gradient boosting",3,0.00202696335659154,0.00204595530374567,6354
"Gradient boosting",4,0.00266442168378474,0.00251809883537929,6354
"Gradient boosting",5,0.00340258567850471,0.00267548001259049,6354
"Gradient boosting",6,0.00428048968005292,0.00393452943028014,6354
"Gradient boosting",7,0.0054062759469154,0.00472143531633617,6354
"Gradient boosting",8,0.00711792840014597,0.0056657223796034,6354
"Gradient boosting",9,0.0118750290226008,0.00960025180988354,6354
"Gradient boosting",10,0.0392240368435283,0.0387157695939566,6354
"Stacked ensemble",1,0.000564222547875344,0.000786782061369001,6355
"Stacked ensemble",2,0.00105603535347488,0.000944287063267233,6354
"Stacked ensemble",3,0.00152432712828551,0.00141643059490085,6354
"Stacked ensemble",4,0.0020360990851126,0.00314762354422411,6354
"Stacked ensemble",5,0.00263404984107258,0.00251809883537929,6354
"Stacked ensemble",6,0.00339415094523384,0.00330500472143532,6354
"Stacked ensemble",7,0.0044368860059208,0.00393452943028014,6354
"Stacked ensemble",8,0.00615748885643581,0.00598048473402581,6354
"Stacked ensemble",9,0.0116451272484446,0.011488825936418,6354
"Stacked ensemble",10,0.0394723938856693,0.0380862448851117,6354
