"max_depth","eta","subsample","colsample","min_child_weight","scale_pos_weight","nrounds","learner","roc_auc","pr_auc","num_trees","mtry","min_node","sample_fraction","pos_weight"
"4","0.011","0.71","0.93","5","1","400","Gradient boosting","0.805728013287995","0.057278806598746",NA,NA,NA,NA,NA
"3","0.022","0.69","0.97","5","1","600","Gradient boosting","0.81987423034805","0.0569084663679573",NA,NA,NA,NA,NA
"6","0.055","0.96","0.81","25","5","600","Gradient boosting","0.788418733558782","0.0483432970863367",NA,NA,NA,NA,NA
"3","0.151","0.62","0.59","25","20","400","Gradient boosting","0.797030971717861","0.0478052908545025",NA,NA,NA,NA,NA
"5","0.163","0.96","0.61","5","1","600","Gradient boosting","0.762406218902511","0.0422315898875296",NA,NA,NA,NA,NA
"6","0.192","0.99","0.65","1","1","400","Gradient boosting","0.75028343321529","0.0447110658377597",NA,NA,NA,NA,NA
"3","0.013","0.99","0.58","25","20","400","Gradient boosting","0.816653778585828","0.0575993525820742",NA,NA,NA,NA,NA
"4","0.023","0.72","0.53","25","1","600","Gradient boosting","0.820592351424049","0.052081571811558",NA,NA,NA,NA,NA
"5","0.011","0.8","0.61","10","20","600","Gradient boosting","0.819120557794637","0.0621252824560176",NA,NA,NA,NA,NA
"2","0.096","0.67","0.91","10","20","200","Gradient boosting","0.818718700087844","0.0546576173794911",NA,NA,NA,NA,NA
"5","0.097","0.89","0.96","5","20","200","Gradient boosting","0.796790959028719","0.0519637287885264",NA,NA,NA,NA,NA
"2","0.016","0.83","0.53","5","20","200","Gradient boosting","0.810859330150109","0.0533045376214099",NA,NA,NA,NA,NA
"0",NA,NA,NA,NA,NA,NA,"Random forest","0.790697057764019","0.0518133320865904","500","14","50","0.73","20"
"15",NA,NA,NA,NA,NA,NA,"Random forest","0.805484568782028","0.0598653904385568","500","6","25","0.87","20"
"6",NA,NA,NA,NA,NA,NA,"Random forest","0.814985982636937","0.0552326256202381","500","12","50","0.99","20"
"0",NA,NA,NA,NA,NA,NA,"Random forest","0.807939336631953","0.0606992456795734","500","3","100","0.98","5"
"6",NA,NA,NA,NA,NA,NA,"Random forest","0.814890615664721","0.0562595091265066","500","7","10","0.97","5"
"0",NA,NA,NA,NA,NA,NA,"Random forest","0.790554141361039","0.051559766839928","500","14","50","0.77","5"
