"stratum","rate","moran_I","moran_p","geary_C","geary_p","eb_index","eb_p"
"2002-2022 (pooled)","Empirical-Bayes",0.281921716722176,0.0001,0.75461067379873,0.00229999999999997,0.307253734234207,0.0001
"2002-2022 (pooled)","Raw",0.249294766600391,0.0005,0.744697210783912,0.00160000000000005,NA,NA
"2002-2006","Empirical-Bayes",0.0229517637574342,0.2994,1.02816752309048,0.6286,0.0527879751177079,0.1796
"2002-2006","Raw",0.0476522081859641,0.2038,0.957941294097053,0.2881,NA,NA
"2007-2011","Empirical-Bayes",0.198969625301058,0.0031,0.873240440990769,0.0646,0.181076667615998,0.0052
"2007-2011","Raw",0.0777499839072719,0.11,0.959903248094697,0.3027,NA,NA
"2012-2016","Empirical-Bayes",0.138051344681825,0.0236,0.835736605971742,0.0321,0.113274555371964,0.0478
"2012-2016","Raw",0.049214673156301,0.1856,0.865903250508876,0.0666,NA,NA
"2017-2022","Empirical-Bayes",0.0552499518922544,0.1671,0.933187928863309,0.1962,0.101747375029798,0.0656
"2017-2022","Raw",0.187871397402225,0.006,0.82879431912083,0.0202,NA,NA
