"column","value","yhat","variable","label"
"bi_num",12,0.144315632653562,"bi_num","Preceding birth interval (months)"
"bi_num",17,0.127000638628262,"bi_num","Preceding birth interval (months)"
"bi_num",19,0.119729113997892,"bi_num","Preceding birth interval (months)"
"bi_num",22,0.109649491196615,"bi_num","Preceding birth interval (months)"
"bi_num",23,0.105088118559176,"bi_num","Preceding birth interval (months)"
"bi_num",25,0.0995517248259081,"bi_num","Preceding birth interval (months)"
"bi_num",27,0.0953077055441992,"bi_num","Preceding birth interval (months)"
"bi_num",29,0.0957368723683602,"bi_num","Preceding birth interval (months)"
"bi_num",31,0.09249751578401,"bi_num","Preceding birth interval (months)"
"bi_num",34,0.0839156985517048,"bi_num","Preceding birth interval (months)"
"bi_num",36,0.0812217421005402,"bi_num","Preceding birth interval (months)"
"bi_num",39,0.08070717021788,"bi_num","Preceding birth interval (months)"
"bi_num",42,0.0666853599225326,"bi_num","Preceding birth interval (months)"
"bi_num",46,0.0642783952246808,"bi_num","Preceding birth interval (months)"
"bi_num",50,0.065808212753719,"bi_num","Preceding birth interval (months)"
"bi_num",55,0.0660751319296348,"bi_num","Preceding birth interval (months)"
"bi_num",61,0.0711005921936516,"bi_num","Preceding birth interval (months)"
"bi_num",69,0.0580427738116899,"bi_num","Preceding birth interval (months)"
"bi_num",84,0.0565831002839996,"bi_num","Preceding birth interval (months)"
"bi_num",118,0.0604479264277344,"bi_num","Preceding birth interval (months)"
"mage_birth",16.333,0.131042705618699,"mage_birth","Maternal age at birth (years)"
"mage_birth",17.75,0.104888881233544,"mage_birth","Maternal age at birth (years)"
"mage_birth",18.667,0.0966218955099117,"mage_birth","Maternal age at birth (years)"
"mage_birth",19.417,0.0956590257251325,"mage_birth","Maternal age at birth (years)"
"mage_birth",20,0.0948133084425703,"mage_birth","Maternal age at birth (years)"
"mage_birth",20.667,0.0936220548338878,"mage_birth","Maternal age at birth (years)"
"mage_birth",21.333,0.0942018156553153,"mage_birth","Maternal age at birth (years)"
"mage_birth",21.917,0.0921621778795961,"mage_birth","Maternal age at birth (years)"
"mage_birth",22.5,0.0919943336741456,"mage_birth","Maternal age at birth (years)"
"mage_birth",23.167,0.092342475463807,"mage_birth","Maternal age at birth (years)"
"mage_birth",23.833,0.0915980835684886,"mage_birth","Maternal age at birth (years)"
"mage_birth",24.583,0.0909584640085076,"mage_birth","Maternal age at birth (years)"
"mage_birth",25.333,0.0917408841125978,"mage_birth","Maternal age at birth (years)"
"mage_birth",26.25,0.0925941032301402,"mage_birth","Maternal age at birth (years)"
"mage_birth",27.167,0.0925445333054755,"mage_birth","Maternal age at birth (years)"
"mage_birth",28.25,0.0936609680298095,"mage_birth","Maternal age at birth (years)"
"mage_birth",29.667,0.093293239354187,"mage_birth","Maternal age at birth (years)"
"mage_birth",31.417,0.0931381686403183,"mage_birth","Maternal age at birth (years)"
"mage_birth",33.917,0.0973868513932607,"mage_birth","Maternal age at birth (years)"
"mage_birth",38.5,0.0962627310310956,"mage_birth","Maternal age at birth (years)"
"medu_years",0,0.111057660114191,"medu_years","Maternal years of schooling"
"medu_years",2,0.111426993524376,"medu_years","Maternal years of schooling"
"medu_years",4,0.0943891505740971,"medu_years","Maternal years of schooling"
"medu_years",5,0.0887207442002992,"medu_years","Maternal years of schooling"
"medu_years",6,0.0890219595210394,"medu_years","Maternal years of schooling"
"medu_years",7,0.0857454899633536,"medu_years","Maternal years of schooling"
"medu_years",8,0.0848939892037616,"medu_years","Maternal years of schooling"
"medu_years",9,0.0838068048859558,"medu_years","Maternal years of schooling"
"medu_years",10,0.0793377722562213,"medu_years","Maternal years of schooling"
"medu_years",11,0.0709657413969204,"medu_years","Maternal years of schooling"
"medu_years",12,0.072372528220263,"medu_years","Maternal years of schooling"
"wealth_score",-0.97,0.101469253237654,"wealth_score","Household wealth index score"
"wealth_score",-0.898,0.0999956501734521,"wealth_score","Household wealth index score"
"wealth_score",-0.823,0.099812552131239,"wealth_score","Household wealth index score"
"wealth_score",-0.742,0.0979473788492847,"wealth_score","Household wealth index score"
"wealth_score",-0.653,0.0970921876790157,"wealth_score","Household wealth index score"
"wealth_score",-0.559,0.0979003133041318,"wealth_score","Household wealth index score"
"wealth_score",-0.461,0.0976933012870606,"wealth_score","Household wealth index score"
"wealth_score",-0.359,0.0968326760636332,"wealth_score","Household wealth index score"
"wealth_score",-0.25,0.0971574787297674,"wealth_score","Household wealth index score"
"wealth_score",-0.145,0.0959659283591512,"wealth_score","Household wealth index score"
"wealth_score",-0.03,0.0939984994543872,"wealth_score","Household wealth index score"
"wealth_score",0.098,0.0932656310434453,"wealth_score","Household wealth index score"
"wealth_score",0.248,0.0933536356963993,"wealth_score","Household wealth index score"
"wealth_score",0.411,0.090912683595228,"wealth_score","Household wealth index score"
"wealth_score",0.589,0.0924218517140796,"wealth_score","Household wealth index score"
"wealth_score",0.782,0.0903659854712974,"wealth_score","Household wealth index score"
"wealth_score",0.981,0.0868756663986947,"wealth_score","Household wealth index score"
"wealth_score",1.232,0.0835538901704752,"wealth_score","Household wealth index score"
"wealth_score",1.533,0.0814527295408538,"wealth_score","Household wealth index score"
"wealth_score",2.082,0.0804129192430836,"wealth_score","Household wealth index score"
"alt_km",0.075,0.091482235519782,"alt_km","Altitude (km)"
"alt_km",0.086,0.0973995225667333,"alt_km","Altitude (km)"
"alt_km",0.093,0.0963535076629215,"alt_km","Altitude (km)"
"alt_km",0.103,0.0996752746069338,"alt_km","Altitude (km)"
"alt_km",0.115,0.100955758225972,"alt_km","Altitude (km)"
"alt_km",0.134,0.0992753478009875,"alt_km","Altitude (km)"
"alt_km",0.155,0.0981943196960492,"alt_km","Altitude (km)"
"alt_km",0.181,0.0937513520933921,"alt_km","Altitude (km)"
"alt_km",0.216,0.0927109007193552,"alt_km","Altitude (km)"
"alt_km",0.477,0.0928847501520455,"alt_km","Altitude (km)"
"alt_km",0.681,0.0934420992629447,"alt_km","Altitude (km)"
"alt_km",0.845,0.0952461602145728,"alt_km","Altitude (km)"
"alt_km",1.049,0.0919781002121978,"alt_km","Altitude (km)"
"alt_km",1.211,0.0932863314228753,"alt_km","Altitude (km)"
"alt_km",1.325,0.0961079016143767,"alt_km","Altitude (km)"
"alt_km",1.416,0.0971219422655879,"alt_km","Altitude (km)"
"alt_km",1.553,0.0959790441666342,"alt_km","Altitude (km)"
"alt_km",1.702,0.0959019595987086,"alt_km","Altitude (km)"
"alt_km",1.874,0.0990848813099476,"alt_km","Altitude (km)"
"alt_km",2.322,0.105842547196313,"alt_km","Altitude (km)"
"bord_num",1,0.093284748403534,"bord_num","Birth order"
"bord_num",2,0.0927912472538961,"bord_num","Birth order"
"bord_num",3,0.10431439082191,"bord_num","Birth order"
"bord_num",4,0.109181158163298,"bord_num","Birth order"
"bord_num",5,0.127761935898126,"bord_num","Birth order"
"bord_num",7,0.147321325303203,"bord_num","Birth order"
