"province","period","nnmr","imr","u5mr","births","deaths"
"Koshi","2002-2006",28.1900699334598,47.1809305457608,51.2611951583033,1264,69
"Koshi","2007-2011",25.599498378794,38.8229148405733,43.5604916490756,1576,69
"Koshi","2012-2016",17.9973940962207,24.0226608104879,30.6710336686253,1358,42
"Koshi","2017-2022",25.9360046318495,35.5934777624901,38.7724518694917,808,33
"Madhesh","2002-2006",42.4598565635774,58.704054632935,73.986126403166,607,43
"Madhesh","2007-2011",42.1634135089035,51.5323287001398,59.4043664884439,1628,89
"Madhesh","2012-2016",22.5462861990706,37.3324771865586,42.3511475676849,2065,83
"Madhesh","2017-2022",29.6631324997592,37.5466581947249,41.797084245639,1185,50
"Bagmati","2002-2006",16.0533993456257,28.1160796478194,38.1790610570006,834,36
"Bagmati","2007-2011",24.4711842610468,33.0030630504957,35.7180962557441,1046,44
"Bagmati","2012-2016",19.5457069465965,30.2449938270506,32.0262417417363,1082,40
"Bagmati","2017-2022",10.6737066861822,11.5856525717096,13.7428977877768,636,9
"Gandaki","2002-2006",43.4498170998848,58.6630237729366,66.9902337339916,491,32
"Gandaki","2007-2011",32.1342324374974,41.5804032827405,43.6809493203504,863,33
"Gandaki","2012-2016",12.2553644910165,22.6013941932196,27.876635388132,992,31
"Gandaki","2017-2022",0,3.53561494988597,9.95278299042313,435,4
"Lumbini","2002-2006",39.9626689722564,59.6603722895029,65.2133778431714,1059,69
"Lumbini","2007-2011",30.9944739039733,42.9996633052286,46.5181750166881,1587,70
"Lumbini","2012-2016",23.6139536297212,37.2336792897272,43.4496340540677,1523,63
"Lumbini","2017-2022",19.3173999789856,27.9299707927276,27.9299707927276,793,21
"Karnali","2002-2006",43.4698472885554,65.3389083245747,80.1573699310754,659,51
"Karnali","2007-2011",26.8028050782017,48.680157398029,55.7090925727235,1418,80
"Karnali","2012-2016",32.6978969337182,46.5023346361847,58.0930689566806,1526,84
"Karnali","2017-2022",18.8277525009001,23.5150761933641,28.6034784457764,864,26
"Sudurpashchim","2002-2006",44.2729337153781,72.3645653884529,87.7382400212645,1191,96
"Sudurpashchim","2007-2011",44.1965868996017,63.7392119309456,77.6981827846682,1669,121
"Sudurpashchim","2012-2016",32.3066488559361,40.3653615514067,50.145304180332,1407,68
"Sudurpashchim","2017-2022",21.65588317194,39.6338572612932,39.6338572612932,796,31
