"variable","level","nnmr","imr","u5mr","births","deaths"
"sex","Female",24.3509113777099,38.0911043661968,45.2533110351614,15035,682
"sex","Male",31.433867951189,42.8714937556374,49.2047204397129,16327,805
"residence","Rural",33.8993830171249,49.1248288590638,57.3078814859987,17916,1004
"residence","Urban",20.2166263674601,29.2125725899013,34.0625369902751,13446,483
"wealth","Middle",28.9388417551323,40.1139865447612,44.799388369711,5946,251
"wealth","Poorer",34.3862447393479,46.6253375855403,56.0317076328246,6583,340
"wealth","Poorest",33.0310701700025,51.4346404568137,60.7664358518468,9866,598
"wealth","Richer",24.372796716687,34.875153191653,40.4456430809295,5123,206
"wealth","Richest",13.3270950017962,20.9168450397967,23.563591801241,3844,92
"medu","None",35.5214384215963,51.7270226211838,60.8639851512407,12811,783
"medu","Primary",28.6615837510708,40.3977658453611,45.9590197316317,7997,363
"medu","Secondary or higher",18.3505116623047,26.9072947786591,30.9898149597064,10554,341
"ethnicity","Brahmin/Chhetri",23.180140526577,34.0706004316852,41.0469810770635,10754,492
"ethnicity","Dalit",35.3375294872341,52.915747161321,60.1723080637889,5644,309
"ethnicity","Janajati",27.5790964246717,39.101861734359,44.373314121018,8752,398
"ethnicity","Muslim",28.2871414793491,45.8453110074066,50.3252488601905,1583,72
"ethnicity","Newar",21.5465125525083,37.617478941309,38.3138869021021,662,24
"ethnicity","Other",26.8297927493764,42.7788676925317,42.7788676925317,59,3
"ethnicity","Terai/Madhesi other caste",30.4836338798096,39.868403096498,50.1599705014463,3908,189
"province","Bagmati",18.6422965250106,27.2862887117419,31.3305391839503,3598,129
"province","Gandaki",24.7747986099138,35.1607230584507,40.9318658466884,2781,100
"province","Karnali",30.3645556535008,46.8936587034084,57.4954835096194,4467,241
"province","Koshi",24.0526031618487,36.0179775963465,40.9798170391992,5006,213
"province","Lumbini",27.961968219125,41.3542631815775,45.801719005695,4962,223
"province","Madhesh",33.2242262675037,45.2467717544945,53.5016845379713,5485,265
"province","Sudurpashchim",37.5192166336324,55.8469429439713,67.7989072932327,5063,316
"birth_order","1",32.3899620829671,44.3794675860009,49.6845140852561,11219,563
"birth_order","2-3",21.8403791616469,33.2780791851495,38.1264820489503,13970,535
"birth_order","4-5",27.7400049085448,40.3567222878071,55.0274377149304,4345,234
"birth_order","6+",49.8775838300398,74.6790214793872,85.6777318737051,1828,155
"bi_cat","24-35 months",23.4444448920089,38.1205764166876,45.3765483598231,5676,251
"bi_cat","<24 months",49.3680548442775,71.0099914075245,82.6582240108571,4576,387
"bi_cat",">=36 months",15.2658922461264,23.020546121151,28.6544203217174,9837,280
"bi_cat","First birth",32.6079745007295,44.537364198978,49.8157096103944,11273,569
"mage_cat","20-24",24.8169794419223,36.7704762373293,41.987191821782,12078,506
"mage_cat","25-29",23.0904095060163,34.201707222107,41.335584458926,7407,302
"mage_cat","30-34",24.8158479407141,38.0490394918505,44.7867896405389,3345,150
"mage_cat","35+",30.2621545618608,46.0020754748277,61.8131056044763,1706,104
"mage_cat","<20",40.2076378206299,54.2727361448863,60.9779794414231,6826,425
"multiple","Multiple",164.114516749073,205.47175785468,211.235834334491,410,95
"multiple","Singleton",26.2167815281258,38.3802824319113,45.1263659622589,30952,1392
"water_imp","Improved",27.606174601821,39.5855849941978,46.2488984137533,27250,1257
"water_imp","Not recorded",32.5594000344535,51.0681890834676,55.8892330484949,1620,81
"water_imp","Unimproved",29.8260940441302,45.4036633844579,54.5166384411775,2492,149
"sanit_imp","Improved",23.4296537339087,34.0815229616074,39.050553314844,21499,893
"sanit_imp","Not recorded",32.5594000344535,51.0681890834676,55.8892330484949,1620,81
"sanit_imp","Unimproved",37.500224248607,53.2590298845678,64.3715230803095,8243,513
"electricity","No",37.321140074543,55.9451583323822,67.4952883796255,5355,346
"electricity","Not recorded",32.5594000344535,51.0681890834676,55.8892330484949,1620,81
"electricity","Yes",25.8615212240653,36.8149921816164,42.7128534707177,24387,1060
"clean_fuel","Clean",15.487653293812,23.0778837403053,26.6268368368395,6446,173
"clean_fuel","Not recorded",32.5594000344535,51.0681890834676,55.8892330484949,1620,81
"clean_fuel","Polluting",31.7936959054098,45.539286139013,53.4538706239789,23296,1233
"media","No",28.0169277423967,42.6213536552515,52.1673128474721,6549,346
"media","Yes",28.0270669135493,39.9901365036448,45.917809957821,24813,1141
"mwork","Employed",25.3754484974276,37.7593824141436,45.2345185312212,19686,929
"mwork","Not employed",31.6923347611985,44.486294981223,50.0269244354332,11676,558
"hh_head_f","Female",25.3682507940061,37.4991518935321,43.7643848543011,9922,440
"hh_head_f","Male",29.2011413129825,41.9335735056164,48.8908909670303,21440,1047
