"cluster_rank","dcode","district","period_from","period_to","rr","p_value"
1,600000,"Mugu","2007-2011","2012-2016",1.63,0.001
1,610000,"Humla","2007-2011","2012-2016",1.63,0.001
1,620000,"Jumla","2007-2011","2012-2016",1.63,0.001
1,630000,"Kalikot","2007-2011","2012-2016",1.63,0.001
1,640000,"Dailekh","2007-2011","2012-2016",1.63,0.001
1,650000,"Jajarkot","2007-2011","2012-2016",1.63,0.001
1,690000,"Bajura","2007-2011","2012-2016",1.63,0.001
1,700000,"Bajhang","2007-2011","2012-2016",1.63,0.001
1,710000,"Darchula","2007-2011","2012-2016",1.63,0.001
1,750000,"Achham","2007-2011","2012-2016",1.63,0.001
2,460000,"Baglung","2002-2006","2002-2006",1.86,0.831
2,470000,"Rukum_e","2002-2006","2002-2006",1.86,0.831
2,480000,"Rolpa","2002-2006","2002-2006",1.86,0.831
2,590000,"Dolpa","2002-2006","2002-2006",1.86,0.831
2,660000,"Rukum_w","2002-2006","2002-2006",1.86,0.831
3,180000,"Mahottari","2012-2016","2017-2022",1.43,0.873
3,190000,"Sarlahi","2012-2016","2017-2022",1.43,0.873
3,200000,"Rautahat","2012-2016","2017-2022",1.43,0.873
3,330000,"Sindhuli","2012-2016","2017-2022",1.43,0.873
4,720000,"Baitadi","2007-2011","2007-2011",1.39,0.984
4,730000,"Dadeldhura","2007-2011","2007-2011",1.39,0.984
4,740000,"Doti","2007-2011","2007-2011",1.39,0.984
4,760000,"Kailali","2007-2011","2007-2011",1.39,0.984
4,770000,"Kanchanpur","2007-2011","2007-2011",1.39,0.984
5,210000,"Bara","2017-2022","2017-2022",1.95,1
5,220000,"Parsa","2017-2022","2017-2022",1.95,1
6,10000,"Taplejung","2017-2022","2017-2022",1.67,1
6,20000,"Sankhuwasabha","2017-2022","2017-2022",1.67,1
6,30000,"Solukhumbu","2017-2022","2017-2022",1.67,1
6,40000,"Okhaldhunga","2017-2022","2017-2022",1.67,1
6,50000,"Khotang","2017-2022","2017-2022",1.67,1
6,60000,"Bhojpur","2017-2022","2017-2022",1.67,1
6,70000,"Dhankuta","2017-2022","2017-2022",1.67,1
6,80000,"Terhathum","2017-2022","2017-2022",1.67,1
6,90000,"Panchthar","2017-2022","2017-2022",1.67,1
6,130000,"Sunsari","2017-2022","2017-2022",1.67,1
6,140000,"Udayapur","2017-2022","2017-2022",1.67,1
7,100000,"Ilam","2002-2006","2002-2006",2,1
8,550000,"Kapilbastu","2007-2011","2012-2016",1.41,1
