"province","variable","mean_abs_shap","rel"
"Koshi","alt_km",0.045789113570282,0.0200661339141503
"Koshi","bi_num",0.241535858649525,0.105848104643726
"Koshi","bord_num",0.081117242600355,0.035547957273009
"Koshi","clean_fuel",0.0104644819550812,0.00458584322517113
"Koshi","electricity",0.010936861112936,0.00479285364098139
"Koshi","ethnicity",0.0303099892308748,0.0132827271685365
"Koshi","hh_head_f",0.00924261619410429,0.00405038577528524
"Koshi","mage_birth",0.0783304147807677,0.0343266875024622
"Koshi","media",0.00734932075915236,0.00322068812939214
"Koshi","medu_years",0.17896670406892,0.0784284641044413
"Koshi","multiple",0.0362772257915294,0.0158977454247803
"Koshi","mwork",0.022740761579087,0.00996566938242461
"Koshi","period",0.0593866453400968,0.0260249715530624
"Koshi","province",0.0510846605872412,0.0223867980918458
"Koshi","residence",0.0669745388294248,0.0293502092572049
"Koshi","round",0.0275497141941957,0.0120730936070378
"Koshi","sanit_imp",0.0248842663090623,0.0109050160874286
"Koshi","seg_f",1.17752384332038,0.516025519710145
"Koshi","sex",0.0127224819857361,0.00557536513246312
"Koshi","water_imp",0.00913756928095066,0.00400435113381149
"Koshi","wealth_score",0.0995857860543801,0.0436414152426407
"Madhesh","alt_km",0.0359226906071582,0.0158075057430471
"Madhesh","bi_num",0.225311540085014,0.0991466230304845
"Madhesh","bord_num",0.0748252913618998,0.0329262981958458
"Madhesh","clean_fuel",0.00970322075683348,0.00426982821295503
"Madhesh","electricity",0.0157615578604343,0.00693575320186445
"Madhesh","ethnicity",0.0504680499116572,0.022208080055672
"Madhesh","hh_head_f",0.00745838761193028,0.00328200652614718
"Madhesh","mage_birth",0.0845642086705357,0.0372118344038894
"Madhesh","media",0.0110100505259728,0.00484488867562366
"Madhesh","medu_years",0.159244654851661,0.0700743945837834
"Madhesh","multiple",0.0333059270806373,0.0146560189313818
"Madhesh","mwork",0.027924221967073,0.0122878406838119
"Madhesh","period",0.0650911640667192,0.028642869796653
"Madhesh","province",0.0602421947193979,0.0265091178557456
"Madhesh","residence",0.0636464786893116,0.0280071470260509
"Madhesh","round",0.0329125477868094,0.0144829153764621
"Madhesh","sanit_imp",0.0312247457468396,0.0137402109746199
"Madhesh","seg_f",1.17165904801639,0.515579618825142
"Madhesh","sex",0.0104292838590334,0.00458932673781089
"Madhesh","water_imp",0.00982148989200507,0.00432187164293902
"Madhesh","wealth_score",0.0919817106510245,0.0404758495200699
"Bagmati","alt_km",0.0572136369956459,0.0239465046611792
"Bagmati","bi_num",0.243342771379668,0.101849997921841
"Bagmati","bord_num",0.0849955924274994,0.0355745143487329
"Bagmati","clean_fuel",0.0136475034289922,0.00571209980062432
"Bagmati","electricity",0.0100080089214301,0.00418880611110925
"Bagmati","ethnicity",0.0274637644643162,0.011494832321328
"Bagmati","hh_head_f",0.00820179761538444,0.00343282467502981
"Bagmati","mage_birth",0.0784933777389297,0.032853042291998
"Bagmati","media",0.00877488939817853,0.00367268960529122
"Bagmati","medu_years",0.185099868072105,0.0774726985790053
"Bagmati","multiple",0.0332249232438309,0.0139061388351568
"Bagmati","mwork",0.0211548533033349,0.00885426656713718
"Bagmati","period",0.0634979509025041,0.0265767753477699
"Bagmati","province",0.113301389232707,0.0474217754341606
"Bagmati","residence",0.0768041421647275,0.0321460205105556
"Bagmati","round",0.0267909706372971,0.0112132375589472
"Bagmati","sanit_imp",0.02485673234843,0.0104036710179544
"Bagmati","seg_f",1.16403103123001,0.487199835193625
"Bagmati","sex",0.0200727029547693,0.00840133751513523
"Bagmati","water_imp",0.00798550935060545,0.00334229821643249
"Bagmati","wealth_score",0.120265646976703,0.0503366334869868
"Gandaki","alt_km",0.0486103083642119,0.0208209931243289
"Gandaki","bi_num",0.24222590835405,0.103751326459123
"Gandaki","bord_num",0.078218826851827,0.033503051325508
"Gandaki","clean_fuel",0.0135811637824963,0.00581714717004193
"Gandaki","electricity",0.0104429480936563,0.00447297204590087
"Gandaki","ethnicity",0.0282840295368162,0.0121147469401352
"Gandaki","hh_head_f",0.0106418994161885,0.00455818780070504
"Gandaki","mage_birth",0.0785062906142045,0.0336261791397796
"Gandaki","media",0.00731566479600952,0.00313347953434812
"Gandaki","medu_years",0.191637601585644,0.0820831078684364
"Gandaki","multiple",0.0363521191915793,0.0155705085857858
"Gandaki","mwork",0.0181995535895629,0.00779531734946004
"Gandaki","period",0.0639734048208866,0.0274013859763176
"Gandaki","province",0.0707912319394714,0.030321629363694
"Gandaki","residence",0.0773622115787153,0.0331361418918541
"Gandaki","round",0.0322663439163646,0.0138204703372025
"Gandaki","sanit_imp",0.0220099410503101,0.00942740020988591
"Gandaki","seg_f",1.17403897751978,0.502869829491354
"Gandaki","sex",0.0124916450169386,0.00535047943042302
"Gandaki","water_imp",0.0105663913935165,0.00452584585362033
"Gandaki","wealth_score",0.107161239787907,0.045899800102096
"Lumbini","alt_km",0.0362226543821307,0.0156271949728314
"Lumbini","bi_num",0.252113822027728,0.108767066339473
"Lumbini","bord_num",0.0795154416590512,0.0343045900791244
"Lumbini","clean_fuel",0.0110694021974737,0.00477556681925401
"Lumbini","electricity",0.0127727796036538,0.00551043871897389
"Lumbini","ethnicity",0.0366996448793104,0.015832978442507
"Lumbini","hh_head_f",0.00857756697780637,0.00370053807047411
"Lumbini","mage_birth",0.0812412518360865,0.0350491399356344
"Lumbini","media",0.00782053407858889,0.00337393857304038
"Lumbini","medu_years",0.174320835458075,0.075205578663337
"Lumbini","multiple",0.0353013378212146,0.0152297201390645
"Lumbini","mwork",0.0266201939494641,0.0114844968751954
"Lumbini","period",0.0594842696797403,0.0256627322309201
"Lumbini","province",0.0634623956599804,0.0273789772543761
"Lumbini","residence",0.0701075188485665,0.0302458194960023
"Lumbini","round",0.0286819957743429,0.0123740004099947
"Lumbini","sanit_imp",0.0261507263342871,0.0112819589308911
"Lumbini","seg_f",1.17491614559832,0.506882888545302
"Lumbini","sex",0.0111897383879165,0.00482748231640391
"Lumbini","water_imp",0.00984052637738002,0.004245404621989
"Lumbini","wealth_score",0.111815480955237,0.0482394885652115
"Karnali","alt_km",0.0750534172244313,0.0327632691299408
"Karnali","bi_num",0.223189537717101,0.0974295263511616
"Karnali","bord_num",0.090486448902644,0.0395002917607983
"Karnali","clean_fuel",0.00998181336411378,0.00435738770794893
"Karnali","electricity",0.0117159567805992,0.00511439797564042
"Karnali","ethnicity",0.0251819500492337,0.0109927440640398
"Karnali","hh_head_f",0.0107082771543706,0.00467451289096582
"Karnali","mage_birth",0.0841210746425959,0.0367215978957191
"Karnali","media",0.0089412884785358,0.00390316459428776
"Karnali","medu_years",0.175557025958658,0.0766363784867506
"Karnali","multiple",0.0346027677695068,0.0151052388418652
"Karnali","mwork",0.0295657428775956,0.0129064128822901
"Karnali","period",0.0662310478637099,0.0289120166164847
"Karnali","province",0.0553019610891803,0.0241411131109501
"Karnali","residence",0.065466772913946,0.0285783856267923
"Karnali","round",0.0313124570693907,0.013668910704178
"Karnali","sanit_imp",0.0209113201477718,0.00912847456119267
"Karnali","seg_f",1.12971309036889,0.493156679444631
"Karnali","sex",0.0136482416319092,0.00595790345427661
"Karnali","water_imp",0.0125253094247212,0.00546770685191856
"Karnali","wealth_score",0.116563752825781,0.0508838870481677
"Sudurpashchim","alt_km",0.0616831616494048,0.0262298928878614
"Sudurpashchim","bi_num",0.235767736444418,0.100256898446617
"Sudurpashchim","bord_num",0.0777053512426679,0.0330431026135396
"Sudurpashchim","clean_fuel",0.00847702350930954,0.00360473446417801
"Sudurpashchim","electricity",0.0106849701516655,0.00454363257482095
"Sudurpashchim","ethnicity",0.0225657698988634,0.00959577478767296
"Sudurpashchim","hh_head_f",0.00860431767024345,0.00365886450740641
"Sudurpashchim","mage_birth",0.0821869513629319,0.0349488397381846
"Sudurpashchim","media",0.00918740977704147,0.00390681618653725
"Sudurpashchim","medu_years",0.164392790286129,0.0699057111444844
"Sudurpashchim","multiple",0.0413123527925878,0.0175674942677906
"Sudurpashchim","mwork",0.0232358381439745,0.00988071184061976
"Sudurpashchim","period",0.0580842269171108,0.0246994967470957
"Sudurpashchim","province",0.145806368626522,0.0620020979660438
"Sudurpashchim","residence",0.0773946020669669,0.0329109609175617
"Sudurpashchim","round",0.0315920911996773,0.0134340903759281
"Sudurpashchim","sanit_imp",0.0262406942510746,0.0111584844405499
"Sudurpashchim","seg_f",1.15242257129572,0.490051414330062
"Sudurpashchim","sex",0.0129079652602142,0.00548892983307256
"Sudurpashchim","water_imp",0.00807782506666557,0.00343498096725016
"Sudurpashchim","wealth_score",0.0933060303536804,0.0396770709627236
