"term","estimate","std.error","statistic","p.value","conf.low","conf.high"
"(Intercept)",0.0143076466958991,0.183808002864265,-23.1054202454547,0.00000000000000000000000000000000000000000000000000000000000000000000000000000000000000000000000457183256890319,0.00997545100543126,0.0205212530103366
"seg_f1-2",0.176407418400419,0.0999589753951383,-17.3567113409402,0.000000000000000000000000000000000000000000000000000000000012822234199221,0.1449889161796,0.214634180920094
"seg_f3-5",0.133287356605286,0.121947475104821,-16.5255402273509,0.000000000000000000000000000000000000000000000000000000873588509538512,0.104922583103831,0.16932026361993
"seg_f6-11",0.139917657485278,0.120204558689804,-16.3612862246091,0.00000000000000000000000000000000000000000000000000000758949875587018,0.110519218592228,0.177136168039685
"seg_f12-23",0.0945065169810816,0.14080940281835,-16.7537567582813,0.0000000000000000000000000000000000000000000000000000000424339661803687,0.0716915891926303,0.124582002609779
"seg_f24-35",0.0595800180937546,0.195744727381496,-14.4087407397277,0.000000000000000000000000000000000000000000391647192693173,0.0405782061939674,0.0874799279959264
"seg_f36-47",0.0443431760729315,0.220586839461135,-14.1250332748743,0.000000000000000000000000000000000000000011908240306322,0.028764001793096,0.0683603511910142
"seg_f48-59",0.0278285797714766,0.304829415606629,-11.7498231917838,0.00000000000000000000000000000463653926829278,0.015301167059036,0.0506124695658494
"sexMale",1.12651660328896,0.0635153242987347,1.87561381326714,0.0609817244462118,0.994515926646505,1.27603754096214
"multipleMultiple",6.76916702616987,0.158297722547262,12.0808942138307,0.000000000000000000000000000000139330247458477,4.96179318850698,9.2348915981267
"birth_order2-3",0.435659511729985,0.112191178452099,-7.40605713021061,0.000000000000264053921297556,0.349575705521632,0.542941649442124
"birth_order4-5",0.483142146888445,0.156211615480092,-4.65678795021448,0.00000361704846792037,0.355595348190619,0.656438098213944
"birth_order6+",0.643671608078723,0.20260888522622,-2.1744683496265,0.0298895465249782,0.432520939357431,0.957903077853683
"bi_cat24-35 months",1.48285436460601,0.116669889136042,3.3767826301911,0.00075988942225149,1.17944018137537,1.86432266879949
"bi_cat<24 months",2.80019428865713,0.0966461613334558,10.6542131562502,0.000000000000000000000000295682927944185,2.31648346880385,3.38490999820382
"mage_cat<20",1.2115441746143,0.0858938469064893,2.23410325960326,0.0256831994912872,1.02363020735347,1.43395464152709
"mage_cat25-29",1.08848972607352,0.0926219441185736,0.915454365002688,0.360160377403992,0.90760042640387,1.30543116695317
"mage_cat30-34",1.02725942910664,0.15629149325269,0.172079152607643,0.863407994718444,0.755950246618378,1.39594098872121
"mage_cat35+",1.15975047809133,0.189265339188516,0.783053450365571,0.433769813265773,0.799978498555628,1.68132165284634
"meduPrimary",1.3468090311433,0.103308246657304,2.88203627054641,0.00403048642912845,1.09968887217353,1.64946159979231
"meduNone",1.54255642430272,0.1084915682397,3.99515891359967,0.0000690960532199162,1.24677417541905,1.90850947113806
"wealthRicher",1.38387155800043,0.166838948413334,1.94729738508642,0.0517616384172889,0.997517757002191,1.91986606313449
"wealthMiddle",1.33779477497796,0.183931744539763,1.58223132575756,0.113893677380123,0.932499009045191,1.91924585720562
"wealthPoorer",1.62053820704265,0.193105076675613,2.49997736439505,0.0125696252765101,1.10943259124278,2.36710558281259
"wealthPoorest",1.74739577829429,0.204422376100349,2.73026154735733,0.00643282305169098,1.17000754936943,2.60971991817176
"ethnicityTerai/Madhesi other caste",1.01789336869201,0.120285852874878,0.147441834065383,0.882811194876003,0.803893077196896,1.28886159044931
"ethnicityDalit",1.14258884796477,0.101326606086628,1.31551437654738,0.188620217761814,0.936574838419629,1.3939188006549
"ethnicityNewar",1.24331183118119,0.252551907527054,0.862312437131744,0.388709734690817,0.757465583753594,2.04078487882558
"ethnicityJanajati",0.960338485295035,0.0856036612586315,-0.472753936234478,0.636485608136842,0.811849374931845,1.13598659408488
"ethnicityMuslim",0.851740368606328,0.158216210896841,-1.01426730779376,0.310685585162551,0.624424768373141,1.16180794269859
"ethnicityOther",1.18741385479252,0.639373428269444,0.268665702025799,0.788238980948653,0.338647014893657,4.16348469215356
"residenceRural",1.24808033927011,0.0789322286438956,2.80755587543622,0.00508302824589178,1.06900285205732,1.45715657378721
"period2007-2011",0.880059172446786,0.0879618040088193,-1.4525183264872,0.146652085262413,0.740548424652435,1.04585212961762
"period2012-2016",0.751039675363491,0.107325144103699,-2.66756500501171,0.00775624697238188,0.608420181283021,0.927090539272746
"period2017-2022",0.631820171638107,0.125868455894944,-3.64785966910234,0.00027723892995808,0.493551145211358,0.808825454387014
"water_impUnimproved",0.839789265837989,0.127214357395443,-1.37252033651016,0.170190480765562,0.654277610757892,1.07790026652414
"sanit_impUnimproved",1.0601581802487,0.0872568036739844,0.669496488305556,0.503323934026973,0.893332301230054,1.25813805859326
"electricityNo",0.989614746395807,0.0963703350901285,-0.108327491391044,0.913756320935198,0.819110039272188,1.1956114555185
"clean_fuelPolluting",1.12141230871851,0.125111816733514,0.915891750642987,0.359931008404018,0.877301315600111,1.43344771492239
"hh_envNot recorded",1.28135046852037,0.170387587553408,1.4550037291158,0.145962900465305,0.917209913289481,1.79005808745461
"mediaYes",1.11872669121387,0.0833208340475088,1.34649583148373,0.178429154291096,0.949993172193597,1.31742989977962
"mworkEmployed",0.838133795980278,0.076432835025452,-2.31023133070244,0.0210657808491307,0.72140572297574,0.973749219879605
"hh_head_fFemale",0.938325616498282,0.0691471481973417,-0.920620050867641,0.357457311664311,0.819272631092605,1.07467884213669
